[0.000000] (-) TimerEvent: {}
[0.001781] (custom_msgs) JobQueued: {'identifier': 'custom_msgs', 'dependencies': OrderedDict()}
[0.002443] (my_cpp_pkg) JobQueued: {'identifier': 'my_cpp_pkg', 'dependencies': OrderedDict()}
[0.002918] (my_py_pkg) JobQueued: {'identifier': 'my_py_pkg', 'dependencies': OrderedDict()}
[0.003100] (estimator_pkg) JobQueued: {'identifier': 'estimator_pkg', 'dependencies': OrderedDict([('custom_msgs', '/home/dron/Praca-magisterska/ros2_ws/install/custom_msgs')])}
[0.003383] (flask_pkg) JobQueued: {'identifier': 'flask_pkg', 'dependencies': OrderedDict([('custom_msgs', '/home/dron/Praca-magisterska/ros2_ws/install/custom_msgs')])}
[0.003552] (flight_controller_pkg) JobQueued: {'identifier': 'flight_controller_pkg', 'dependencies': OrderedDict([('custom_msgs', '/home/dron/Praca-magisterska/ros2_ws/install/custom_msgs')])}
[0.003652] (log_data_pkg) JobQueued: {'identifier': 'log_data_pkg', 'dependencies': OrderedDict([('custom_msgs', '/home/dron/Praca-magisterska/ros2_ws/install/custom_msgs')])}
[0.003750] (um7_pkg) JobQueued: {'identifier': 'um7_pkg', 'dependencies': OrderedDict([('custom_msgs', '/home/dron/Praca-magisterska/ros2_ws/install/custom_msgs')])}
[0.003873] (custom_msgs) JobStarted: {'identifier': 'custom_msgs'}
[0.032513] (my_cpp_pkg) JobStarted: {'identifier': 'my_cpp_pkg'}
[0.053070] (my_py_pkg) JobStarted: {'identifier': 'my_py_pkg'}
[0.086817] (custom_msgs) JobProgress: {'identifier': 'custom_msgs', 'progress': 'cmake'}
[0.089743] (custom_msgs) Command: {'cmd': ['/usr/bin/cmake', '/home/dron/Praca-magisterska/ros2_ws/src/custom_msgs', '-DCMAKE_INSTALL_PREFIX=/home/dron/Praca-magisterska/ros2_ws/install/custom_msgs'], 'cwd': '/home/dron/Praca-magisterska/ros2_ws/build/custom_msgs', 'env': OrderedDict([('LESSOPEN', '| /usr/bin/lesspipe %s'), ('USER', 'dron'), ('SSH_CLIENT', 'fe80::73bc:b5b3:a668:f352%wlan0 51701 22'), ('XDG_SESSION_TYPE', 'tty'), ('SHLVL', '1'), ('LD_LIBRARY_PATH', '/opt/ros/humble/lib/aarch64-linux-gnu:/opt/ros/humble/lib:/home/dron/Praca-magisterska/ros2_ws/install/custom_msgs/lib'), ('MOTD_SHOWN', 'pam'), ('HOME', '/home/dron'), ('OLDPWD', '/home/dron/Praca-magisterska/ros2_ws/install'), ('SSH_TTY', '/dev/pts/0'), ('ROS_PYTHON_VERSION', '3'), ('PS1', '(venv) \\[\\e]0;\\u@\\h: \\w\\a\\]${debian_chroot:+($debian_chroot)}\\u@\\h:\\w\\$'), ('DBUS_SESSION_BUS_ADDRESS', 'unix:path=/run/user/1000/bus'), ('COLCON_PREFIX_PATH', '/home/dron/Praca-magisterska/ros2_ws/install'), ('ROS_DISTRO', 'humble'), ('LOGNAME', 'dron'), ('_', '/usr/bin/colcon'), ('ROS_VERSION', '2'), ('XDG_SESSION_CLASS', 'user'), ('TERM', 'xterm'), ('XDG_SESSION_ID', '1'), ('ROS_LOCALHOST_ONLY', '0'), ('PATH', '/opt/ros/humble/bin:/home/rosbot/ros2_ws/venv/bin:/usr/local/sbin:/usr/local/bin:/usr/sbin:/usr/bin:/sbin:/bin:/usr/games:/usr/local/games:/snap/bin'), ('XDG_RUNTIME_DIR', '/run/user/1000'), ('LANG', 'C.UTF-8'), ('VIRTUAL_ENV_PROMPT', '(venv)'), ('LS_COLORS', 'rs=0:di=01;34:ln=01;36:mh=00:pi=40;33:so=01;35:do=01;35:bd=40;33;01:cd=40;33;01:or=40;31;01:mi=00:su=37;41:sg=30;43:ca=30;41:tw=30;42:ow=34;42:st=37;44:ex=01;32:*.tar=01;31:*.tgz=01;31:*.arc=01;31:*.arj=01;31:*.taz=01;31:*.lha=01;31:*.lz4=01;31:*.lzh=01;31:*.lzma=01;31:*.tlz=01;31:*.txz=01;31:*.tzo=01;31:*.t7z=01;31:*.zip=01;31:*.z=01;31:*.dz=01;31:*.gz=01;31:*.lrz=01;31:*.lz=01;31:*.lzo=01;31:*.xz=01;31:*.zst=01;31:*.tzst=01;31:*.bz2=01;31:*.bz=01;31:*.tbz=01;31:*.tbz2=01;31:*.tz=01;31:*.deb=01;31:*.rpm=01;31:*.jar=01;31:*.war=01;31:*.ear=01;31:*.sar=01;31:*.rar=01;31:*.alz=01;31:*.ace=01;31:*.zoo=01;31:*.cpio=01;31:*.7z=01;31:*.rz=01;31:*.cab=01;31:*.wim=01;31:*.swm=01;31:*.dwm=01;31:*.esd=01;31:*.jpg=01;35:*.jpeg=01;35:*.mjpg=01;35:*.mjpeg=01;35:*.gif=01;35:*.bmp=01;35:*.pbm=01;35:*.pgm=01;35:*.ppm=01;35:*.tga=01;35:*.xbm=01;35:*.xpm=01;35:*.tif=01;35:*.tiff=01;35:*.png=01;35:*.svg=01;35:*.svgz=01;35:*.mng=01;35:*.pcx=01;35:*.mov=01;35:*.mpg=01;35:*.mpeg=01;35:*.m2v=01;35:*.mkv=01;35:*.webm=01;35:*.webp=01;35:*.ogm=01;35:*.mp4=01;35:*.m4v=01;35:*.mp4v=01;35:*.vob=01;35:*.qt=01;35:*.nuv=01;35:*.wmv=01;35:*.asf=01;35:*.rm=01;35:*.rmvb=01;35:*.flc=01;35:*.avi=01;35:*.fli=01;35:*.flv=01;35:*.gl=01;35:*.dl=01;35:*.xcf=01;35:*.xwd=01;35:*.yuv=01;35:*.cgm=01;35:*.emf=01;35:*.ogv=01;35:*.ogx=01;35:*.aac=00;36:*.au=00;36:*.flac=00;36:*.m4a=00;36:*.mid=00;36:*.midi=00;36:*.mka=00;36:*.mp3=00;36:*.mpc=00;36:*.ogg=00;36:*.ra=00;36:*.wav=00;36:*.oga=00;36:*.opus=00;36:*.spx=00;36:*.xspf=00;36:'), ('AMENT_PREFIX_PATH', '/opt/ros/humble:/home/dron/Praca-magisterska/ros2_ws/install/um7_pkg:/home/dron/Praca-magisterska/ros2_ws/install/my_py_pkg:/home/dron/Praca-magisterska/ros2_ws/install/my_cpp_pkg:/home/dron/Praca-magisterska/ros2_ws/install/log_data_pkg:/home/dron/Praca-magisterska/ros2_ws/install/flight_controller_pkg:/home/dron/Praca-magisterska/ros2_ws/install/flask_pkg:/home/dron/Praca-magisterska/ros2_ws/install/estimator_pkg:/home/dron/Praca-magisterska/ros2_ws/install/custom_msgs'), ('SHELL', '/bin/bash'), ('LESSCLOSE', '/usr/bin/lesspipe %s %s'), ('VIRTUAL_ENV', '/home/rosbot/ros2_ws/venv'), ('PWD', '/home/dron/Praca-magisterska/ros2_ws/build/custom_msgs'), ('SSH_CONNECTION', 'fe80::73bc:b5b3:a668:f352%wlan0 51701 fe80::da3a:ddff:fe3f:f331%wlan0 22'), ('XDG_DATA_DIRS', '/usr/local/share:/usr/share:/var/lib/snapd/desktop'), ('PYTHONPATH', '/opt/ros/humble/lib/python3.10/site-packages:/opt/ros/humble/local/lib/python3.10/dist-packages:/home/dron/Praca-magisterska/ros2_ws/install/um7_pkg/lib/python3.12/site-packages:/home/dron/Praca-magisterska/ros2_ws/install/my_py_pkg/lib/python3.12/site-packages:/home/dron/Praca-magisterska/ros2_ws/install/log_data_pkg/lib/python3.12/site-packages:/home/dron/Praca-magisterska/ros2_ws/install/flight_controller_pkg/lib/python3.12/site-packages:/home/dron/Praca-magisterska/ros2_ws/install/flask_pkg/lib/python3.12/site-packages:/home/dron/Praca-magisterska/ros2_ws/install/estimator_pkg/lib/python3.12/site-packages:/home/dron/Praca-magisterska/ros2_ws/install/custom_msgs/lib/python3.12/site-packages'), ('COLCON', '1'), ('CMAKE_PREFIX_PATH', '/home/dron/Praca-magisterska/ros2_ws/install/my_cpp_pkg:/home/dron/Praca-magisterska/ros2_ws/install/custom_msgs:/opt/ros/humble:/home/dron/Praca-magisterska/ros2_ws/install/um7_pkg:/home/dron/Praca-magisterska/ros2_ws/install/my_py_pkg:/home/dron/Praca-magisterska/ros2_ws/install/log_data_pkg:/home/dron/Praca-magisterska/ros2_ws/install/flight_controller_pkg:/home/dron/Praca-magisterska/ros2_ws/install/flask_pkg:/home/dron/Praca-magisterska/ros2_ws/install/estimator_pkg')]), 'shell': False}
[0.101499] (-) TimerEvent: {}
[0.103939] (my_cpp_pkg) JobProgress: {'identifier': 'my_cpp_pkg', 'progress': 'cmake'}
[0.106852] (my_cpp_pkg) Command: {'cmd': ['/usr/bin/cmake', '/home/dron/Praca-magisterska/ros2_ws/src/my_cpp_pkg', '-DCMAKE_INSTALL_PREFIX=/home/dron/Praca-magisterska/ros2_ws/install/my_cpp_pkg'], 'cwd': '/home/dron/Praca-magisterska/ros2_ws/build/my_cpp_pkg', 'env': OrderedDict([('LESSOPEN', '| /usr/bin/lesspipe %s'), ('USER', 'dron'), ('SSH_CLIENT', 'fe80::73bc:b5b3:a668:f352%wlan0 51701 22'), ('XDG_SESSION_TYPE', 'tty'), ('SHLVL', '1'), ('LD_LIBRARY_PATH', '/opt/ros/humble/lib/aarch64-linux-gnu:/opt/ros/humble/lib:/home/dron/Praca-magisterska/ros2_ws/install/custom_msgs/lib'), ('MOTD_SHOWN', 'pam'), ('HOME', '/home/dron'), ('OLDPWD', '/home/dron/Praca-magisterska/ros2_ws/install'), ('SSH_TTY', '/dev/pts/0'), ('ROS_PYTHON_VERSION', '3'), ('PS1', '(venv) \\[\\e]0;\\u@\\h: \\w\\a\\]${debian_chroot:+($debian_chroot)}\\u@\\h:\\w\\$'), ('DBUS_SESSION_BUS_ADDRESS', 'unix:path=/run/user/1000/bus'), ('COLCON_PREFIX_PATH', '/home/dron/Praca-magisterska/ros2_ws/install'), ('ROS_DISTRO', 'humble'), ('LOGNAME', 'dron'), ('_', '/usr/bin/colcon'), ('ROS_VERSION', '2'), ('XDG_SESSION_CLASS', 'user'), ('TERM', 'xterm'), ('XDG_SESSION_ID', '1'), ('ROS_LOCALHOST_ONLY', '0'), ('PATH', '/opt/ros/humble/bin:/home/rosbot/ros2_ws/venv/bin:/usr/local/sbin:/usr/local/bin:/usr/sbin:/usr/bin:/sbin:/bin:/usr/games:/usr/local/games:/snap/bin'), ('XDG_RUNTIME_DIR', '/run/user/1000'), ('LANG', 'C.UTF-8'), ('VIRTUAL_ENV_PROMPT', '(venv)'), ('LS_COLORS', 'rs=0:di=01;34:ln=01;36:mh=00:pi=40;33:so=01;35:do=01;35:bd=40;33;01:cd=40;33;01:or=40;31;01:mi=00:su=37;41:sg=30;43:ca=30;41:tw=30;42:ow=34;42:st=37;44:ex=01;32:*.tar=01;31:*.tgz=01;31:*.arc=01;31:*.arj=01;31:*.taz=01;31:*.lha=01;31:*.lz4=01;31:*.lzh=01;31:*.lzma=01;31:*.tlz=01;31:*.txz=01;31:*.tzo=01;31:*.t7z=01;31:*.zip=01;31:*.z=01;31:*.dz=01;31:*.gz=01;31:*.lrz=01;31:*.lz=01;31:*.lzo=01;31:*.xz=01;31:*.zst=01;31:*.tzst=01;31:*.bz2=01;31:*.bz=01;31:*.tbz=01;31:*.tbz2=01;31:*.tz=01;31:*.deb=01;31:*.rpm=01;31:*.jar=01;31:*.war=01;31:*.ear=01;31:*.sar=01;31:*.rar=01;31:*.alz=01;31:*.ace=01;31:*.zoo=01;31:*.cpio=01;31:*.7z=01;31:*.rz=01;31:*.cab=01;31:*.wim=01;31:*.swm=01;31:*.dwm=01;31:*.esd=01;31:*.jpg=01;35:*.jpeg=01;35:*.mjpg=01;35:*.mjpeg=01;35:*.gif=01;35:*.bmp=01;35:*.pbm=01;35:*.pgm=01;35:*.ppm=01;35:*.tga=01;35:*.xbm=01;35:*.xpm=01;35:*.tif=01;35:*.tiff=01;35:*.png=01;35:*.svg=01;35:*.svgz=01;35:*.mng=01;35:*.pcx=01;35:*.mov=01;35:*.mpg=01;35:*.mpeg=01;35:*.m2v=01;35:*.mkv=01;35:*.webm=01;35:*.webp=01;35:*.ogm=01;35:*.mp4=01;35:*.m4v=01;35:*.mp4v=01;35:*.vob=01;35:*.qt=01;35:*.nuv=01;35:*.wmv=01;35:*.asf=01;35:*.rm=01;35:*.rmvb=01;35:*.flc=01;35:*.avi=01;35:*.fli=01;35:*.flv=01;35:*.gl=01;35:*.dl=01;35:*.xcf=01;35:*.xwd=01;35:*.yuv=01;35:*.cgm=01;35:*.emf=01;35:*.ogv=01;35:*.ogx=01;35:*.aac=00;36:*.au=00;36:*.flac=00;36:*.m4a=00;36:*.mid=00;36:*.midi=00;36:*.mka=00;36:*.mp3=00;36:*.mpc=00;36:*.ogg=00;36:*.ra=00;36:*.wav=00;36:*.oga=00;36:*.opus=00;36:*.spx=00;36:*.xspf=00;36:'), ('AMENT_PREFIX_PATH', '/opt/ros/humble:/home/dron/Praca-magisterska/ros2_ws/install/um7_pkg:/home/dron/Praca-magisterska/ros2_ws/install/my_py_pkg:/home/dron/Praca-magisterska/ros2_ws/install/my_cpp_pkg:/home/dron/Praca-magisterska/ros2_ws/install/log_data_pkg:/home/dron/Praca-magisterska/ros2_ws/install/flight_controller_pkg:/home/dron/Praca-magisterska/ros2_ws/install/flask_pkg:/home/dron/Praca-magisterska/ros2_ws/install/estimator_pkg:/home/dron/Praca-magisterska/ros2_ws/install/custom_msgs'), ('SHELL', '/bin/bash'), ('LESSCLOSE', '/usr/bin/lesspipe %s %s'), ('VIRTUAL_ENV', '/home/rosbot/ros2_ws/venv'), ('PWD', '/home/dron/Praca-magisterska/ros2_ws/build/my_cpp_pkg'), ('SSH_CONNECTION', 'fe80::73bc:b5b3:a668:f352%wlan0 51701 fe80::da3a:ddff:fe3f:f331%wlan0 22'), ('XDG_DATA_DIRS', '/usr/local/share:/usr/share:/var/lib/snapd/desktop'), ('PYTHONPATH', '/opt/ros/humble/lib/python3.10/site-packages:/opt/ros/humble/local/lib/python3.10/dist-packages:/home/dron/Praca-magisterska/ros2_ws/install/um7_pkg/lib/python3.12/site-packages:/home/dron/Praca-magisterska/ros2_ws/install/my_py_pkg/lib/python3.12/site-packages:/home/dron/Praca-magisterska/ros2_ws/install/log_data_pkg/lib/python3.12/site-packages:/home/dron/Praca-magisterska/ros2_ws/install/flight_controller_pkg/lib/python3.12/site-packages:/home/dron/Praca-magisterska/ros2_ws/install/flask_pkg/lib/python3.12/site-packages:/home/dron/Praca-magisterska/ros2_ws/install/estimator_pkg/lib/python3.12/site-packages:/home/dron/Praca-magisterska/ros2_ws/install/custom_msgs/lib/python3.12/site-packages'), ('COLCON', '1'), ('CMAKE_PREFIX_PATH', '/home/dron/Praca-magisterska/ros2_ws/install/my_cpp_pkg:/home/dron/Praca-magisterska/ros2_ws/install/custom_msgs:/opt/ros/humble:/home/dron/Praca-magisterska/ros2_ws/install/um7_pkg:/home/dron/Praca-magisterska/ros2_ws/install/my_py_pkg:/home/dron/Praca-magisterska/ros2_ws/install/log_data_pkg:/home/dron/Praca-magisterska/ros2_ws/install/flight_controller_pkg:/home/dron/Praca-magisterska/ros2_ws/install/flask_pkg:/home/dron/Praca-magisterska/ros2_ws/install/estimator_pkg')]), 'shell': False}
[0.191469] (custom_msgs) StdoutLine: {'line': b'-- Found ament_cmake: 1.3.12 (/opt/ros/humble/share/ament_cmake/cmake)\n'}
[0.192305] (my_cpp_pkg) StdoutLine: {'line': b'-- Found ament_cmake: 1.3.12 (/opt/ros/humble/share/ament_cmake/cmake)\n'}
[0.201652] (-) TimerEvent: {}
[0.302468] (-) TimerEvent: {}
[0.403241] (-) TimerEvent: {}
[0.504118] (-) TimerEvent: {}
[0.604966] (-) TimerEvent: {}
[0.707342] (-) TimerEvent: {}
[0.810381] (-) TimerEvent: {}
[0.913301] (-) TimerEvent: {}
[1.014910] (-) TimerEvent: {}
[1.117011] (-) TimerEvent: {}
[1.155768] (my_cpp_pkg) StdoutLine: {'line': b'-- Found Python3: /usr/bin/python3 (found version "3.10.12") found components: Interpreter \n'}
[1.183993] (custom_msgs) StdoutLine: {'line': b'-- Found Python3: /usr/bin/python3 (found version "3.10.12") found components: Interpreter \n'}
[1.218090] (-) TimerEvent: {}
[1.319330] (-) TimerEvent: {}
[1.420272] (-) TimerEvent: {}
[1.522597] (-) TimerEvent: {}
[1.626662] (-) TimerEvent: {}
[1.727976] (-) TimerEvent: {}
[1.830101] (-) TimerEvent: {}
[1.882123] (custom_msgs) StdoutLine: {'line': b'-- Found rosidl_default_generators: 1.2.0 (/opt/ros/humble/share/rosidl_default_generators/cmake)\n'}
[1.883953] (my_cpp_pkg) StdoutLine: {'line': b'-- Found rclcpp: 16.0.14 (/opt/ros/humble/share/rclcpp/cmake)\n'}
[1.917611] (custom_msgs) StdoutLine: {'line': b'-- Using all available rosidl_typesupport_c: rosidl_typesupport_fastrtps_c;rosidl_typesupport_introspection_c\n'}
[1.930276] (-) TimerEvent: {}
[1.984411] (custom_msgs) StdoutLine: {'line': b'-- Found rosidl_adapter: 3.1.7 (/opt/ros/humble/share/rosidl_adapter/cmake)\n'}
[2.030434] (-) TimerEvent: {}
[2.131778] (-) TimerEvent: {}
[2.234604] (-) TimerEvent: {}
[2.236558] (my_cpp_pkg) StdoutLine: {'line': b'-- Found rosidl_generator_c: 3.1.7 (/opt/ros/humble/share/rosidl_generator_c/cmake)\n'}
[2.274894] (my_cpp_pkg) StdoutLine: {'line': b'-- Found rosidl_adapter: 3.1.7 (/opt/ros/humble/share/rosidl_adapter/cmake)\n'}
[2.305556] (custom_msgs) StdoutLine: {'line': b'-- Using all available rosidl_typesupport_cpp: rosidl_typesupport_fastrtps_cpp;rosidl_typesupport_introspection_cpp\n'}
[2.331642] (my_cpp_pkg) StdoutLine: {'line': b'-- Found rosidl_generator_cpp: 3.1.7 (/opt/ros/humble/share/rosidl_generator_cpp/cmake)\n'}
[2.334780] (-) TimerEvent: {}
[2.422312] (my_cpp_pkg) StdoutLine: {'line': b'-- Using all available rosidl_typesupport_c: rosidl_typesupport_fastrtps_c;rosidl_typesupport_introspection_c\n'}
[2.434951] (-) TimerEvent: {}
[2.519154] (my_cpp_pkg) StdoutLine: {'line': b'-- Using all available rosidl_typesupport_cpp: rosidl_typesupport_fastrtps_cpp;rosidl_typesupport_introspection_cpp\n'}
[2.535120] (-) TimerEvent: {}
[2.637122] (-) TimerEvent: {}
[2.739043] (-) TimerEvent: {}
[2.842386] (-) TimerEvent: {}
[2.902174] (my_cpp_pkg) StdoutLine: {'line': b'-- Found rmw_implementation_cmake: 6.1.2 (/opt/ros/humble/share/rmw_implementation_cmake/cmake)\n'}
[2.930625] (my_cpp_pkg) StdoutLine: {'line': b'-- Found rmw_fastrtps_cpp: 6.2.8 (/opt/ros/humble/share/rmw_fastrtps_cpp/cmake)\n'}
[2.942615] (-) TimerEvent: {}
[3.044725] (-) TimerEvent: {}
[3.145451] (-) TimerEvent: {}
[3.246253] (-) TimerEvent: {}
[3.347091] (-) TimerEvent: {}
[3.447947] (-) TimerEvent: {}
[3.536388] (my_py_pkg) Command: {'cmd': ['/usr/bin/python3', '-W', 'ignore:setup.py install is deprecated', '-W', 'ignore:easy_install command is deprecated', 'setup.py', 'egg_info', '--egg-base', '../../build/my_py_pkg', 'build', '--build-base', '/home/dron/Praca-magisterska/ros2_ws/build/my_py_pkg/build', 'install', '--record', '/home/dron/Praca-magisterska/ros2_ws/build/my_py_pkg/install.log', '--single-version-externally-managed', 'install_data'], 'cwd': '/home/dron/Praca-magisterska/ros2_ws/src/my_py_pkg', 'env': {'LESSOPEN': '| /usr/bin/lesspipe %s', 'USER': 'dron', 'SSH_CLIENT': 'fe80::73bc:b5b3:a668:f352%wlan0 51701 22', 'XDG_SESSION_TYPE': 'tty', 'SHLVL': '1', 'LD_LIBRARY_PATH': '/opt/ros/humble/lib/aarch64-linux-gnu:/opt/ros/humble/lib:/home/dron/Praca-magisterska/ros2_ws/install/custom_msgs/lib', 'MOTD_SHOWN': 'pam', 'HOME': '/home/dron', 'OLDPWD': '/home/dron/Praca-magisterska/ros2_ws/install', 'SSH_TTY': '/dev/pts/0', 'ROS_PYTHON_VERSION': '3', 'PS1': '(venv) \\[\\e]0;\\u@\\h: \\w\\a\\]${debian_chroot:+($debian_chroot)}\\u@\\h:\\w\\$', 'DBUS_SESSION_BUS_ADDRESS': 'unix:path=/run/user/1000/bus', 'COLCON_PREFIX_PATH': '/home/dron/Praca-magisterska/ros2_ws/install', 'ROS_DISTRO': 'humble', 'LOGNAME': 'dron', '_': '/usr/bin/colcon', 'ROS_VERSION': '2', 'XDG_SESSION_CLASS': 'user', 'TERM': 'xterm', 'XDG_SESSION_ID': '1', 'ROS_LOCALHOST_ONLY': '0', 'PATH': '/opt/ros/humble/bin:/home/rosbot/ros2_ws/venv/bin:/usr/local/sbin:/usr/local/bin:/usr/sbin:/usr/bin:/sbin:/bin:/usr/games:/usr/local/games:/snap/bin', 'XDG_RUNTIME_DIR': '/run/user/1000', 'LANG': 'C.UTF-8', 'VIRTUAL_ENV_PROMPT': '(venv)', 'LS_COLORS': 'rs=0:di=01;34:ln=01;36:mh=00:pi=40;33:so=01;35:do=01;35:bd=40;33;01:cd=40;33;01:or=40;31;01:mi=00:su=37;41:sg=30;43:ca=30;41:tw=30;42:ow=34;42:st=37;44:ex=01;32:*.tar=01;31:*.tgz=01;31:*.arc=01;31:*.arj=01;31:*.taz=01;31:*.lha=01;31:*.lz4=01;31:*.lzh=01;31:*.lzma=01;31:*.tlz=01;31:*.txz=01;31:*.tzo=01;31:*.t7z=01;31:*.zip=01;31:*.z=01;31:*.dz=01;31:*.gz=01;31:*.lrz=01;31:*.lz=01;31:*.lzo=01;31:*.xz=01;31:*.zst=01;31:*.tzst=01;31:*.bz2=01;31:*.bz=01;31:*.tbz=01;31:*.tbz2=01;31:*.tz=01;31:*.deb=01;31:*.rpm=01;31:*.jar=01;31:*.war=01;31:*.ear=01;31:*.sar=01;31:*.rar=01;31:*.alz=01;31:*.ace=01;31:*.zoo=01;31:*.cpio=01;31:*.7z=01;31:*.rz=01;31:*.cab=01;31:*.wim=01;31:*.swm=01;31:*.dwm=01;31:*.esd=01;31:*.jpg=01;35:*.jpeg=01;35:*.mjpg=01;35:*.mjpeg=01;35:*.gif=01;35:*.bmp=01;35:*.pbm=01;35:*.pgm=01;35:*.ppm=01;35:*.tga=01;35:*.xbm=01;35:*.xpm=01;35:*.tif=01;35:*.tiff=01;35:*.png=01;35:*.svg=01;35:*.svgz=01;35:*.mng=01;35:*.pcx=01;35:*.mov=01;35:*.mpg=01;35:*.mpeg=01;35:*.m2v=01;35:*.mkv=01;35:*.webm=01;35:*.webp=01;35:*.ogm=01;35:*.mp4=01;35:*.m4v=01;35:*.mp4v=01;35:*.vob=01;35:*.qt=01;35:*.nuv=01;35:*.wmv=01;35:*.asf=01;35:*.rm=01;35:*.rmvb=01;35:*.flc=01;35:*.avi=01;35:*.fli=01;35:*.flv=01;35:*.gl=01;35:*.dl=01;35:*.xcf=01;35:*.xwd=01;35:*.yuv=01;35:*.cgm=01;35:*.emf=01;35:*.ogv=01;35:*.ogx=01;35:*.aac=00;36:*.au=00;36:*.flac=00;36:*.m4a=00;36:*.mid=00;36:*.midi=00;36:*.mka=00;36:*.mp3=00;36:*.mpc=00;36:*.ogg=00;36:*.ra=00;36:*.wav=00;36:*.oga=00;36:*.opus=00;36:*.spx=00;36:*.xspf=00;36:', 'AMENT_PREFIX_PATH': '/opt/ros/humble:/home/dron/Praca-magisterska/ros2_ws/install/um7_pkg:/home/dron/Praca-magisterska/ros2_ws/install/my_py_pkg:/home/dron/Praca-magisterska/ros2_ws/install/my_cpp_pkg:/home/dron/Praca-magisterska/ros2_ws/install/log_data_pkg:/home/dron/Praca-magisterska/ros2_ws/install/flight_controller_pkg:/home/dron/Praca-magisterska/ros2_ws/install/flask_pkg:/home/dron/Praca-magisterska/ros2_ws/install/estimator_pkg:/home/dron/Praca-magisterska/ros2_ws/install/custom_msgs', 'SHELL': '/bin/bash', 'LESSCLOSE': '/usr/bin/lesspipe %s %s', 'VIRTUAL_ENV': '/home/rosbot/ros2_ws/venv', 'PWD': '/home/dron/Praca-magisterska/ros2_ws/build/my_py_pkg', 'SSH_CONNECTION': 'fe80::73bc:b5b3:a668:f352%wlan0 51701 fe80::da3a:ddff:fe3f:f331%wlan0 22', 'XDG_DATA_DIRS': '/usr/local/share:/usr/share:/var/lib/snapd/desktop', 'PYTHONPATH': '/home/dron/Praca-magisterska/ros2_ws/build/my_py_pkg/prefix_override:/usr/lib/python3/dist-packages/colcon_core/task/python/colcon_distutils_commands:/home/dron/Praca-magisterska/ros2_ws/install/my_py_pkg/lib/python3.10/site-packages:/opt/ros/humble/lib/python3.10/site-packages:/opt/ros/humble/local/lib/python3.10/dist-packages:/home/dron/Praca-magisterska/ros2_ws/install/um7_pkg/lib/python3.12/site-packages:/home/dron/Praca-magisterska/ros2_ws/install/my_py_pkg/lib/python3.12/site-packages:/home/dron/Praca-magisterska/ros2_ws/install/log_data_pkg/lib/python3.12/site-packages:/home/dron/Praca-magisterska/ros2_ws/install/flight_controller_pkg/lib/python3.12/site-packages:/home/dron/Praca-magisterska/ros2_ws/install/flask_pkg/lib/python3.12/site-packages:/home/dron/Praca-magisterska/ros2_ws/install/estimator_pkg/lib/python3.12/site-packages:/home/dron/Praca-magisterska/ros2_ws/install/custom_msgs/lib/python3.12/site-packages', 'COLCON': '1', 'CMAKE_PREFIX_PATH': '/home/dron/Praca-magisterska/ros2_ws/install/my_cpp_pkg:/home/dron/Praca-magisterska/ros2_ws/install/custom_msgs'}, 'shell': False}
[3.548209] (-) TimerEvent: {}
[3.649448] (-) TimerEvent: {}
[3.750447] (-) TimerEvent: {}
[3.850563] (my_cpp_pkg) StdoutLine: {'line': b'-- Found OpenSSL: /usr/lib/aarch64-linux-gnu/libcrypto.so (found version "3.0.2")  \n'}
[3.851309] (-) TimerEvent: {}
[3.952493] (-) TimerEvent: {}
[4.000451] (my_cpp_pkg) StdoutLine: {'line': b'-- Found FastRTPS: /opt/ros/humble/include  \n'}
[4.052682] (-) TimerEvent: {}
[4.153406] (-) TimerEvent: {}
[4.229527] (my_cpp_pkg) StdoutLine: {'line': b"-- Using RMW implementation 'rmw_fastrtps_cpp' as default\n"}
[4.253646] (-) TimerEvent: {}
[4.326558] (my_cpp_pkg) StdoutLine: {'line': b'-- Looking for pthread.h\n'}
[4.333844] (custom_msgs) StdoutLine: {'line': b'-- Found ament_cmake_ros: 0.10.0 (/opt/ros/humble/share/ament_cmake_ros/cmake)\n'}
[4.353798] (-) TimerEvent: {}
[4.454936] (-) TimerEvent: {}
[4.555918] (-) TimerEvent: {}
[4.658091] (-) TimerEvent: {}
[4.758992] (-) TimerEvent: {}
[4.770347] (my_cpp_pkg) StdoutLine: {'line': b'-- Looking for pthread.h - found\n'}
[4.789106] (my_cpp_pkg) StdoutLine: {'line': b'-- Performing Test CMAKE_HAVE_LIBC_PTHREAD\n'}
[4.859261] (-) TimerEvent: {}
[4.916884] (my_py_pkg) StdoutLine: {'line': b'running egg_info\n'}
[4.919561] (my_py_pkg) StdoutLine: {'line': b'creating ../../build/my_py_pkg/my_py_pkg.egg-info\n'}
[4.921961] (my_py_pkg) StdoutLine: {'line': b'writing ../../build/my_py_pkg/my_py_pkg.egg-info/PKG-INFO\n'}
[4.923280] (my_py_pkg) StdoutLine: {'line': b'writing dependency_links to ../../build/my_py_pkg/my_py_pkg.egg-info/dependency_links.txt\n'}
[4.925341] (my_py_pkg) StdoutLine: {'line': b'writing entry points to ../../build/my_py_pkg/my_py_pkg.egg-info/entry_points.txt\n'}
[4.925952] (my_py_pkg) StdoutLine: {'line': b'writing requirements to ../../build/my_py_pkg/my_py_pkg.egg-info/requires.txt\n'}
[4.926535] (my_py_pkg) StdoutLine: {'line': b'writing top-level names to ../../build/my_py_pkg/my_py_pkg.egg-info/top_level.txt\n'}
[4.927110] (my_py_pkg) StdoutLine: {'line': b"writing manifest file '../../build/my_py_pkg/my_py_pkg.egg-info/SOURCES.txt'\n"}
[4.934404] (my_py_pkg) StdoutLine: {'line': b"reading manifest file '../../build/my_py_pkg/my_py_pkg.egg-info/SOURCES.txt'\n"}
[4.939379] (my_py_pkg) StdoutLine: {'line': b"writing manifest file '../../build/my_py_pkg/my_py_pkg.egg-info/SOURCES.txt'\n"}
[4.940648] (my_py_pkg) StdoutLine: {'line': b'running build\n'}
[4.941373] (my_py_pkg) StdoutLine: {'line': b'running build_py\n'}
[4.943002] (my_py_pkg) StdoutLine: {'line': b'creating /home/dron/Praca-magisterska/ros2_ws/build/my_py_pkg/build\n'}
[4.945005] (my_py_pkg) StdoutLine: {'line': b'creating /home/dron/Praca-magisterska/ros2_ws/build/my_py_pkg/build/lib\n'}
[4.945550] (my_py_pkg) StdoutLine: {'line': b'creating /home/dron/Praca-magisterska/ros2_ws/build/my_py_pkg/build/lib/my_py_pkg\n'}
[4.948143] (my_py_pkg) StdoutLine: {'line': b'copying my_py_pkg/__init__.py -> /home/dron/Praca-magisterska/ros2_ws/build/my_py_pkg/build/lib/my_py_pkg\n'}
[4.948838] (my_py_pkg) StdoutLine: {'line': b'copying my_py_pkg/template_python_node.py -> /home/dron/Praca-magisterska/ros2_ws/build/my_py_pkg/build/lib/my_py_pkg\n'}
[4.949432] (my_py_pkg) StdoutLine: {'line': b'copying my_py_pkg/my_first_node.py -> /home/dron/Praca-magisterska/ros2_ws/build/my_py_pkg/build/lib/my_py_pkg\n'}
[4.950096] (my_py_pkg) StdoutLine: {'line': b'running install\n'}
[4.950640] (my_py_pkg) StdoutLine: {'line': b'running install_lib\n'}
[4.956211] (my_py_pkg) StdoutLine: {'line': b'creating /home/dron/Praca-magisterska/ros2_ws/install/my_py_pkg/lib/python3.10/site-packages/my_py_pkg\n'}
[4.956782] (my_py_pkg) StdoutLine: {'line': b'copying /home/dron/Praca-magisterska/ros2_ws/build/my_py_pkg/build/lib/my_py_pkg/__init__.py -> /home/dron/Praca-magisterska/ros2_ws/install/my_py_pkg/lib/python3.10/site-packages/my_py_pkg\n'}
[4.957576] (my_py_pkg) StdoutLine: {'line': b'copying /home/dron/Praca-magisterska/ros2_ws/build/my_py_pkg/build/lib/my_py_pkg/template_python_node.py -> /home/dron/Praca-magisterska/ros2_ws/install/my_py_pkg/lib/python3.10/site-packages/my_py_pkg\n'}
[4.958089] (my_py_pkg) StdoutLine: {'line': b'copying /home/dron/Praca-magisterska/ros2_ws/build/my_py_pkg/build/lib/my_py_pkg/my_first_node.py -> /home/dron/Praca-magisterska/ros2_ws/install/my_py_pkg/lib/python3.10/site-packages/my_py_pkg\n'}
[4.960666] (-) TimerEvent: {}
[4.965857] (my_py_pkg) StdoutLine: {'line': b'byte-compiling /home/dron/Praca-magisterska/ros2_ws/install/my_py_pkg/lib/python3.10/site-packages/my_py_pkg/__init__.py to __init__.cpython-310.pyc\n'}
[4.966549] (my_py_pkg) StdoutLine: {'line': b'byte-compiling /home/dron/Praca-magisterska/ros2_ws/install/my_py_pkg/lib/python3.10/site-packages/my_py_pkg/template_python_node.py to template_python_node.cpython-310.pyc\n'}
[4.967103] (my_py_pkg) StdoutLine: {'line': b'byte-compiling /home/dron/Praca-magisterska/ros2_ws/install/my_py_pkg/lib/python3.10/site-packages/my_py_pkg/my_first_node.py to my_first_node.cpython-310.pyc\n'}
[4.967622] (my_py_pkg) StdoutLine: {'line': b'running install_data\n'}
[4.968249] (my_py_pkg) StdoutLine: {'line': b'copying resource/my_py_pkg -> /home/dron/Praca-magisterska/ros2_ws/install/my_py_pkg/share/ament_index/resource_index/packages\n'}
[4.968752] (my_py_pkg) StdoutLine: {'line': b'copying package.xml -> /home/dron/Praca-magisterska/ros2_ws/install/my_py_pkg/share/my_py_pkg\n'}
[4.969169] (my_py_pkg) StdoutLine: {'line': b'running install_egg_info\n'}
[4.974292] (my_py_pkg) StdoutLine: {'line': b'Copying ../../build/my_py_pkg/my_py_pkg.egg-info to /home/dron/Praca-magisterska/ros2_ws/install/my_py_pkg/lib/python3.10/site-packages/my_py_pkg-0.0.0-py3.10.egg-info\n'}
[4.981090] (my_py_pkg) StdoutLine: {'line': b'running install_scripts\n'}
[5.060884] (-) TimerEvent: {}
[5.090024] (my_py_pkg) StdoutLine: {'line': b'Installing py_node script to /home/dron/Praca-magisterska/ros2_ws/install/my_py_pkg/lib/my_py_pkg\n'}
[5.092156] (my_py_pkg) StdoutLine: {'line': b"writing list of installed files to '/home/dron/Praca-magisterska/ros2_ws/build/my_py_pkg/install.log'\n"}
[5.161848] (-) TimerEvent: {}
[5.230005] (my_cpp_pkg) StdoutLine: {'line': b'-- Performing Test CMAKE_HAVE_LIBC_PTHREAD - Success\n'}
[5.247503] (my_cpp_pkg) StdoutLine: {'line': b'-- Found Threads: TRUE  \n'}
[5.262685] (my_py_pkg) CommandEnded: {'returncode': 0}
[5.264579] (-) TimerEvent: {}
[5.322766] (my_py_pkg) JobEnded: {'identifier': 'my_py_pkg', 'rc': 0}
[5.364731] (-) TimerEvent: {}
[5.465452] (-) TimerEvent: {}
[5.525257] (custom_msgs) StdoutLine: {'line': b'-- Using all available rosidl_typesupport_c: rosidl_typesupport_fastrtps_c;rosidl_typesupport_introspection_c\n'}
[5.565667] (-) TimerEvent: {}
[5.666835] (-) TimerEvent: {}
[5.768206] (-) TimerEvent: {}
[5.869113] (-) TimerEvent: {}
[5.969814] (-) TimerEvent: {}
[5.981288] (my_cpp_pkg) StdoutLine: {'line': b'-- Configuring done\n'}
[6.043144] (my_cpp_pkg) StdoutLine: {'line': b'-- Generating done\n'}
[6.064747] (my_cpp_pkg) StdoutLine: {'line': b'-- Build files have been written to: /home/dron/Praca-magisterska/ros2_ws/build/my_cpp_pkg\n'}
[6.070186] (-) TimerEvent: {}
[6.091844] (my_cpp_pkg) CommandEnded: {'returncode': 0}
[6.093878] (my_cpp_pkg) JobProgress: {'identifier': 'my_cpp_pkg', 'progress': 'build'}
[6.096417] (my_cpp_pkg) Command: {'cmd': ['/usr/bin/cmake', '--build', '/home/dron/Praca-magisterska/ros2_ws/build/my_cpp_pkg', '--', '-j4', '-l4'], 'cwd': '/home/dron/Praca-magisterska/ros2_ws/build/my_cpp_pkg', 'env': OrderedDict([('LESSOPEN', '| /usr/bin/lesspipe %s'), ('USER', 'dron'), ('SSH_CLIENT', 'fe80::73bc:b5b3:a668:f352%wlan0 51701 22'), ('XDG_SESSION_TYPE', 'tty'), ('SHLVL', '1'), ('LD_LIBRARY_PATH', '/opt/ros/humble/lib/aarch64-linux-gnu:/opt/ros/humble/lib:/home/dron/Praca-magisterska/ros2_ws/install/custom_msgs/lib'), ('MOTD_SHOWN', 'pam'), ('HOME', '/home/dron'), ('OLDPWD', '/home/dron/Praca-magisterska/ros2_ws/install'), ('SSH_TTY', '/dev/pts/0'), ('ROS_PYTHON_VERSION', '3'), ('PS1', '(venv) \\[\\e]0;\\u@\\h: \\w\\a\\]${debian_chroot:+($debian_chroot)}\\u@\\h:\\w\\$'), ('DBUS_SESSION_BUS_ADDRESS', 'unix:path=/run/user/1000/bus'), ('COLCON_PREFIX_PATH', '/home/dron/Praca-magisterska/ros2_ws/install'), ('ROS_DISTRO', 'humble'), ('LOGNAME', 'dron'), ('_', '/usr/bin/colcon'), ('ROS_VERSION', '2'), ('XDG_SESSION_CLASS', 'user'), ('TERM', 'xterm'), ('XDG_SESSION_ID', '1'), ('ROS_LOCALHOST_ONLY', '0'), ('PATH', '/opt/ros/humble/bin:/home/rosbot/ros2_ws/venv/bin:/usr/local/sbin:/usr/local/bin:/usr/sbin:/usr/bin:/sbin:/bin:/usr/games:/usr/local/games:/snap/bin'), ('XDG_RUNTIME_DIR', '/run/user/1000'), ('LANG', 'C.UTF-8'), ('VIRTUAL_ENV_PROMPT', '(venv)'), ('LS_COLORS', 'rs=0:di=01;34:ln=01;36:mh=00:pi=40;33:so=01;35:do=01;35:bd=40;33;01:cd=40;33;01:or=40;31;01:mi=00:su=37;41:sg=30;43:ca=30;41:tw=30;42:ow=34;42:st=37;44:ex=01;32:*.tar=01;31:*.tgz=01;31:*.arc=01;31:*.arj=01;31:*.taz=01;31:*.lha=01;31:*.lz4=01;31:*.lzh=01;31:*.lzma=01;31:*.tlz=01;31:*.txz=01;31:*.tzo=01;31:*.t7z=01;31:*.zip=01;31:*.z=01;31:*.dz=01;31:*.gz=01;31:*.lrz=01;31:*.lz=01;31:*.lzo=01;31:*.xz=01;31:*.zst=01;31:*.tzst=01;31:*.bz2=01;31:*.bz=01;31:*.tbz=01;31:*.tbz2=01;31:*.tz=01;31:*.deb=01;31:*.rpm=01;31:*.jar=01;31:*.war=01;31:*.ear=01;31:*.sar=01;31:*.rar=01;31:*.alz=01;31:*.ace=01;31:*.zoo=01;31:*.cpio=01;31:*.7z=01;31:*.rz=01;31:*.cab=01;31:*.wim=01;31:*.swm=01;31:*.dwm=01;31:*.esd=01;31:*.jpg=01;35:*.jpeg=01;35:*.mjpg=01;35:*.mjpeg=01;35:*.gif=01;35:*.bmp=01;35:*.pbm=01;35:*.pgm=01;35:*.ppm=01;35:*.tga=01;35:*.xbm=01;35:*.xpm=01;35:*.tif=01;35:*.tiff=01;35:*.png=01;35:*.svg=01;35:*.svgz=01;35:*.mng=01;35:*.pcx=01;35:*.mov=01;35:*.mpg=01;35:*.mpeg=01;35:*.m2v=01;35:*.mkv=01;35:*.webm=01;35:*.webp=01;35:*.ogm=01;35:*.mp4=01;35:*.m4v=01;35:*.mp4v=01;35:*.vob=01;35:*.qt=01;35:*.nuv=01;35:*.wmv=01;35:*.asf=01;35:*.rm=01;35:*.rmvb=01;35:*.flc=01;35:*.avi=01;35:*.fli=01;35:*.flv=01;35:*.gl=01;35:*.dl=01;35:*.xcf=01;35:*.xwd=01;35:*.yuv=01;35:*.cgm=01;35:*.emf=01;35:*.ogv=01;35:*.ogx=01;35:*.aac=00;36:*.au=00;36:*.flac=00;36:*.m4a=00;36:*.mid=00;36:*.midi=00;36:*.mka=00;36:*.mp3=00;36:*.mpc=00;36:*.ogg=00;36:*.ra=00;36:*.wav=00;36:*.oga=00;36:*.opus=00;36:*.spx=00;36:*.xspf=00;36:'), ('AMENT_PREFIX_PATH', '/opt/ros/humble:/home/dron/Praca-magisterska/ros2_ws/install/um7_pkg:/home/dron/Praca-magisterska/ros2_ws/install/my_py_pkg:/home/dron/Praca-magisterska/ros2_ws/install/my_cpp_pkg:/home/dron/Praca-magisterska/ros2_ws/install/log_data_pkg:/home/dron/Praca-magisterska/ros2_ws/install/flight_controller_pkg:/home/dron/Praca-magisterska/ros2_ws/install/flask_pkg:/home/dron/Praca-magisterska/ros2_ws/install/estimator_pkg:/home/dron/Praca-magisterska/ros2_ws/install/custom_msgs'), ('SHELL', '/bin/bash'), ('LESSCLOSE', '/usr/bin/lesspipe %s %s'), ('VIRTUAL_ENV', '/home/rosbot/ros2_ws/venv'), ('PWD', '/home/dron/Praca-magisterska/ros2_ws/build/my_cpp_pkg'), ('SSH_CONNECTION', 'fe80::73bc:b5b3:a668:f352%wlan0 51701 fe80::da3a:ddff:fe3f:f331%wlan0 22'), ('XDG_DATA_DIRS', '/usr/local/share:/usr/share:/var/lib/snapd/desktop'), ('PYTHONPATH', '/opt/ros/humble/lib/python3.10/site-packages:/opt/ros/humble/local/lib/python3.10/dist-packages:/home/dron/Praca-magisterska/ros2_ws/install/um7_pkg/lib/python3.12/site-packages:/home/dron/Praca-magisterska/ros2_ws/install/my_py_pkg/lib/python3.12/site-packages:/home/dron/Praca-magisterska/ros2_ws/install/log_data_pkg/lib/python3.12/site-packages:/home/dron/Praca-magisterska/ros2_ws/install/flight_controller_pkg/lib/python3.12/site-packages:/home/dron/Praca-magisterska/ros2_ws/install/flask_pkg/lib/python3.12/site-packages:/home/dron/Praca-magisterska/ros2_ws/install/estimator_pkg/lib/python3.12/site-packages:/home/dron/Praca-magisterska/ros2_ws/install/custom_msgs/lib/python3.12/site-packages'), ('COLCON', '1'), ('CMAKE_PREFIX_PATH', '/home/dron/Praca-magisterska/ros2_ws/install/my_cpp_pkg:/home/dron/Praca-magisterska/ros2_ws/install/custom_msgs:/opt/ros/humble:/home/dron/Praca-magisterska/ros2_ws/install/um7_pkg:/home/dron/Praca-magisterska/ros2_ws/install/my_py_pkg:/home/dron/Praca-magisterska/ros2_ws/install/log_data_pkg:/home/dron/Praca-magisterska/ros2_ws/install/flight_controller_pkg:/home/dron/Praca-magisterska/ros2_ws/install/flask_pkg:/home/dron/Praca-magisterska/ros2_ws/install/estimator_pkg')]), 'shell': False}
[6.170561] (-) TimerEvent: {}
[6.271904] (-) TimerEvent: {}
[6.307732] (my_cpp_pkg) StdoutLine: {'line': b'[ 50%] \x1b[32mBuilding CXX object CMakeFiles/cpp_node.dir/src/my_first_node.cpp.o\x1b[0m\n'}
[6.372213] (-) TimerEvent: {}
[6.473622] (-) TimerEvent: {}
[6.574306] (-) TimerEvent: {}
[6.675226] (-) TimerEvent: {}
[6.776372] (-) TimerEvent: {}
[6.792885] (custom_msgs) StdoutLine: {'line': b'-- Using all available rosidl_typesupport_cpp: rosidl_typesupport_fastrtps_cpp;rosidl_typesupport_introspection_cpp\n'}
[6.876454] (-) TimerEvent: {}
[6.913491] (custom_msgs) StdoutLine: {'line': b'-- Found PythonInterp: /usr/bin/python3 (found suitable version "3.10.12", minimum required is "3.6") \n'}
[6.930874] (custom_msgs) StdoutLine: {'line': b'-- Found python_cmake_module: 0.10.0 (/opt/ros/humble/share/python_cmake_module/cmake)\n'}
[6.976608] (-) TimerEvent: {}
[7.068281] (custom_msgs) StdoutLine: {'line': b'-- Found PythonLibs: /usr/lib/aarch64-linux-gnu/libpython3.10.so (found suitable version "3.10.12", minimum required is "3.5") \n'}
[7.069274] (custom_msgs) StdoutLine: {'line': b'-- Using PYTHON_EXECUTABLE: /usr/bin/python3\n'}
[7.069777] (custom_msgs) StdoutLine: {'line': b'-- Using PYTHON_INCLUDE_DIRS: /usr/include/python3.10\n'}
[7.070213] (custom_msgs) StdoutLine: {'line': b'-- Using PYTHON_LIBRARIES: /usr/lib/aarch64-linux-gnu/libpython3.10.so\n'}
[7.076811] (-) TimerEvent: {}
[7.177663] (-) TimerEvent: {}
[7.182285] (custom_msgs) StdoutLine: {'line': b'-- Found PythonExtra: .so  \n'}
[7.277843] (-) TimerEvent: {}
[7.378565] (-) TimerEvent: {}
[7.380564] (custom_msgs) StdoutLine: {'line': b'-- Found ament_lint_auto: 0.12.14 (/opt/ros/humble/share/ament_lint_auto/cmake)\n'}
[7.478757] (-) TimerEvent: {}
[7.579728] (-) TimerEvent: {}
[7.591224] (custom_msgs) StdoutLine: {'line': b"-- Added test 'lint_cmake' to check CMake code style\n"}
[7.604952] (custom_msgs) StdoutLine: {'line': b"-- Added test 'xmllint' to check XML markup files\n"}
[7.626199] (custom_msgs) StdoutLine: {'line': b'-- Configuring done\n'}
[7.679935] (-) TimerEvent: {}
[7.781315] (-) TimerEvent: {}
[7.840876] (custom_msgs) StdoutLine: {'line': b'-- Generating done\n'}
[7.881487] (-) TimerEvent: {}
[7.887719] (custom_msgs) StdoutLine: {'line': b'-- Build files have been written to: /home/dron/Praca-magisterska/ros2_ws/build/custom_msgs\n'}
[7.903156] (custom_msgs) CommandEnded: {'returncode': 0}
[7.905160] (custom_msgs) JobProgress: {'identifier': 'custom_msgs', 'progress': 'build'}
[7.906289] (custom_msgs) Command: {'cmd': ['/usr/bin/cmake', '--build', '/home/dron/Praca-magisterska/ros2_ws/build/custom_msgs', '--', '-j4', '-l4'], 'cwd': '/home/dron/Praca-magisterska/ros2_ws/build/custom_msgs', 'env': OrderedDict([('LESSOPEN', '| /usr/bin/lesspipe %s'), ('USER', 'dron'), ('SSH_CLIENT', 'fe80::73bc:b5b3:a668:f352%wlan0 51701 22'), ('XDG_SESSION_TYPE', 'tty'), ('SHLVL', '1'), ('LD_LIBRARY_PATH', '/opt/ros/humble/lib/aarch64-linux-gnu:/opt/ros/humble/lib:/home/dron/Praca-magisterska/ros2_ws/install/custom_msgs/lib'), ('MOTD_SHOWN', 'pam'), ('HOME', '/home/dron'), ('OLDPWD', '/home/dron/Praca-magisterska/ros2_ws/install'), ('SSH_TTY', '/dev/pts/0'), ('ROS_PYTHON_VERSION', '3'), ('PS1', '(venv) \\[\\e]0;\\u@\\h: \\w\\a\\]${debian_chroot:+($debian_chroot)}\\u@\\h:\\w\\$'), ('DBUS_SESSION_BUS_ADDRESS', 'unix:path=/run/user/1000/bus'), ('COLCON_PREFIX_PATH', '/home/dron/Praca-magisterska/ros2_ws/install'), ('ROS_DISTRO', 'humble'), ('LOGNAME', 'dron'), ('_', '/usr/bin/colcon'), ('ROS_VERSION', '2'), ('XDG_SESSION_CLASS', 'user'), ('TERM', 'xterm'), ('XDG_SESSION_ID', '1'), ('ROS_LOCALHOST_ONLY', '0'), ('PATH', '/opt/ros/humble/bin:/home/rosbot/ros2_ws/venv/bin:/usr/local/sbin:/usr/local/bin:/usr/sbin:/usr/bin:/sbin:/bin:/usr/games:/usr/local/games:/snap/bin'), ('XDG_RUNTIME_DIR', '/run/user/1000'), ('LANG', 'C.UTF-8'), ('VIRTUAL_ENV_PROMPT', '(venv)'), ('LS_COLORS', 'rs=0:di=01;34:ln=01;36:mh=00:pi=40;33:so=01;35:do=01;35:bd=40;33;01:cd=40;33;01:or=40;31;01:mi=00:su=37;41:sg=30;43:ca=30;41:tw=30;42:ow=34;42:st=37;44:ex=01;32:*.tar=01;31:*.tgz=01;31:*.arc=01;31:*.arj=01;31:*.taz=01;31:*.lha=01;31:*.lz4=01;31:*.lzh=01;31:*.lzma=01;31:*.tlz=01;31:*.txz=01;31:*.tzo=01;31:*.t7z=01;31:*.zip=01;31:*.z=01;31:*.dz=01;31:*.gz=01;31:*.lrz=01;31:*.lz=01;31:*.lzo=01;31:*.xz=01;31:*.zst=01;31:*.tzst=01;31:*.bz2=01;31:*.bz=01;31:*.tbz=01;31:*.tbz2=01;31:*.tz=01;31:*.deb=01;31:*.rpm=01;31:*.jar=01;31:*.war=01;31:*.ear=01;31:*.sar=01;31:*.rar=01;31:*.alz=01;31:*.ace=01;31:*.zoo=01;31:*.cpio=01;31:*.7z=01;31:*.rz=01;31:*.cab=01;31:*.wim=01;31:*.swm=01;31:*.dwm=01;31:*.esd=01;31:*.jpg=01;35:*.jpeg=01;35:*.mjpg=01;35:*.mjpeg=01;35:*.gif=01;35:*.bmp=01;35:*.pbm=01;35:*.pgm=01;35:*.ppm=01;35:*.tga=01;35:*.xbm=01;35:*.xpm=01;35:*.tif=01;35:*.tiff=01;35:*.png=01;35:*.svg=01;35:*.svgz=01;35:*.mng=01;35:*.pcx=01;35:*.mov=01;35:*.mpg=01;35:*.mpeg=01;35:*.m2v=01;35:*.mkv=01;35:*.webm=01;35:*.webp=01;35:*.ogm=01;35:*.mp4=01;35:*.m4v=01;35:*.mp4v=01;35:*.vob=01;35:*.qt=01;35:*.nuv=01;35:*.wmv=01;35:*.asf=01;35:*.rm=01;35:*.rmvb=01;35:*.flc=01;35:*.avi=01;35:*.fli=01;35:*.flv=01;35:*.gl=01;35:*.dl=01;35:*.xcf=01;35:*.xwd=01;35:*.yuv=01;35:*.cgm=01;35:*.emf=01;35:*.ogv=01;35:*.ogx=01;35:*.aac=00;36:*.au=00;36:*.flac=00;36:*.m4a=00;36:*.mid=00;36:*.midi=00;36:*.mka=00;36:*.mp3=00;36:*.mpc=00;36:*.ogg=00;36:*.ra=00;36:*.wav=00;36:*.oga=00;36:*.opus=00;36:*.spx=00;36:*.xspf=00;36:'), ('AMENT_PREFIX_PATH', '/opt/ros/humble:/home/dron/Praca-magisterska/ros2_ws/install/um7_pkg:/home/dron/Praca-magisterska/ros2_ws/install/my_py_pkg:/home/dron/Praca-magisterska/ros2_ws/install/my_cpp_pkg:/home/dron/Praca-magisterska/ros2_ws/install/log_data_pkg:/home/dron/Praca-magisterska/ros2_ws/install/flight_controller_pkg:/home/dron/Praca-magisterska/ros2_ws/install/flask_pkg:/home/dron/Praca-magisterska/ros2_ws/install/estimator_pkg:/home/dron/Praca-magisterska/ros2_ws/install/custom_msgs'), ('SHELL', '/bin/bash'), ('LESSCLOSE', '/usr/bin/lesspipe %s %s'), ('VIRTUAL_ENV', '/home/rosbot/ros2_ws/venv'), ('PWD', '/home/dron/Praca-magisterska/ros2_ws/build/custom_msgs'), ('SSH_CONNECTION', 'fe80::73bc:b5b3:a668:f352%wlan0 51701 fe80::da3a:ddff:fe3f:f331%wlan0 22'), ('XDG_DATA_DIRS', '/usr/local/share:/usr/share:/var/lib/snapd/desktop'), ('PYTHONPATH', '/opt/ros/humble/lib/python3.10/site-packages:/opt/ros/humble/local/lib/python3.10/dist-packages:/home/dron/Praca-magisterska/ros2_ws/install/um7_pkg/lib/python3.12/site-packages:/home/dron/Praca-magisterska/ros2_ws/install/my_py_pkg/lib/python3.12/site-packages:/home/dron/Praca-magisterska/ros2_ws/install/log_data_pkg/lib/python3.12/site-packages:/home/dron/Praca-magisterska/ros2_ws/install/flight_controller_pkg/lib/python3.12/site-packages:/home/dron/Praca-magisterska/ros2_ws/install/flask_pkg/lib/python3.12/site-packages:/home/dron/Praca-magisterska/ros2_ws/install/estimator_pkg/lib/python3.12/site-packages:/home/dron/Praca-magisterska/ros2_ws/install/custom_msgs/lib/python3.12/site-packages'), ('COLCON', '1'), ('CMAKE_PREFIX_PATH', '/home/dron/Praca-magisterska/ros2_ws/install/my_cpp_pkg:/home/dron/Praca-magisterska/ros2_ws/install/custom_msgs:/opt/ros/humble:/home/dron/Praca-magisterska/ros2_ws/install/um7_pkg:/home/dron/Praca-magisterska/ros2_ws/install/my_py_pkg:/home/dron/Praca-magisterska/ros2_ws/install/log_data_pkg:/home/dron/Praca-magisterska/ros2_ws/install/flight_controller_pkg:/home/dron/Praca-magisterska/ros2_ws/install/flask_pkg:/home/dron/Praca-magisterska/ros2_ws/install/estimator_pkg')]), 'shell': False}
[7.981705] (-) TimerEvent: {}
[8.093736] (-) TimerEvent: {}
[8.152912] (custom_msgs) StdoutLine: {'line': b'[  1%] \x1b[34m\x1b[1mGenerating C code for ROS interfaces\x1b[0m\n'}
[8.193932] (-) TimerEvent: {}
[8.199337] (custom_msgs) StdoutLine: {'line': b'[  2%] \x1b[34m\x1b[1mGenerating C++ code for ROS interfaces\x1b[0m\n'}
[8.237025] (custom_msgs) StdoutLine: {'line': b'[  2%] Built target ament_cmake_python_copy_custom_msgs\n'}
[8.294124] (-) TimerEvent: {}
[8.395087] (-) TimerEvent: {}
[8.495938] (-) TimerEvent: {}
[8.597387] (-) TimerEvent: {}
[8.698893] (-) TimerEvent: {}
[8.800232] (-) TimerEvent: {}
[8.901749] (-) TimerEvent: {}
[9.003212] (-) TimerEvent: {}
[9.104760] (-) TimerEvent: {}
[9.206178] (-) TimerEvent: {}
[9.307582] (-) TimerEvent: {}
[9.409166] (-) TimerEvent: {}
[9.510818] (-) TimerEvent: {}
[9.612402] (-) TimerEvent: {}
[9.713938] (-) TimerEvent: {}
[9.786154] (custom_msgs) StdoutLine: {'line': b'running egg_info\n'}
[9.789100] (custom_msgs) StdoutLine: {'line': b'creating custom_msgs.egg-info\n'}
[9.790243] (custom_msgs) StdoutLine: {'line': b'writing custom_msgs.egg-info/PKG-INFO\n'}
[9.791235] (custom_msgs) StdoutLine: {'line': b'writing dependency_links to custom_msgs.egg-info/dependency_links.txt\n'}
[9.792179] (custom_msgs) StdoutLine: {'line': b'writing top-level names to custom_msgs.egg-info/top_level.txt\n'}
[9.793298] (custom_msgs) StdoutLine: {'line': b"writing manifest file 'custom_msgs.egg-info/SOURCES.txt'\n"}
[9.803972] (custom_msgs) StdoutLine: {'line': b"reading manifest file 'custom_msgs.egg-info/SOURCES.txt'\n"}
[9.806940] (custom_msgs) StdoutLine: {'line': b"writing manifest file 'custom_msgs.egg-info/SOURCES.txt'\n"}
[9.814322] (-) TimerEvent: {}
[9.916865] (-) TimerEvent: {}
[9.998895] (custom_msgs) StdoutLine: {'line': b'[  2%] Built target ament_cmake_python_build_custom_msgs_egg\n'}
[10.017075] (-) TimerEvent: {}
[10.118480] (-) TimerEvent: {}
[10.220098] (-) TimerEvent: {}
[10.322179] (-) TimerEvent: {}
[10.424227] (-) TimerEvent: {}
[10.526204] (-) TimerEvent: {}
[10.628375] (-) TimerEvent: {}
[10.730606] (-) TimerEvent: {}
[10.834384] (-) TimerEvent: {}
[10.938979] (-) TimerEvent: {}
[11.041423] (-) TimerEvent: {}
[11.143882] (-) TimerEvent: {}
[11.246694] (-) TimerEvent: {}
[11.349415] (-) TimerEvent: {}
[11.451593] (-) TimerEvent: {}
[11.554256] (-) TimerEvent: {}
[11.657183] (-) TimerEvent: {}
[11.759462] (-) TimerEvent: {}
[11.791252] (custom_msgs) StdoutLine: {'line': b'[  2%] Built target custom_msgs__cpp\n'}
[11.815753] (custom_msgs) StdoutLine: {'line': b'[  3%] \x1b[32mBuilding C object CMakeFiles/custom_msgs__rosidl_generator_c.dir/rosidl_generator_c/custom_msgs/msg/detail/accel_data__functions.c.o\x1b[0m\n'}
[11.835692] (custom_msgs) StdoutLine: {'line': b'[  5%] \x1b[32mBuilding C object CMakeFiles/custom_msgs__rosidl_generator_c.dir/rosidl_generator_c/custom_msgs/msg/detail/gyro_data__functions.c.o\x1b[0m\n'}
[11.851205] (custom_msgs) StdoutLine: {'line': b'[  6%] \x1b[32mBuilding C object CMakeFiles/custom_msgs__rosidl_generator_c.dir/rosidl_generator_c/custom_msgs/msg/detail/imu_data__functions.c.o\x1b[0m\n'}
[11.859693] (-) TimerEvent: {}
[11.860805] (custom_msgs) StdoutLine: {'line': b'[  7%] \x1b[34m\x1b[1mGenerating C++ type support dispatch for ROS interfaces\x1b[0m\n'}
[11.959904] (-) TimerEvent: {}
[12.060856] (-) TimerEvent: {}
[12.161841] (-) TimerEvent: {}
[12.188935] (custom_msgs) StdoutLine: {'line': b'[  8%] \x1b[32mBuilding C object CMakeFiles/custom_msgs__rosidl_generator_c.dir/rosidl_generator_c/custom_msgs/msg/detail/estimator_data__functions.c.o\x1b[0m\n'}
[12.262067] (-) TimerEvent: {}
[12.277905] (custom_msgs) StdoutLine: {'line': b'[ 10%] \x1b[32mBuilding C object CMakeFiles/custom_msgs__rosidl_generator_c.dir/rosidl_generator_c/custom_msgs/msg/detail/possition_data__functions.c.o\x1b[0m\n'}
[12.308385] (custom_msgs) StdoutLine: {'line': b'[ 11%] \x1b[32mBuilding C object CMakeFiles/custom_msgs__rosidl_generator_c.dir/rosidl_generator_c/custom_msgs/msg/detail/speed_data__functions.c.o\x1b[0m\n'}
[12.362355] (-) TimerEvent: {}
[12.463937] (-) TimerEvent: {}
[12.566134] (-) TimerEvent: {}
[12.615298] (custom_msgs) StdoutLine: {'line': b'[ 12%] \x1b[32mBuilding C object CMakeFiles/custom_msgs__rosidl_generator_c.dir/rosidl_generator_c/custom_msgs/msg/detail/data_xyz__functions.c.o\x1b[0m\n'}
[12.666471] (-) TimerEvent: {}
[12.681966] (custom_msgs) StdoutLine: {'line': b'[ 13%] \x1b[34m\x1b[1mGenerating C++ type support for eProsima Fast-RTPS\x1b[0m\n'}
[12.766665] (-) TimerEvent: {}
[12.786096] (custom_msgs) StdoutLine: {'line': b'[ 15%] \x1b[34m\x1b[1mGenerating C++ introspection for ROS interfaces\x1b[0m\n'}
[12.866884] (-) TimerEvent: {}
[12.941871] (custom_msgs) StdoutLine: {'line': b'[ 16%] \x1b[32m\x1b[1mLinking C shared library libcustom_msgs__rosidl_generator_c.so\x1b[0m\n'}
[12.967087] (-) TimerEvent: {}
[13.092913] (-) TimerEvent: {}
[13.195317] (-) TimerEvent: {}
[13.298198] (-) TimerEvent: {}
[13.333920] (custom_msgs) StdoutLine: {'line': b'[ 16%] Built target custom_msgs__rosidl_generator_c\n'}
[13.393139] (custom_msgs) StdoutLine: {'line': b'[ 17%] \x1b[34m\x1b[1mGenerating C type support for eProsima Fast-RTPS\x1b[0m\n'}
[13.398442] (-) TimerEvent: {}
[13.500692] (-) TimerEvent: {}
[13.602344] (-) TimerEvent: {}
[13.704214] (-) TimerEvent: {}
[13.805985] (-) TimerEvent: {}
[13.907700] (-) TimerEvent: {}
[14.009511] (-) TimerEvent: {}
[14.111933] (-) TimerEvent: {}
[14.213497] (-) TimerEvent: {}
[14.315172] (-) TimerEvent: {}
[14.406199] (custom_msgs) StdoutLine: {'line': b'[ 18%] \x1b[32mBuilding CXX object CMakeFiles/custom_msgs__rosidl_typesupport_cpp.dir/rosidl_typesupport_cpp/custom_msgs/msg/accel_data__type_support.cpp.o\x1b[0m\n'}
[14.415387] (-) TimerEvent: {}
[14.517461] (-) TimerEvent: {}
[14.619439] (-) TimerEvent: {}
[14.721250] (-) TimerEvent: {}
[14.822981] (-) TimerEvent: {}
[14.925287] (-) TimerEvent: {}
[15.027195] (-) TimerEvent: {}
[15.129287] (-) TimerEvent: {}
[15.231307] (-) TimerEvent: {}
[15.333794] (-) TimerEvent: {}
[15.437527] (-) TimerEvent: {}
[15.540317] (-) TimerEvent: {}
[15.642642] (-) TimerEvent: {}
[15.745056] (-) TimerEvent: {}
[15.847720] (-) TimerEvent: {}
[15.950101] (-) TimerEvent: {}
[16.053330] (-) TimerEvent: {}
[16.155800] (-) TimerEvent: {}
[16.258224] (-) TimerEvent: {}
[16.361171] (-) TimerEvent: {}
[16.367138] (custom_msgs) StdoutLine: {'line': b'[ 20%] \x1b[32mBuilding CXX object CMakeFiles/custom_msgs__rosidl_typesupport_introspection_cpp.dir/rosidl_typesupport_introspection_cpp/custom_msgs/msg/detail/accel_data__type_support.cpp.o\x1b[0m\n'}
[16.461470] (-) TimerEvent: {}
[16.562546] (-) TimerEvent: {}
[16.663628] (-) TimerEvent: {}
[16.692689] (custom_msgs) StdoutLine: {'line': b'[ 21%] \x1b[32mBuilding CXX object CMakeFiles/custom_msgs__rosidl_typesupport_cpp.dir/rosidl_typesupport_cpp/custom_msgs/msg/gyro_data__type_support.cpp.o\x1b[0m\n'}
[16.763842] (-) TimerEvent: {}
[16.867068] (-) TimerEvent: {}
[16.936759] (custom_msgs) StdoutLine: {'line': b'[ 22%] \x1b[32mBuilding CXX object CMakeFiles/custom_msgs__rosidl_typesupport_fastrtps_cpp.dir/rosidl_typesupport_fastrtps_cpp/custom_msgs/msg/detail/dds_fastrtps/accel_data__type_support.cpp.o\x1b[0m\n'}
[16.967306] (-) TimerEvent: {}
[17.069366] (-) TimerEvent: {}
[17.171363] (-) TimerEvent: {}
[17.262355] (custom_msgs) StdoutLine: {'line': b'[ 24%] \x1b[32mBuilding CXX object CMakeFiles/custom_msgs__rosidl_typesupport_fastrtps_c.dir/rosidl_typesupport_fastrtps_c/custom_msgs/msg/detail/accel_data__type_support_c.cpp.o\x1b[0m\n'}
[17.271652] (-) TimerEvent: {}
[17.374071] (-) TimerEvent: {}
[17.476388] (-) TimerEvent: {}
[17.578615] (-) TimerEvent: {}
[17.680959] (-) TimerEvent: {}
[17.783377] (-) TimerEvent: {}
[17.885902] (-) TimerEvent: {}
[17.988599] (-) TimerEvent: {}
[18.091049] (-) TimerEvent: {}
[18.193420] (-) TimerEvent: {}
[18.295816] (-) TimerEvent: {}
[18.398590] (-) TimerEvent: {}
[18.501341] (-) TimerEvent: {}
[18.604289] (-) TimerEvent: {}
[18.659112] (custom_msgs) StdoutLine: {'line': b'[ 25%] \x1b[32mBuilding CXX object CMakeFiles/custom_msgs__rosidl_typesupport_cpp.dir/rosidl_typesupport_cpp/custom_msgs/msg/imu_data__type_support.cpp.o\x1b[0m\n'}
[18.704517] (-) TimerEvent: {}
[18.806852] (-) TimerEvent: {}
[18.909001] (-) TimerEvent: {}
[19.011212] (-) TimerEvent: {}
[19.113498] (-) TimerEvent: {}
[19.216145] (-) TimerEvent: {}
[19.318561] (-) TimerEvent: {}
[19.328132] (custom_msgs) StdoutLine: {'line': b'[ 26%] \x1b[32mBuilding CXX object CMakeFiles/custom_msgs__rosidl_typesupport_introspection_cpp.dir/rosidl_typesupport_introspection_cpp/custom_msgs/msg/detail/gyro_data__type_support.cpp.o\x1b[0m\n'}
[19.418799] (-) TimerEvent: {}
[19.521007] (-) TimerEvent: {}
[19.623362] (-) TimerEvent: {}
[19.726130] (-) TimerEvent: {}
[19.828287] (-) TimerEvent: {}
[19.930830] (-) TimerEvent: {}
[20.033317] (-) TimerEvent: {}
[20.135738] (-) TimerEvent: {}
[20.238216] (-) TimerEvent: {}
[20.339151] (custom_msgs) StdoutLine: {'line': b'[ 27%] \x1b[32mBuilding CXX object CMakeFiles/custom_msgs__rosidl_typesupport_fastrtps_c.dir/rosidl_typesupport_fastrtps_c/custom_msgs/msg/detail/gyro_data__type_support_c.cpp.o\x1b[0m\n'}
[20.341578] (-) TimerEvent: {}
[20.444225] (-) TimerEvent: {}
[20.453013] (custom_msgs) StdoutLine: {'line': b'[ 29%] \x1b[32mBuilding CXX object CMakeFiles/custom_msgs__rosidl_typesupport_fastrtps_cpp.dir/rosidl_typesupport_fastrtps_cpp/custom_msgs/msg/detail/dds_fastrtps/gyro_data__type_support.cpp.o\x1b[0m\n'}
[20.544460] (-) TimerEvent: {}
[20.646594] (-) TimerEvent: {}
[20.748695] (-) TimerEvent: {}
[20.851610] (-) TimerEvent: {}
[20.953912] (-) TimerEvent: {}
[21.056636] (-) TimerEvent: {}
[21.071398] (custom_msgs) StdoutLine: {'line': b'[ 30%] \x1b[32mBuilding CXX object CMakeFiles/custom_msgs__rosidl_typesupport_cpp.dir/rosidl_typesupport_cpp/custom_msgs/msg/estimator_data__type_support.cpp.o\x1b[0m\n'}
[21.156867] (-) TimerEvent: {}
[21.258991] (-) TimerEvent: {}
[21.361846] (-) TimerEvent: {}
[21.464007] (-) TimerEvent: {}
[21.566022] (-) TimerEvent: {}
[21.668647] (-) TimerEvent: {}
[21.771085] (-) TimerEvent: {}
[21.873069] (-) TimerEvent: {}
[21.975515] (-) TimerEvent: {}
[22.077708] (-) TimerEvent: {}
[22.173204] (custom_msgs) StdoutLine: {'line': b'[ 31%] \x1b[32mBuilding CXX object CMakeFiles/custom_msgs__rosidl_typesupport_introspection_cpp.dir/rosidl_typesupport_introspection_cpp/custom_msgs/msg/detail/imu_data__type_support.cpp.o\x1b[0m\n'}
[22.177953] (-) TimerEvent: {}
[22.280202] (-) TimerEvent: {}
[22.382360] (-) TimerEvent: {}
[22.484322] (-) TimerEvent: {}
[22.586659] (-) TimerEvent: {}
[22.689244] (-) TimerEvent: {}
[22.791444] (-) TimerEvent: {}
[22.893712] (-) TimerEvent: {}
[22.995925] (-) TimerEvent: {}
[23.024273] (custom_msgs) StdoutLine: {'line': b'[ 32%] \x1b[32mBuilding CXX object CMakeFiles/custom_msgs__rosidl_typesupport_fastrtps_c.dir/rosidl_typesupport_fastrtps_c/custom_msgs/msg/detail/imu_data__type_support_c.cpp.o\x1b[0m\n'}
[23.096307] (-) TimerEvent: {}
[23.197827] (-) TimerEvent: {}
[23.201842] (custom_msgs) StdoutLine: {'line': b'[ 34%] \x1b[32mBuilding CXX object CMakeFiles/custom_msgs__rosidl_typesupport_cpp.dir/rosidl_typesupport_cpp/custom_msgs/msg/possition_data__type_support.cpp.o\x1b[0m\n'}
[23.298180] (-) TimerEvent: {}
[23.399521] (-) TimerEvent: {}
[23.500626] (-) TimerEvent: {}
[23.601912] (-) TimerEvent: {}
[23.703377] (-) TimerEvent: {}
[23.804821] (-) TimerEvent: {}
[23.906233] (-) TimerEvent: {}
[24.001395] (custom_msgs) StdoutLine: {'line': b'[ 35%] \x1b[32mBuilding CXX object CMakeFiles/custom_msgs__rosidl_typesupport_fastrtps_cpp.dir/rosidl_typesupport_fastrtps_cpp/custom_msgs/msg/detail/dds_fastrtps/imu_data__type_support.cpp.o\x1b[0m\n'}
[24.006489] (-) TimerEvent: {}
[24.108699] (-) TimerEvent: {}
[24.211022] (-) TimerEvent: {}
[24.312639] (-) TimerEvent: {}
[24.413631] (-) TimerEvent: {}
[24.515730] (-) TimerEvent: {}
[24.616808] (-) TimerEvent: {}
[24.719033] (-) TimerEvent: {}
[24.821406] (-) TimerEvent: {}
[24.924150] (-) TimerEvent: {}
[25.026669] (-) TimerEvent: {}
[25.129049] (-) TimerEvent: {}
[25.231769] (-) TimerEvent: {}
[25.334848] (-) TimerEvent: {}
[25.437257] (-) TimerEvent: {}
[25.457679] (custom_msgs) StdoutLine: {'line': b'[ 36%] \x1b[32mBuilding CXX object CMakeFiles/custom_msgs__rosidl_typesupport_introspection_cpp.dir/rosidl_typesupport_introspection_cpp/custom_msgs/msg/detail/estimator_data__type_support.cpp.o\x1b[0m\n'}
[25.493939] (custom_msgs) StdoutLine: {'line': b'[ 37%] \x1b[32mBuilding CXX object CMakeFiles/custom_msgs__rosidl_typesupport_cpp.dir/rosidl_typesupport_cpp/custom_msgs/msg/speed_data__type_support.cpp.o\x1b[0m\n'}
[25.537535] (-) TimerEvent: {}
[25.639170] (-) TimerEvent: {}
[25.700169] (custom_msgs) StdoutLine: {'line': b'[ 39%] \x1b[32mBuilding CXX object CMakeFiles/custom_msgs__rosidl_typesupport_fastrtps_c.dir/rosidl_typesupport_fastrtps_c/custom_msgs/msg/detail/estimator_data__type_support_c.cpp.o\x1b[0m\n'}
[25.739406] (-) TimerEvent: {}
[25.841335] (-) TimerEvent: {}
[25.943692] (-) TimerEvent: {}
[26.045819] (-) TimerEvent: {}
[26.147766] (-) TimerEvent: {}
[26.250003] (-) TimerEvent: {}
[26.352126] (-) TimerEvent: {}
[26.454331] (-) TimerEvent: {}
[26.556736] (-) TimerEvent: {}
[26.658884] (-) TimerEvent: {}
[26.761164] (-) TimerEvent: {}
[26.810890] (my_cpp_pkg) StdoutLine: {'line': b'[100%] \x1b[32m\x1b[1mLinking CXX executable cpp_node\x1b[0m\n'}
[26.861460] (-) TimerEvent: {}
[26.963320] (-) TimerEvent: {}
[27.066100] (-) TimerEvent: {}
[27.169445] (-) TimerEvent: {}
[27.272044] (-) TimerEvent: {}
[27.374591] (-) TimerEvent: {}
[27.477874] (-) TimerEvent: {}
[27.493315] (custom_msgs) StdoutLine: {'line': b'[ 40%] \x1b[32mBuilding CXX object CMakeFiles/custom_msgs__rosidl_typesupport_fastrtps_cpp.dir/rosidl_typesupport_fastrtps_cpp/custom_msgs/msg/detail/dds_fastrtps/estimator_data__type_support.cpp.o\x1b[0m\n'}
[27.578116] (-) TimerEvent: {}
[27.681315] (-) TimerEvent: {}
[27.771390] (custom_msgs) StdoutLine: {'line': b'[ 41%] \x1b[32mBuilding CXX object CMakeFiles/custom_msgs__rosidl_typesupport_cpp.dir/rosidl_typesupport_cpp/custom_msgs/msg/data_xyz__type_support.cpp.o\x1b[0m\n'}
[27.781638] (-) TimerEvent: {}
[27.884813] (-) TimerEvent: {}
[27.986984] (-) TimerEvent: {}
[28.089263] (-) TimerEvent: {}
[28.191489] (-) TimerEvent: {}
[28.272168] (my_cpp_pkg) StdoutLine: {'line': b'[100%] Built target cpp_node\n'}
[28.291783] (-) TimerEvent: {}
[28.314902] (custom_msgs) StdoutLine: {'line': b'[ 43%] \x1b[32mBuilding CXX object CMakeFiles/custom_msgs__rosidl_typesupport_introspection_cpp.dir/rosidl_typesupport_introspection_cpp/custom_msgs/msg/detail/possition_data__type_support.cpp.o\x1b[0m\n'}
[28.345100] (my_cpp_pkg) CommandEnded: {'returncode': 0}
[28.347093] (my_cpp_pkg) JobProgress: {'identifier': 'my_cpp_pkg', 'progress': 'install'}
[28.362654] (custom_msgs) StdoutLine: {'line': b'[ 44%] \x1b[32mBuilding CXX object CMakeFiles/custom_msgs__rosidl_typesupport_fastrtps_c.dir/rosidl_typesupport_fastrtps_c/custom_msgs/msg/detail/possition_data__type_support_c.cpp.o\x1b[0m\n'}
[28.392003] (-) TimerEvent: {}
[28.438576] (my_cpp_pkg) Command: {'cmd': ['/usr/bin/cmake', '--install', '/home/dron/Praca-magisterska/ros2_ws/build/my_cpp_pkg'], 'cwd': '/home/dron/Praca-magisterska/ros2_ws/build/my_cpp_pkg', 'env': OrderedDict([('LESSOPEN', '| /usr/bin/lesspipe %s'), ('USER', 'dron'), ('SSH_CLIENT', 'fe80::73bc:b5b3:a668:f352%wlan0 51701 22'), ('XDG_SESSION_TYPE', 'tty'), ('SHLVL', '1'), ('LD_LIBRARY_PATH', '/opt/ros/humble/lib/aarch64-linux-gnu:/opt/ros/humble/lib:/home/dron/Praca-magisterska/ros2_ws/install/custom_msgs/lib'), ('MOTD_SHOWN', 'pam'), ('HOME', '/home/dron'), ('OLDPWD', '/home/dron/Praca-magisterska/ros2_ws/install'), ('SSH_TTY', '/dev/pts/0'), ('ROS_PYTHON_VERSION', '3'), ('PS1', '(venv) \\[\\e]0;\\u@\\h: \\w\\a\\]${debian_chroot:+($debian_chroot)}\\u@\\h:\\w\\$'), ('DBUS_SESSION_BUS_ADDRESS', 'unix:path=/run/user/1000/bus'), ('COLCON_PREFIX_PATH', '/home/dron/Praca-magisterska/ros2_ws/install'), ('ROS_DISTRO', 'humble'), ('LOGNAME', 'dron'), ('_', '/usr/bin/colcon'), ('ROS_VERSION', '2'), ('XDG_SESSION_CLASS', 'user'), ('TERM', 'xterm'), ('XDG_SESSION_ID', '1'), ('ROS_LOCALHOST_ONLY', '0'), ('PATH', '/opt/ros/humble/bin:/home/rosbot/ros2_ws/venv/bin:/usr/local/sbin:/usr/local/bin:/usr/sbin:/usr/bin:/sbin:/bin:/usr/games:/usr/local/games:/snap/bin'), ('XDG_RUNTIME_DIR', '/run/user/1000'), ('LANG', 'C.UTF-8'), ('VIRTUAL_ENV_PROMPT', '(venv)'), ('LS_COLORS', 'rs=0:di=01;34:ln=01;36:mh=00:pi=40;33:so=01;35:do=01;35:bd=40;33;01:cd=40;33;01:or=40;31;01:mi=00:su=37;41:sg=30;43:ca=30;41:tw=30;42:ow=34;42:st=37;44:ex=01;32:*.tar=01;31:*.tgz=01;31:*.arc=01;31:*.arj=01;31:*.taz=01;31:*.lha=01;31:*.lz4=01;31:*.lzh=01;31:*.lzma=01;31:*.tlz=01;31:*.txz=01;31:*.tzo=01;31:*.t7z=01;31:*.zip=01;31:*.z=01;31:*.dz=01;31:*.gz=01;31:*.lrz=01;31:*.lz=01;31:*.lzo=01;31:*.xz=01;31:*.zst=01;31:*.tzst=01;31:*.bz2=01;31:*.bz=01;31:*.tbz=01;31:*.tbz2=01;31:*.tz=01;31:*.deb=01;31:*.rpm=01;31:*.jar=01;31:*.war=01;31:*.ear=01;31:*.sar=01;31:*.rar=01;31:*.alz=01;31:*.ace=01;31:*.zoo=01;31:*.cpio=01;31:*.7z=01;31:*.rz=01;31:*.cab=01;31:*.wim=01;31:*.swm=01;31:*.dwm=01;31:*.esd=01;31:*.jpg=01;35:*.jpeg=01;35:*.mjpg=01;35:*.mjpeg=01;35:*.gif=01;35:*.bmp=01;35:*.pbm=01;35:*.pgm=01;35:*.ppm=01;35:*.tga=01;35:*.xbm=01;35:*.xpm=01;35:*.tif=01;35:*.tiff=01;35:*.png=01;35:*.svg=01;35:*.svgz=01;35:*.mng=01;35:*.pcx=01;35:*.mov=01;35:*.mpg=01;35:*.mpeg=01;35:*.m2v=01;35:*.mkv=01;35:*.webm=01;35:*.webp=01;35:*.ogm=01;35:*.mp4=01;35:*.m4v=01;35:*.mp4v=01;35:*.vob=01;35:*.qt=01;35:*.nuv=01;35:*.wmv=01;35:*.asf=01;35:*.rm=01;35:*.rmvb=01;35:*.flc=01;35:*.avi=01;35:*.fli=01;35:*.flv=01;35:*.gl=01;35:*.dl=01;35:*.xcf=01;35:*.xwd=01;35:*.yuv=01;35:*.cgm=01;35:*.emf=01;35:*.ogv=01;35:*.ogx=01;35:*.aac=00;36:*.au=00;36:*.flac=00;36:*.m4a=00;36:*.mid=00;36:*.midi=00;36:*.mka=00;36:*.mp3=00;36:*.mpc=00;36:*.ogg=00;36:*.ra=00;36:*.wav=00;36:*.oga=00;36:*.opus=00;36:*.spx=00;36:*.xspf=00;36:'), ('AMENT_PREFIX_PATH', '/opt/ros/humble:/home/dron/Praca-magisterska/ros2_ws/install/um7_pkg:/home/dron/Praca-magisterska/ros2_ws/install/my_py_pkg:/home/dron/Praca-magisterska/ros2_ws/install/my_cpp_pkg:/home/dron/Praca-magisterska/ros2_ws/install/log_data_pkg:/home/dron/Praca-magisterska/ros2_ws/install/flight_controller_pkg:/home/dron/Praca-magisterska/ros2_ws/install/flask_pkg:/home/dron/Praca-magisterska/ros2_ws/install/estimator_pkg:/home/dron/Praca-magisterska/ros2_ws/install/custom_msgs'), ('SHELL', '/bin/bash'), ('LESSCLOSE', '/usr/bin/lesspipe %s %s'), ('VIRTUAL_ENV', '/home/rosbot/ros2_ws/venv'), ('PWD', '/home/dron/Praca-magisterska/ros2_ws/build/my_cpp_pkg'), ('SSH_CONNECTION', 'fe80::73bc:b5b3:a668:f352%wlan0 51701 fe80::da3a:ddff:fe3f:f331%wlan0 22'), ('XDG_DATA_DIRS', '/usr/local/share:/usr/share:/var/lib/snapd/desktop'), ('PYTHONPATH', '/opt/ros/humble/lib/python3.10/site-packages:/opt/ros/humble/local/lib/python3.10/dist-packages:/home/dron/Praca-magisterska/ros2_ws/install/um7_pkg/lib/python3.12/site-packages:/home/dron/Praca-magisterska/ros2_ws/install/my_py_pkg/lib/python3.12/site-packages:/home/dron/Praca-magisterska/ros2_ws/install/log_data_pkg/lib/python3.12/site-packages:/home/dron/Praca-magisterska/ros2_ws/install/flight_controller_pkg/lib/python3.12/site-packages:/home/dron/Praca-magisterska/ros2_ws/install/flask_pkg/lib/python3.12/site-packages:/home/dron/Praca-magisterska/ros2_ws/install/estimator_pkg/lib/python3.12/site-packages:/home/dron/Praca-magisterska/ros2_ws/install/custom_msgs/lib/python3.12/site-packages'), ('COLCON', '1'), ('CMAKE_PREFIX_PATH', '/home/dron/Praca-magisterska/ros2_ws/install/my_cpp_pkg:/home/dron/Praca-magisterska/ros2_ws/install/custom_msgs:/opt/ros/humble:/home/dron/Praca-magisterska/ros2_ws/install/um7_pkg:/home/dron/Praca-magisterska/ros2_ws/install/my_py_pkg:/home/dron/Praca-magisterska/ros2_ws/install/log_data_pkg:/home/dron/Praca-magisterska/ros2_ws/install/flight_controller_pkg:/home/dron/Praca-magisterska/ros2_ws/install/flask_pkg:/home/dron/Praca-magisterska/ros2_ws/install/estimator_pkg')]), 'shell': False}
[28.492262] (-) TimerEvent: {}
[28.502838] (my_cpp_pkg) StdoutLine: {'line': b'-- Install configuration: ""\n'}
[28.507470] (my_cpp_pkg) StdoutLine: {'line': b'-- Installing: /home/dron/Praca-magisterska/ros2_ws/install/my_cpp_pkg/lib/my_cpp_pkg/cpp_node\n'}
[28.509493] (my_cpp_pkg) StdoutLine: {'line': b'-- Set runtime path of "/home/dron/Praca-magisterska/ros2_ws/install/my_cpp_pkg/lib/my_cpp_pkg/cpp_node" to ""\n'}
[28.510545] (my_cpp_pkg) StdoutLine: {'line': b'-- Installing: /home/dron/Praca-magisterska/ros2_ws/install/my_cpp_pkg/share/ament_index/resource_index/package_run_dependencies/my_cpp_pkg\n'}
[28.512017] (my_cpp_pkg) StdoutLine: {'line': b'-- Installing: /home/dron/Praca-magisterska/ros2_ws/install/my_cpp_pkg/share/ament_index/resource_index/parent_prefix_path/my_cpp_pkg\n'}
[28.514628] (my_cpp_pkg) StdoutLine: {'line': b'-- Installing: /home/dron/Praca-magisterska/ros2_ws/install/my_cpp_pkg/share/my_cpp_pkg/environment/ament_prefix_path.sh\n'}
[28.515505] (my_cpp_pkg) StdoutLine: {'line': b'-- Installing: /home/dron/Praca-magisterska/ros2_ws/install/my_cpp_pkg/share/my_cpp_pkg/environment/ament_prefix_path.dsv\n'}
[28.517396] (my_cpp_pkg) StdoutLine: {'line': b'-- Installing: /home/dron/Praca-magisterska/ros2_ws/install/my_cpp_pkg/share/my_cpp_pkg/environment/path.sh\n'}
[28.521292] (my_cpp_pkg) StdoutLine: {'line': b'-- Installing: /home/dron/Praca-magisterska/ros2_ws/install/my_cpp_pkg/share/my_cpp_pkg/environment/path.dsv\n'}
[28.522171] (my_cpp_pkg) StdoutLine: {'line': b'-- Installing: /home/dron/Praca-magisterska/ros2_ws/install/my_cpp_pkg/share/my_cpp_pkg/local_setup.bash\n'}
[28.525205] (my_cpp_pkg) StdoutLine: {'line': b'-- Installing: /home/dron/Praca-magisterska/ros2_ws/install/my_cpp_pkg/share/my_cpp_pkg/local_setup.sh\n'}
[28.525986] (my_cpp_pkg) StdoutLine: {'line': b'-- Installing: /home/dron/Praca-magisterska/ros2_ws/install/my_cpp_pkg/share/my_cpp_pkg/local_setup.zsh\n'}
[28.531506] (my_cpp_pkg) StdoutLine: {'line': b'-- Installing: /home/dron/Praca-magisterska/ros2_ws/install/my_cpp_pkg/share/my_cpp_pkg/local_setup.dsv\n'}
[28.532236] (my_cpp_pkg) StdoutLine: {'line': b'-- Installing: /home/dron/Praca-magisterska/ros2_ws/install/my_cpp_pkg/share/my_cpp_pkg/package.dsv\n'}
[28.536394] (my_cpp_pkg) StdoutLine: {'line': b'-- Installing: /home/dron/Praca-magisterska/ros2_ws/install/my_cpp_pkg/share/ament_index/resource_index/packages/my_cpp_pkg\n'}
[28.537813] (my_cpp_pkg) StdoutLine: {'line': b'-- Installing: /home/dron/Praca-magisterska/ros2_ws/install/my_cpp_pkg/share/my_cpp_pkg/cmake/my_cpp_pkgConfig.cmake\n'}
[28.538825] (my_cpp_pkg) StdoutLine: {'line': b'-- Installing: /home/dron/Praca-magisterska/ros2_ws/install/my_cpp_pkg/share/my_cpp_pkg/cmake/my_cpp_pkgConfig-version.cmake\n'}
[28.539657] (my_cpp_pkg) StdoutLine: {'line': b'-- Installing: /home/dron/Praca-magisterska/ros2_ws/install/my_cpp_pkg/share/my_cpp_pkg/package.xml\n'}
[28.559002] (my_cpp_pkg) CommandEnded: {'returncode': 0}
[28.592482] (-) TimerEvent: {}
[28.693409] (-) TimerEvent: {}
[28.751146] (my_cpp_pkg) JobEnded: {'identifier': 'my_cpp_pkg', 'rc': 0}
[28.793663] (-) TimerEvent: {}
[28.895156] (-) TimerEvent: {}
[28.996203] (-) TimerEvent: {}
[29.097323] (-) TimerEvent: {}
[29.198944] (-) TimerEvent: {}
[29.300231] (-) TimerEvent: {}
[29.401880] (-) TimerEvent: {}
[29.503715] (-) TimerEvent: {}
[29.538045] (custom_msgs) StdoutLine: {'line': b'[ 45%] \x1b[32m\x1b[1mLinking CXX shared library libcustom_msgs__rosidl_typesupport_cpp.so\x1b[0m\n'}
[29.604044] (-) TimerEvent: {}
[29.706151] (-) TimerEvent: {}
[29.807927] (-) TimerEvent: {}
[29.838524] (custom_msgs) StdoutLine: {'line': b'[ 45%] Built target custom_msgs__rosidl_typesupport_cpp\n'}
[29.905149] (custom_msgs) StdoutLine: {'line': b'[ 46%] \x1b[34m\x1b[1mGenerating C introspection for ROS interfaces\x1b[0m\n'}
[29.908228] (-) TimerEvent: {}
[30.010612] (-) TimerEvent: {}
[30.112867] (-) TimerEvent: {}
[30.215582] (-) TimerEvent: {}
[30.318196] (-) TimerEvent: {}
[30.357517] (custom_msgs) StdoutLine: {'line': b'[ 48%] \x1b[32mBuilding CXX object CMakeFiles/custom_msgs__rosidl_typesupport_fastrtps_cpp.dir/rosidl_typesupport_fastrtps_cpp/custom_msgs/msg/detail/dds_fastrtps/possition_data__type_support.cpp.o\x1b[0m\n'}
[30.418426] (-) TimerEvent: {}
[30.520641] (-) TimerEvent: {}
[30.613108] (custom_msgs) StdoutLine: {'line': b'[ 49%] \x1b[32mBuilding CXX object CMakeFiles/custom_msgs__rosidl_typesupport_fastrtps_c.dir/rosidl_typesupport_fastrtps_c/custom_msgs/msg/detail/speed_data__type_support_c.cpp.o\x1b[0m\n'}
[30.620885] (-) TimerEvent: {}
[30.722336] (-) TimerEvent: {}
[30.823703] (-) TimerEvent: {}
[30.891069] (custom_msgs) StdoutLine: {'line': b'[ 50%] \x1b[32mBuilding CXX object CMakeFiles/custom_msgs__rosidl_typesupport_introspection_cpp.dir/rosidl_typesupport_introspection_cpp/custom_msgs/msg/detail/speed_data__type_support.cpp.o\x1b[0m\n'}
[30.923984] (-) TimerEvent: {}
[31.025426] (-) TimerEvent: {}
[31.126729] (-) TimerEvent: {}
[31.228175] (-) TimerEvent: {}
[31.329586] (-) TimerEvent: {}
[31.431109] (-) TimerEvent: {}
[31.532678] (-) TimerEvent: {}
[31.634147] (-) TimerEvent: {}
[31.735905] (-) TimerEvent: {}
[31.837362] (-) TimerEvent: {}
[31.938836] (-) TimerEvent: {}
[32.040266] (-) TimerEvent: {}
[32.141709] (-) TimerEvent: {}
[32.243317] (-) TimerEvent: {}
[32.345030] (-) TimerEvent: {}
[32.447012] (-) TimerEvent: {}
[32.548736] (-) TimerEvent: {}
[32.649692] (-) TimerEvent: {}
[32.719247] (custom_msgs) StdoutLine: {'line': b'[ 51%] \x1b[32mBuilding CXX object CMakeFiles/custom_msgs__rosidl_typesupport_fastrtps_c.dir/rosidl_typesupport_fastrtps_c/custom_msgs/msg/detail/data_xyz__type_support_c.cpp.o\x1b[0m\n'}
[32.749972] (-) TimerEvent: {}
[32.852030] (-) TimerEvent: {}
[32.882692] (custom_msgs) StdoutLine: {'line': b'[ 53%] \x1b[32mBuilding CXX object CMakeFiles/custom_msgs__rosidl_typesupport_fastrtps_cpp.dir/rosidl_typesupport_fastrtps_cpp/custom_msgs/msg/detail/dds_fastrtps/speed_data__type_support.cpp.o\x1b[0m\n'}
[32.952240] (-) TimerEvent: {}
[33.044206] (custom_msgs) StdoutLine: {'line': b'[ 54%] \x1b[32mBuilding C object CMakeFiles/custom_msgs__rosidl_typesupport_introspection_c.dir/rosidl_typesupport_introspection_c/custom_msgs/msg/detail/accel_data__type_support.c.o\x1b[0m\n'}
[33.052498] (-) TimerEvent: {}
[33.154510] (-) TimerEvent: {}
[33.257265] (-) TimerEvent: {}
[33.271655] (custom_msgs) StdoutLine: {'line': b'[ 55%] \x1b[32mBuilding C object CMakeFiles/custom_msgs__rosidl_typesupport_introspection_c.dir/rosidl_typesupport_introspection_c/custom_msgs/msg/detail/gyro_data__type_support.c.o\x1b[0m\n'}
[33.278609] (custom_msgs) StdoutLine: {'line': b'[ 56%] \x1b[32mBuilding CXX object CMakeFiles/custom_msgs__rosidl_typesupport_introspection_cpp.dir/rosidl_typesupport_introspection_cpp/custom_msgs/msg/detail/data_xyz__type_support.cpp.o\x1b[0m\n'}
[33.357481] (-) TimerEvent: {}
[33.459096] (-) TimerEvent: {}
[33.481429] (custom_msgs) StdoutLine: {'line': b'[ 58%] \x1b[32mBuilding C object CMakeFiles/custom_msgs__rosidl_typesupport_introspection_c.dir/rosidl_typesupport_introspection_c/custom_msgs/msg/detail/imu_data__type_support.c.o\x1b[0m\n'}
[33.559339] (-) TimerEvent: {}
[33.661497] (-) TimerEvent: {}
[33.717999] (custom_msgs) StdoutLine: {'line': b'[ 59%] \x1b[32mBuilding C object CMakeFiles/custom_msgs__rosidl_typesupport_introspection_c.dir/rosidl_typesupport_introspection_c/custom_msgs/msg/detail/estimator_data__type_support.c.o\x1b[0m\n'}
[33.761779] (-) TimerEvent: {}
[33.864290] (-) TimerEvent: {}
[33.956554] (custom_msgs) StdoutLine: {'line': b'[ 60%] \x1b[32mBuilding C object CMakeFiles/custom_msgs__rosidl_typesupport_introspection_c.dir/rosidl_typesupport_introspection_c/custom_msgs/msg/detail/possition_data__type_support.c.o\x1b[0m\n'}
[33.964494] (-) TimerEvent: {}
[34.067187] (-) TimerEvent: {}
[34.169644] (-) TimerEvent: {}
[34.213646] (custom_msgs) StdoutLine: {'line': b'[ 62%] \x1b[32mBuilding C object CMakeFiles/custom_msgs__rosidl_typesupport_introspection_c.dir/rosidl_typesupport_introspection_c/custom_msgs/msg/detail/speed_data__type_support.c.o\x1b[0m\n'}
[34.269938] (-) TimerEvent: {}
[34.372576] (-) TimerEvent: {}
[34.444547] (custom_msgs) StdoutLine: {'line': b'[ 63%] \x1b[32mBuilding C object CMakeFiles/custom_msgs__rosidl_typesupport_introspection_c.dir/rosidl_typesupport_introspection_c/custom_msgs/msg/detail/data_xyz__type_support.c.o\x1b[0m\n'}
[34.472857] (-) TimerEvent: {}
[34.575242] (-) TimerEvent: {}
[34.676279] (-) TimerEvent: {}
[34.678608] (custom_msgs) StdoutLine: {'line': b'[ 64%] \x1b[32m\x1b[1mLinking C shared library libcustom_msgs__rosidl_typesupport_introspection_c.so\x1b[0m\n'}
[34.719800] (custom_msgs) StdoutLine: {'line': b'[ 65%] \x1b[32m\x1b[1mLinking CXX shared library libcustom_msgs__rosidl_typesupport_fastrtps_c.so\x1b[0m\n'}
[34.776527] (-) TimerEvent: {}
[34.878881] (-) TimerEvent: {}
[34.898878] (custom_msgs) StdoutLine: {'line': b'[ 65%] Built target custom_msgs__rosidl_typesupport_introspection_c\n'}
[34.970127] (custom_msgs) StdoutLine: {'line': b'[ 67%] \x1b[34m\x1b[1mGenerating C type support dispatch for ROS interfaces\x1b[0m\n'}
[34.979116] (-) TimerEvent: {}
[35.081962] (-) TimerEvent: {}
[35.184157] (-) TimerEvent: {}
[35.215915] (custom_msgs) StdoutLine: {'line': b'[ 67%] Built target custom_msgs__rosidl_typesupport_fastrtps_c\n'}
[35.266978] (custom_msgs) StdoutLine: {'line': b'[ 68%] \x1b[32mBuilding CXX object CMakeFiles/custom_msgs__rosidl_typesupport_fastrtps_cpp.dir/rosidl_typesupport_fastrtps_cpp/custom_msgs/msg/detail/dds_fastrtps/data_xyz__type_support.cpp.o\x1b[0m\n'}
[35.284385] (-) TimerEvent: {}
[35.386372] (-) TimerEvent: {}
[35.487429] (-) TimerEvent: {}
[35.589537] (-) TimerEvent: {}
[35.686503] (custom_msgs) StdoutLine: {'line': b'[ 69%] \x1b[32m\x1b[1mLinking CXX shared library libcustom_msgs__rosidl_typesupport_introspection_cpp.so\x1b[0m\n'}
[35.689666] (-) TimerEvent: {}
[35.791163] (-) TimerEvent: {}
[35.892888] (-) TimerEvent: {}
[35.994504] (-) TimerEvent: {}
[36.032183] (custom_msgs) StdoutLine: {'line': b'[ 69%] Built target custom_msgs__rosidl_typesupport_introspection_cpp\n'}
[36.094707] (-) TimerEvent: {}
[36.196149] (-) TimerEvent: {}
[36.296956] (-) TimerEvent: {}
[36.398263] (-) TimerEvent: {}
[36.499191] (-) TimerEvent: {}
[36.600214] (-) TimerEvent: {}
[36.701519] (-) TimerEvent: {}
[36.772396] (custom_msgs) StdoutLine: {'line': b'[ 70%] \x1b[32mBuilding CXX object CMakeFiles/custom_msgs__rosidl_typesupport_c.dir/rosidl_typesupport_c/custom_msgs/msg/accel_data__type_support.cpp.o\x1b[0m\n'}
[36.778458] (custom_msgs) StdoutLine: {'line': b'[ 73%] \x1b[32mBuilding CXX object CMakeFiles/custom_msgs__rosidl_typesupport_c.dir/rosidl_typesupport_c/custom_msgs/msg/imu_data__type_support.cpp.o\x1b[0m\n'}
[36.779593] (custom_msgs) StdoutLine: {'line': b'[ 73%] \x1b[32mBuilding CXX object CMakeFiles/custom_msgs__rosidl_typesupport_c.dir/rosidl_typesupport_c/custom_msgs/msg/gyro_data__type_support.cpp.o\x1b[0m\n'}
[36.801777] (-) TimerEvent: {}
[36.902845] (-) TimerEvent: {}
[36.956534] (custom_msgs) StdoutLine: {'line': b'[ 74%] \x1b[32mBuilding CXX object CMakeFiles/custom_msgs__rosidl_typesupport_c.dir/rosidl_typesupport_c/custom_msgs/msg/estimator_data__type_support.cpp.o\x1b[0m\n'}
[36.968638] (custom_msgs) StdoutLine: {'line': b'[ 75%] \x1b[32mBuilding CXX object CMakeFiles/custom_msgs__rosidl_typesupport_c.dir/rosidl_typesupport_c/custom_msgs/msg/possition_data__type_support.cpp.o\x1b[0m\n'}
[36.977025] (custom_msgs) StdoutLine: {'line': b'[ 77%] \x1b[32mBuilding CXX object CMakeFiles/custom_msgs__rosidl_typesupport_c.dir/rosidl_typesupport_c/custom_msgs/msg/speed_data__type_support.cpp.o\x1b[0m\n'}
[37.003111] (-) TimerEvent: {}
[37.105605] (-) TimerEvent: {}
[37.119759] (custom_msgs) StdoutLine: {'line': b'[ 78%] \x1b[32mBuilding CXX object CMakeFiles/custom_msgs__rosidl_typesupport_c.dir/rosidl_typesupport_c/custom_msgs/msg/data_xyz__type_support.cpp.o\x1b[0m\n'}
[37.205827] (-) TimerEvent: {}
[37.265432] (custom_msgs) StdoutLine: {'line': b'[ 79%] \x1b[32m\x1b[1mLinking CXX shared library libcustom_msgs__rosidl_typesupport_c.so\x1b[0m\n'}
[37.306036] (-) TimerEvent: {}
[37.360946] (custom_msgs) StdoutLine: {'line': b'[ 81%] \x1b[32m\x1b[1mLinking CXX shared library libcustom_msgs__rosidl_typesupport_fastrtps_cpp.so\x1b[0m\n'}
[37.406218] (-) TimerEvent: {}
[37.437888] (custom_msgs) StdoutLine: {'line': b'[ 81%] Built target custom_msgs__rosidl_typesupport_c\n'}
[37.506572] (-) TimerEvent: {}
[37.607534] (-) TimerEvent: {}
[37.703595] (custom_msgs) StdoutLine: {'line': b'[ 81%] Built target custom_msgs__rosidl_typesupport_fastrtps_cpp\n'}
[37.707703] (-) TimerEvent: {}
[37.796933] (custom_msgs) StdoutLine: {'line': b'[ 81%] Built target custom_msgs\n'}
[37.807870] (-) TimerEvent: {}
[37.884635] (custom_msgs) StdoutLine: {'line': b'[ 82%] \x1b[34m\x1b[1mGenerating Python code for ROS interfaces\x1b[0m\n'}
[37.908092] (-) TimerEvent: {}
[38.008830] (-) TimerEvent: {}
[38.109585] (-) TimerEvent: {}
[38.210556] (-) TimerEvent: {}
[38.311356] (-) TimerEvent: {}
[38.412018] (-) TimerEvent: {}
[38.512740] (-) TimerEvent: {}
[38.613438] (-) TimerEvent: {}
[38.714151] (-) TimerEvent: {}
[38.814894] (-) TimerEvent: {}
[38.915596] (-) TimerEvent: {}
[39.016295] (-) TimerEvent: {}
[39.116938] (-) TimerEvent: {}
[39.217628] (-) TimerEvent: {}
[39.318316] (-) TimerEvent: {}
[39.419023] (-) TimerEvent: {}
[39.519721] (-) TimerEvent: {}
[39.620371] (-) TimerEvent: {}
[39.721003] (-) TimerEvent: {}
[39.821649] (-) TimerEvent: {}
[39.922321] (-) TimerEvent: {}
[40.022992] (-) TimerEvent: {}
[40.123701] (-) TimerEvent: {}
[40.224421] (-) TimerEvent: {}
[40.325047] (-) TimerEvent: {}
[40.425701] (-) TimerEvent: {}
[40.526374] (-) TimerEvent: {}
[40.627126] (-) TimerEvent: {}
[40.727800] (-) TimerEvent: {}
[40.828489] (-) TimerEvent: {}
[40.929132] (-) TimerEvent: {}
[41.029957] (-) TimerEvent: {}
[41.131224] (-) TimerEvent: {}
[41.232580] (-) TimerEvent: {}
[41.264783] (custom_msgs) StdoutLine: {'line': b'[ 82%] Built target custom_msgs__py\n'}
[41.332797] (-) TimerEvent: {}
[41.358529] (custom_msgs) StdoutLine: {'line': b'[ 83%] \x1b[32mBuilding C object CMakeFiles/custom_msgs__rosidl_generator_py.dir/rosidl_generator_py/custom_msgs/msg/_accel_data_s.c.o\x1b[0m\n'}
[41.360735] (custom_msgs) StdoutLine: {'line': b'[ 84%] \x1b[32mBuilding C object CMakeFiles/custom_msgs__rosidl_generator_py.dir/rosidl_generator_py/custom_msgs/msg/_gyro_data_s.c.o\x1b[0m\n'}
[41.366657] (custom_msgs) StdoutLine: {'line': b'[ 86%] \x1b[32mBuilding C object CMakeFiles/custom_msgs__rosidl_generator_py.dir/rosidl_generator_py/custom_msgs/msg/_imu_data_s.c.o\x1b[0m\n'}
[41.370859] (custom_msgs) StdoutLine: {'line': b'[ 87%] \x1b[32mBuilding C object CMakeFiles/custom_msgs__rosidl_generator_py.dir/rosidl_generator_py/custom_msgs/msg/_estimator_data_s.c.o\x1b[0m\n'}
[41.432975] (-) TimerEvent: {}
[41.534122] (-) TimerEvent: {}
[41.635595] (-) TimerEvent: {}
[41.737261] (-) TimerEvent: {}
[41.839324] (-) TimerEvent: {}
[41.941191] (-) TimerEvent: {}
[41.996916] (custom_msgs) StdoutLine: {'line': b'[ 88%] \x1b[32mBuilding C object CMakeFiles/custom_msgs__rosidl_generator_py.dir/rosidl_generator_py/custom_msgs/msg/_possition_data_s.c.o\x1b[0m\n'}
[42.000394] (custom_msgs) StdoutLine: {'line': b'[ 89%] \x1b[32mBuilding C object CMakeFiles/custom_msgs__rosidl_generator_py.dir/rosidl_generator_py/custom_msgs/msg/_speed_data_s.c.o\x1b[0m\n'}
[42.004886] (custom_msgs) StdoutLine: {'line': b'[ 91%] \x1b[32mBuilding C object CMakeFiles/custom_msgs__rosidl_generator_py.dir/rosidl_generator_py/custom_msgs/msg/_data_xyz_s.c.o\x1b[0m\n'}
[42.041534] (-) TimerEvent: {}
[42.142681] (-) TimerEvent: {}
[42.243756] (-) TimerEvent: {}
[42.346238] (-) TimerEvent: {}
[42.450073] (-) TimerEvent: {}
[42.482388] (custom_msgs) StdoutLine: {'line': b'[ 92%] \x1b[32m\x1b[1mLinking C shared library rosidl_generator_py/custom_msgs/libcustom_msgs__rosidl_generator_py.so\x1b[0m\n'}
[42.550314] (-) TimerEvent: {}
[42.651295] (-) TimerEvent: {}
[42.665639] (custom_msgs) StdoutLine: {'line': b'[ 92%] Built target custom_msgs__rosidl_generator_py\n'}
[42.751552] (-) TimerEvent: {}
[42.756310] (custom_msgs) StdoutLine: {'line': b'[ 93%] \x1b[32mBuilding C object CMakeFiles/custom_msgs__rosidl_typesupport_fastrtps_c__pyext.dir/rosidl_generator_py/custom_msgs/_custom_msgs_s.ep.rosidl_typesupport_fastrtps_c.c.o\x1b[0m\n'}
[42.758921] (custom_msgs) StdoutLine: {'line': b'[ 96%] \x1b[32mBuilding C object CMakeFiles/custom_msgs__rosidl_typesupport_c__pyext.dir/rosidl_generator_py/custom_msgs/_custom_msgs_s.ep.rosidl_typesupport_c.c.o\x1b[0m\n'}
[42.759994] (custom_msgs) StdoutLine: {'line': b'[ 96%] \x1b[32mBuilding C object CMakeFiles/custom_msgs__rosidl_typesupport_introspection_c__pyext.dir/rosidl_generator_py/custom_msgs/_custom_msgs_s.ep.rosidl_typesupport_introspection_c.c.o\x1b[0m\n'}
[42.851830] (-) TimerEvent: {}
[42.952738] (-) TimerEvent: {}
[43.053601] (-) TimerEvent: {}
[43.155033] (-) TimerEvent: {}
[43.257430] (-) TimerEvent: {}
[43.287129] (custom_msgs) StdoutLine: {'line': b'[ 97%] \x1b[32m\x1b[1mLinking C shared library rosidl_generator_py/custom_msgs/custom_msgs_s__rosidl_typesupport_c.cpython-310-aarch64-linux-gnu.so\x1b[0m\n'}
[43.312547] (custom_msgs) StdoutLine: {'line': b'[ 98%] \x1b[32m\x1b[1mLinking C shared library rosidl_generator_py/custom_msgs/custom_msgs_s__rosidl_typesupport_introspection_c.cpython-310-aarch64-linux-gnu.so\x1b[0m\n'}
[43.347876] (custom_msgs) StdoutLine: {'line': b'[100%] \x1b[32m\x1b[1mLinking C shared library rosidl_generator_py/custom_msgs/custom_msgs_s__rosidl_typesupport_fastrtps_c.cpython-310-aarch64-linux-gnu.so\x1b[0m\n'}
[43.357670] (-) TimerEvent: {}
[43.456110] (custom_msgs) StdoutLine: {'line': b'[100%] Built target custom_msgs__rosidl_typesupport_c__pyext\n'}
[43.458363] (-) TimerEvent: {}
[43.489035] (custom_msgs) StdoutLine: {'line': b'[100%] Built target custom_msgs__rosidl_typesupport_introspection_c__pyext\n'}
[43.526309] (custom_msgs) StdoutLine: {'line': b'[100%] Built target custom_msgs__rosidl_typesupport_fastrtps_c__pyext\n'}
[43.558506] (-) TimerEvent: {}
[43.573218] (custom_msgs) CommandEnded: {'returncode': 0}
[43.575511] (custom_msgs) JobProgress: {'identifier': 'custom_msgs', 'progress': 'install'}
[43.578852] (custom_msgs) Command: {'cmd': ['/usr/bin/cmake', '--install', '/home/dron/Praca-magisterska/ros2_ws/build/custom_msgs'], 'cwd': '/home/dron/Praca-magisterska/ros2_ws/build/custom_msgs', 'env': OrderedDict([('LESSOPEN', '| /usr/bin/lesspipe %s'), ('USER', 'dron'), ('SSH_CLIENT', 'fe80::73bc:b5b3:a668:f352%wlan0 51701 22'), ('XDG_SESSION_TYPE', 'tty'), ('SHLVL', '1'), ('LD_LIBRARY_PATH', '/opt/ros/humble/lib/aarch64-linux-gnu:/opt/ros/humble/lib:/home/dron/Praca-magisterska/ros2_ws/install/custom_msgs/lib'), ('MOTD_SHOWN', 'pam'), ('HOME', '/home/dron'), ('OLDPWD', '/home/dron/Praca-magisterska/ros2_ws/install'), ('SSH_TTY', '/dev/pts/0'), ('ROS_PYTHON_VERSION', '3'), ('PS1', '(venv) \\[\\e]0;\\u@\\h: \\w\\a\\]${debian_chroot:+($debian_chroot)}\\u@\\h:\\w\\$'), ('DBUS_SESSION_BUS_ADDRESS', 'unix:path=/run/user/1000/bus'), ('COLCON_PREFIX_PATH', '/home/dron/Praca-magisterska/ros2_ws/install'), ('ROS_DISTRO', 'humble'), ('LOGNAME', 'dron'), ('_', '/usr/bin/colcon'), ('ROS_VERSION', '2'), ('XDG_SESSION_CLASS', 'user'), ('TERM', 'xterm'), ('XDG_SESSION_ID', '1'), ('ROS_LOCALHOST_ONLY', '0'), ('PATH', '/opt/ros/humble/bin:/home/rosbot/ros2_ws/venv/bin:/usr/local/sbin:/usr/local/bin:/usr/sbin:/usr/bin:/sbin:/bin:/usr/games:/usr/local/games:/snap/bin'), ('XDG_RUNTIME_DIR', '/run/user/1000'), ('LANG', 'C.UTF-8'), ('VIRTUAL_ENV_PROMPT', '(venv)'), ('LS_COLORS', 'rs=0:di=01;34:ln=01;36:mh=00:pi=40;33:so=01;35:do=01;35:bd=40;33;01:cd=40;33;01:or=40;31;01:mi=00:su=37;41:sg=30;43:ca=30;41:tw=30;42:ow=34;42:st=37;44:ex=01;32:*.tar=01;31:*.tgz=01;31:*.arc=01;31:*.arj=01;31:*.taz=01;31:*.lha=01;31:*.lz4=01;31:*.lzh=01;31:*.lzma=01;31:*.tlz=01;31:*.txz=01;31:*.tzo=01;31:*.t7z=01;31:*.zip=01;31:*.z=01;31:*.dz=01;31:*.gz=01;31:*.lrz=01;31:*.lz=01;31:*.lzo=01;31:*.xz=01;31:*.zst=01;31:*.tzst=01;31:*.bz2=01;31:*.bz=01;31:*.tbz=01;31:*.tbz2=01;31:*.tz=01;31:*.deb=01;31:*.rpm=01;31:*.jar=01;31:*.war=01;31:*.ear=01;31:*.sar=01;31:*.rar=01;31:*.alz=01;31:*.ace=01;31:*.zoo=01;31:*.cpio=01;31:*.7z=01;31:*.rz=01;31:*.cab=01;31:*.wim=01;31:*.swm=01;31:*.dwm=01;31:*.esd=01;31:*.jpg=01;35:*.jpeg=01;35:*.mjpg=01;35:*.mjpeg=01;35:*.gif=01;35:*.bmp=01;35:*.pbm=01;35:*.pgm=01;35:*.ppm=01;35:*.tga=01;35:*.xbm=01;35:*.xpm=01;35:*.tif=01;35:*.tiff=01;35:*.png=01;35:*.svg=01;35:*.svgz=01;35:*.mng=01;35:*.pcx=01;35:*.mov=01;35:*.mpg=01;35:*.mpeg=01;35:*.m2v=01;35:*.mkv=01;35:*.webm=01;35:*.webp=01;35:*.ogm=01;35:*.mp4=01;35:*.m4v=01;35:*.mp4v=01;35:*.vob=01;35:*.qt=01;35:*.nuv=01;35:*.wmv=01;35:*.asf=01;35:*.rm=01;35:*.rmvb=01;35:*.flc=01;35:*.avi=01;35:*.fli=01;35:*.flv=01;35:*.gl=01;35:*.dl=01;35:*.xcf=01;35:*.xwd=01;35:*.yuv=01;35:*.cgm=01;35:*.emf=01;35:*.ogv=01;35:*.ogx=01;35:*.aac=00;36:*.au=00;36:*.flac=00;36:*.m4a=00;36:*.mid=00;36:*.midi=00;36:*.mka=00;36:*.mp3=00;36:*.mpc=00;36:*.ogg=00;36:*.ra=00;36:*.wav=00;36:*.oga=00;36:*.opus=00;36:*.spx=00;36:*.xspf=00;36:'), ('AMENT_PREFIX_PATH', '/opt/ros/humble:/home/dron/Praca-magisterska/ros2_ws/install/um7_pkg:/home/dron/Praca-magisterska/ros2_ws/install/my_py_pkg:/home/dron/Praca-magisterska/ros2_ws/install/my_cpp_pkg:/home/dron/Praca-magisterska/ros2_ws/install/log_data_pkg:/home/dron/Praca-magisterska/ros2_ws/install/flight_controller_pkg:/home/dron/Praca-magisterska/ros2_ws/install/flask_pkg:/home/dron/Praca-magisterska/ros2_ws/install/estimator_pkg:/home/dron/Praca-magisterska/ros2_ws/install/custom_msgs'), ('SHELL', '/bin/bash'), ('LESSCLOSE', '/usr/bin/lesspipe %s %s'), ('VIRTUAL_ENV', '/home/rosbot/ros2_ws/venv'), ('PWD', '/home/dron/Praca-magisterska/ros2_ws/build/custom_msgs'), ('SSH_CONNECTION', 'fe80::73bc:b5b3:a668:f352%wlan0 51701 fe80::da3a:ddff:fe3f:f331%wlan0 22'), ('XDG_DATA_DIRS', '/usr/local/share:/usr/share:/var/lib/snapd/desktop'), ('PYTHONPATH', '/opt/ros/humble/lib/python3.10/site-packages:/opt/ros/humble/local/lib/python3.10/dist-packages:/home/dron/Praca-magisterska/ros2_ws/install/um7_pkg/lib/python3.12/site-packages:/home/dron/Praca-magisterska/ros2_ws/install/my_py_pkg/lib/python3.12/site-packages:/home/dron/Praca-magisterska/ros2_ws/install/log_data_pkg/lib/python3.12/site-packages:/home/dron/Praca-magisterska/ros2_ws/install/flight_controller_pkg/lib/python3.12/site-packages:/home/dron/Praca-magisterska/ros2_ws/install/flask_pkg/lib/python3.12/site-packages:/home/dron/Praca-magisterska/ros2_ws/install/estimator_pkg/lib/python3.12/site-packages:/home/dron/Praca-magisterska/ros2_ws/install/custom_msgs/lib/python3.12/site-packages'), ('COLCON', '1'), ('CMAKE_PREFIX_PATH', '/home/dron/Praca-magisterska/ros2_ws/install/my_cpp_pkg:/home/dron/Praca-magisterska/ros2_ws/install/custom_msgs:/opt/ros/humble:/home/dron/Praca-magisterska/ros2_ws/install/um7_pkg:/home/dron/Praca-magisterska/ros2_ws/install/my_py_pkg:/home/dron/Praca-magisterska/ros2_ws/install/log_data_pkg:/home/dron/Praca-magisterska/ros2_ws/install/flight_controller_pkg:/home/dron/Praca-magisterska/ros2_ws/install/flask_pkg:/home/dron/Praca-magisterska/ros2_ws/install/estimator_pkg')]), 'shell': False}
[43.610569] (custom_msgs) StdoutLine: {'line': b'-- Install configuration: ""\n'}
[43.611276] (custom_msgs) StdoutLine: {'line': b'-- Installing: /home/dron/Praca-magisterska/ros2_ws/install/custom_msgs/share/ament_index/resource_index/rosidl_interfaces/custom_msgs\n'}
[43.612561] (custom_msgs) StdoutLine: {'line': b'-- Up-to-date: /home/dron/Praca-magisterska/ros2_ws/install/custom_msgs/include/custom_msgs/custom_msgs\n'}
[43.613121] (custom_msgs) StdoutLine: {'line': b'-- Up-to-date: /home/dron/Praca-magisterska/ros2_ws/install/custom_msgs/include/custom_msgs/custom_msgs/msg\n'}
[43.613543] (custom_msgs) StdoutLine: {'line': b'-- Installing: /home/dron/Praca-magisterska/ros2_ws/install/custom_msgs/include/custom_msgs/custom_msgs/msg/imu_data.h\n'}
[43.614773] (custom_msgs) StdoutLine: {'line': b'-- Installing: /home/dron/Praca-magisterska/ros2_ws/install/custom_msgs/include/custom_msgs/custom_msgs/msg/data_xyz.h\n'}
[43.615920] (custom_msgs) StdoutLine: {'line': b'-- Installing: /home/dron/Praca-magisterska/ros2_ws/install/custom_msgs/include/custom_msgs/custom_msgs/msg/gyro_data.h\n'}
[43.617525] (custom_msgs) StdoutLine: {'line': b'-- Installing: /home/dron/Praca-magisterska/ros2_ws/install/custom_msgs/include/custom_msgs/custom_msgs/msg/estimator_data.h\n'}
[43.618687] (custom_msgs) StdoutLine: {'line': b'-- Installing: /home/dron/Praca-magisterska/ros2_ws/install/custom_msgs/include/custom_msgs/custom_msgs/msg/accel_data.h\n'}
[43.619826] (custom_msgs) StdoutLine: {'line': b'-- Installing: /home/dron/Praca-magisterska/ros2_ws/install/custom_msgs/include/custom_msgs/custom_msgs/msg/possition_data.h\n'}
[43.621092] (custom_msgs) StdoutLine: {'line': b'-- Installing: /home/dron/Praca-magisterska/ros2_ws/install/custom_msgs/include/custom_msgs/custom_msgs/msg/rosidl_generator_c__visibility_control.h\n'}
[43.622324] (custom_msgs) StdoutLine: {'line': b'-- Up-to-date: /home/dron/Praca-magisterska/ros2_ws/install/custom_msgs/include/custom_msgs/custom_msgs/msg/detail\n'}
[43.623030] (custom_msgs) StdoutLine: {'line': b'-- Installing: /home/dron/Praca-magisterska/ros2_ws/install/custom_msgs/include/custom_msgs/custom_msgs/msg/detail/accel_data__type_support.h\n'}
[43.624420] (custom_msgs) StdoutLine: {'line': b'-- Installing: /home/dron/Praca-magisterska/ros2_ws/install/custom_msgs/include/custom_msgs/custom_msgs/msg/detail/data_xyz__functions.h\n'}
[43.625727] (custom_msgs) StdoutLine: {'line': b'-- Installing: /home/dron/Praca-magisterska/ros2_ws/install/custom_msgs/include/custom_msgs/custom_msgs/msg/detail/possition_data__struct.h\n'}
[43.627005] (custom_msgs) StdoutLine: {'line': b'-- Installing: /home/dron/Praca-magisterska/ros2_ws/install/custom_msgs/include/custom_msgs/custom_msgs/msg/detail/estimator_data__functions.c\n'}
[43.628410] (custom_msgs) StdoutLine: {'line': b'-- Installing: /home/dron/Praca-magisterska/ros2_ws/install/custom_msgs/include/custom_msgs/custom_msgs/msg/detail/speed_data__type_support.h\n'}
[43.629710] (custom_msgs) StdoutLine: {'line': b'-- Installing: /home/dron/Praca-magisterska/ros2_ws/install/custom_msgs/include/custom_msgs/custom_msgs/msg/detail/imu_data__functions.h\n'}
[43.631016] (custom_msgs) StdoutLine: {'line': b'-- Installing: /home/dron/Praca-magisterska/ros2_ws/install/custom_msgs/include/custom_msgs/custom_msgs/msg/detail/imu_data__type_support.h\n'}
[43.632297] (custom_msgs) StdoutLine: {'line': b'-- Installing: /home/dron/Praca-magisterska/ros2_ws/install/custom_msgs/include/custom_msgs/custom_msgs/msg/detail/accel_data__functions.c\n'}
[43.633629] (custom_msgs) StdoutLine: {'line': b'-- Installing: /home/dron/Praca-magisterska/ros2_ws/install/custom_msgs/include/custom_msgs/custom_msgs/msg/detail/possition_data__type_support.h\n'}
[43.634951] (custom_msgs) StdoutLine: {'line': b'-- Installing: /home/dron/Praca-magisterska/ros2_ws/install/custom_msgs/include/custom_msgs/custom_msgs/msg/detail/gyro_data__functions.c\n'}
[43.636532] (custom_msgs) StdoutLine: {'line': b'-- Installing: /home/dron/Praca-magisterska/ros2_ws/install/custom_msgs/include/custom_msgs/custom_msgs/msg/detail/estimator_data__struct.h\n'}
[43.637849] (custom_msgs) StdoutLine: {'line': b'-- Installing: /home/dron/Praca-magisterska/ros2_ws/install/custom_msgs/include/custom_msgs/custom_msgs/msg/detail/estimator_data__type_support.h\n'}
[43.639141] (custom_msgs) StdoutLine: {'line': b'-- Installing: /home/dron/Praca-magisterska/ros2_ws/install/custom_msgs/include/custom_msgs/custom_msgs/msg/detail/possition_data__functions.h\n'}
[43.640485] (custom_msgs) StdoutLine: {'line': b'-- Installing: /home/dron/Praca-magisterska/ros2_ws/install/custom_msgs/include/custom_msgs/custom_msgs/msg/detail/gyro_data__struct.h\n'}
[43.641733] (custom_msgs) StdoutLine: {'line': b'-- Installing: /home/dron/Praca-magisterska/ros2_ws/install/custom_msgs/include/custom_msgs/custom_msgs/msg/detail/data_xyz__functions.c\n'}
[43.643042] (custom_msgs) StdoutLine: {'line': b'-- Installing: /home/dron/Praca-magisterska/ros2_ws/install/custom_msgs/include/custom_msgs/custom_msgs/msg/detail/speed_data__functions.c\n'}
[43.644387] (custom_msgs) StdoutLine: {'line': b'-- Installing: /home/dron/Praca-magisterska/ros2_ws/install/custom_msgs/include/custom_msgs/custom_msgs/msg/detail/speed_data__functions.h\n'}
[43.645739] (custom_msgs) StdoutLine: {'line': b'-- Installing: /home/dron/Praca-magisterska/ros2_ws/install/custom_msgs/include/custom_msgs/custom_msgs/msg/detail/data_xyz__type_support.h\n'}
[43.646986] (custom_msgs) StdoutLine: {'line': b'-- Installing: /home/dron/Praca-magisterska/ros2_ws/install/custom_msgs/include/custom_msgs/custom_msgs/msg/detail/imu_data__functions.c\n'}
[43.648359] (custom_msgs) StdoutLine: {'line': b'-- Installing: /home/dron/Praca-magisterska/ros2_ws/install/custom_msgs/include/custom_msgs/custom_msgs/msg/detail/accel_data__functions.h\n'}
[43.649683] (custom_msgs) StdoutLine: {'line': b'-- Installing: /home/dron/Praca-magisterska/ros2_ws/install/custom_msgs/include/custom_msgs/custom_msgs/msg/detail/imu_data__struct.h\n'}
[43.650925] (custom_msgs) StdoutLine: {'line': b'-- Installing: /home/dron/Praca-magisterska/ros2_ws/install/custom_msgs/include/custom_msgs/custom_msgs/msg/detail/speed_data__struct.h\n'}
[43.652233] (custom_msgs) StdoutLine: {'line': b'-- Installing: /home/dron/Praca-magisterska/ros2_ws/install/custom_msgs/include/custom_msgs/custom_msgs/msg/detail/gyro_data__type_support.h\n'}
[43.653491] (custom_msgs) StdoutLine: {'line': b'-- Installing: /home/dron/Praca-magisterska/ros2_ws/install/custom_msgs/include/custom_msgs/custom_msgs/msg/detail/possition_data__functions.c\n'}
[43.654836] (custom_msgs) StdoutLine: {'line': b'-- Installing: /home/dron/Praca-magisterska/ros2_ws/install/custom_msgs/include/custom_msgs/custom_msgs/msg/detail/estimator_data__functions.h\n'}
[43.656199] (custom_msgs) StdoutLine: {'line': b'-- Installing: /home/dron/Praca-magisterska/ros2_ws/install/custom_msgs/include/custom_msgs/custom_msgs/msg/detail/accel_data__struct.h\n'}
[43.657813] (custom_msgs) StdoutLine: {'line': b'-- Installing: /home/dron/Praca-magisterska/ros2_ws/install/custom_msgs/include/custom_msgs/custom_msgs/msg/detail/gyro_data__functions.h\n'}
[43.658601] (-) TimerEvent: {}
[43.659350] (custom_msgs) StdoutLine: {'line': b'-- Installing: /home/dron/Praca-magisterska/ros2_ws/install/custom_msgs/include/custom_msgs/custom_msgs/msg/detail/data_xyz__struct.h\n'}
[43.660501] (custom_msgs) StdoutLine: {'line': b'-- Installing: /home/dron/Praca-magisterska/ros2_ws/install/custom_msgs/include/custom_msgs/custom_msgs/msg/speed_data.h\n'}
[43.663406] (custom_msgs) StdoutLine: {'line': b'-- Installing: /home/dron/Praca-magisterska/ros2_ws/install/custom_msgs/share/custom_msgs/environment/library_path.sh\n'}
[43.663974] (custom_msgs) StdoutLine: {'line': b'-- Installing: /home/dron/Praca-magisterska/ros2_ws/install/custom_msgs/share/custom_msgs/environment/library_path.dsv\n'}
[43.665796] (custom_msgs) StdoutLine: {'line': b'-- Installing: /home/dron/Praca-magisterska/ros2_ws/install/custom_msgs/lib/libcustom_msgs__rosidl_generator_c.so\n'}
[43.668976] (custom_msgs) StdoutLine: {'line': b'-- Set runtime path of "/home/dron/Praca-magisterska/ros2_ws/install/custom_msgs/lib/libcustom_msgs__rosidl_generator_c.so" to ""\n'}
[43.669543] (custom_msgs) StdoutLine: {'line': b'-- Up-to-date: /home/dron/Praca-magisterska/ros2_ws/install/custom_msgs/include/custom_msgs/custom_msgs\n'}
[43.669961] (custom_msgs) StdoutLine: {'line': b'-- Up-to-date: /home/dron/Praca-magisterska/ros2_ws/install/custom_msgs/include/custom_msgs/custom_msgs/msg\n'}
[43.670360] (custom_msgs) StdoutLine: {'line': b'-- Installing: /home/dron/Praca-magisterska/ros2_ws/install/custom_msgs/include/custom_msgs/custom_msgs/msg/rosidl_typesupport_fastrtps_c__visibility_control.h\n'}
[43.671541] (custom_msgs) StdoutLine: {'line': b'-- Up-to-date: /home/dron/Praca-magisterska/ros2_ws/install/custom_msgs/include/custom_msgs/custom_msgs/msg/detail\n'}
[43.672150] (custom_msgs) StdoutLine: {'line': b'-- Installing: /home/dron/Praca-magisterska/ros2_ws/install/custom_msgs/include/custom_msgs/custom_msgs/msg/detail/speed_data__rosidl_typesupport_fastrtps_c.h\n'}
[43.673612] (custom_msgs) StdoutLine: {'line': b'-- Installing: /home/dron/Praca-magisterska/ros2_ws/install/custom_msgs/include/custom_msgs/custom_msgs/msg/detail/imu_data__rosidl_typesupport_fastrtps_c.h\n'}
[43.674984] (custom_msgs) StdoutLine: {'line': b'-- Installing: /home/dron/Praca-magisterska/ros2_ws/install/custom_msgs/include/custom_msgs/custom_msgs/msg/detail/gyro_data__rosidl_typesupport_fastrtps_c.h\n'}
[43.676425] (custom_msgs) StdoutLine: {'line': b'-- Installing: /home/dron/Praca-magisterska/ros2_ws/install/custom_msgs/include/custom_msgs/custom_msgs/msg/detail/accel_data__rosidl_typesupport_fastrtps_c.h\n'}
[43.677775] (custom_msgs) StdoutLine: {'line': b'-- Installing: /home/dron/Praca-magisterska/ros2_ws/install/custom_msgs/include/custom_msgs/custom_msgs/msg/detail/data_xyz__rosidl_typesupport_fastrtps_c.h\n'}
[43.679136] (custom_msgs) StdoutLine: {'line': b'-- Installing: /home/dron/Praca-magisterska/ros2_ws/install/custom_msgs/include/custom_msgs/custom_msgs/msg/detail/possition_data__rosidl_typesupport_fastrtps_c.h\n'}
[43.680612] (custom_msgs) StdoutLine: {'line': b'-- Installing: /home/dron/Praca-magisterska/ros2_ws/install/custom_msgs/include/custom_msgs/custom_msgs/msg/detail/estimator_data__rosidl_typesupport_fastrtps_c.h\n'}
[43.682979] (custom_msgs) StdoutLine: {'line': b'-- Installing: /home/dron/Praca-magisterska/ros2_ws/install/custom_msgs/lib/libcustom_msgs__rosidl_typesupport_fastrtps_c.so\n'}
[43.686042] (custom_msgs) StdoutLine: {'line': b'-- Set runtime path of "/home/dron/Praca-magisterska/ros2_ws/install/custom_msgs/lib/libcustom_msgs__rosidl_typesupport_fastrtps_c.so" to ""\n'}
[43.686645] (custom_msgs) StdoutLine: {'line': b'-- Up-to-date: /home/dron/Praca-magisterska/ros2_ws/install/custom_msgs/include/custom_msgs/custom_msgs\n'}
[43.687134] (custom_msgs) StdoutLine: {'line': b'-- Up-to-date: /home/dron/Praca-magisterska/ros2_ws/install/custom_msgs/include/custom_msgs/custom_msgs/msg\n'}
[43.687462] (custom_msgs) StdoutLine: {'line': b'-- Up-to-date: /home/dron/Praca-magisterska/ros2_ws/install/custom_msgs/include/custom_msgs/custom_msgs/msg/detail\n'}
[43.687833] (custom_msgs) StdoutLine: {'line': b'-- Installing: /home/dron/Praca-magisterska/ros2_ws/install/custom_msgs/include/custom_msgs/custom_msgs/msg/detail/estimator_data__rosidl_typesupport_introspection_c.h\n'}
[43.689277] (custom_msgs) StdoutLine: {'line': b'-- Installing: /home/dron/Praca-magisterska/ros2_ws/install/custom_msgs/include/custom_msgs/custom_msgs/msg/detail/speed_data__type_support.c\n'}
[43.690655] (custom_msgs) StdoutLine: {'line': b'-- Installing: /home/dron/Praca-magisterska/ros2_ws/install/custom_msgs/include/custom_msgs/custom_msgs/msg/detail/possition_data__rosidl_typesupport_introspection_c.h\n'}
[43.692092] (custom_msgs) StdoutLine: {'line': b'-- Installing: /home/dron/Praca-magisterska/ros2_ws/install/custom_msgs/include/custom_msgs/custom_msgs/msg/detail/data_xyz__type_support.c\n'}
[43.693738] (custom_msgs) StdoutLine: {'line': b'-- Installing: /home/dron/Praca-magisterska/ros2_ws/install/custom_msgs/include/custom_msgs/custom_msgs/msg/detail/data_xyz__rosidl_typesupport_introspection_c.h\n'}
[43.695111] (custom_msgs) StdoutLine: {'line': b'-- Installing: /home/dron/Praca-magisterska/ros2_ws/install/custom_msgs/include/custom_msgs/custom_msgs/msg/detail/imu_data__rosidl_typesupport_introspection_c.h\n'}
[43.696518] (custom_msgs) StdoutLine: {'line': b'-- Installing: /home/dron/Praca-magisterska/ros2_ws/install/custom_msgs/include/custom_msgs/custom_msgs/msg/detail/possition_data__type_support.c\n'}
[43.697897] (custom_msgs) StdoutLine: {'line': b'-- Installing: /home/dron/Praca-magisterska/ros2_ws/install/custom_msgs/include/custom_msgs/custom_msgs/msg/detail/imu_data__type_support.c\n'}
[43.699265] (custom_msgs) StdoutLine: {'line': b'-- Installing: /home/dron/Praca-magisterska/ros2_ws/install/custom_msgs/include/custom_msgs/custom_msgs/msg/detail/accel_data__rosidl_typesupport_introspection_c.h\n'}
[43.700812] (custom_msgs) StdoutLine: {'line': b'-- Installing: /home/dron/Praca-magisterska/ros2_ws/install/custom_msgs/include/custom_msgs/custom_msgs/msg/detail/gyro_data__rosidl_typesupport_introspection_c.h\n'}
[43.702198] (custom_msgs) StdoutLine: {'line': b'-- Installing: /home/dron/Praca-magisterska/ros2_ws/install/custom_msgs/include/custom_msgs/custom_msgs/msg/detail/estimator_data__type_support.c\n'}
[43.703600] (custom_msgs) StdoutLine: {'line': b'-- Installing: /home/dron/Praca-magisterska/ros2_ws/install/custom_msgs/include/custom_msgs/custom_msgs/msg/detail/accel_data__type_support.c\n'}
[43.705015] (custom_msgs) StdoutLine: {'line': b'-- Installing: /home/dron/Praca-magisterska/ros2_ws/install/custom_msgs/include/custom_msgs/custom_msgs/msg/detail/gyro_data__type_support.c\n'}
[43.706405] (custom_msgs) StdoutLine: {'line': b'-- Installing: /home/dron/Praca-magisterska/ros2_ws/install/custom_msgs/include/custom_msgs/custom_msgs/msg/detail/speed_data__rosidl_typesupport_introspection_c.h\n'}
[43.707826] (custom_msgs) StdoutLine: {'line': b'-- Installing: /home/dron/Praca-magisterska/ros2_ws/install/custom_msgs/include/custom_msgs/custom_msgs/msg/rosidl_typesupport_introspection_c__visibility_control.h\n'}
[43.710165] (custom_msgs) StdoutLine: {'line': b'-- Installing: /home/dron/Praca-magisterska/ros2_ws/install/custom_msgs/lib/libcustom_msgs__rosidl_typesupport_introspection_c.so\n'}
[43.713087] (custom_msgs) StdoutLine: {'line': b'-- Set runtime path of "/home/dron/Praca-magisterska/ros2_ws/install/custom_msgs/lib/libcustom_msgs__rosidl_typesupport_introspection_c.so" to ""\n'}
[43.714244] (custom_msgs) StdoutLine: {'line': b'-- Installing: /home/dron/Praca-magisterska/ros2_ws/install/custom_msgs/lib/libcustom_msgs__rosidl_typesupport_c.so\n'}
[43.716919] (custom_msgs) StdoutLine: {'line': b'-- Set runtime path of "/home/dron/Praca-magisterska/ros2_ws/install/custom_msgs/lib/libcustom_msgs__rosidl_typesupport_c.so" to ""\n'}
[43.717474] (custom_msgs) StdoutLine: {'line': b'-- Up-to-date: /home/dron/Praca-magisterska/ros2_ws/install/custom_msgs/include/custom_msgs/custom_msgs\n'}
[43.717894] (custom_msgs) StdoutLine: {'line': b'-- Up-to-date: /home/dron/Praca-magisterska/ros2_ws/install/custom_msgs/include/custom_msgs/custom_msgs/msg\n'}
[43.718302] (custom_msgs) StdoutLine: {'line': b'-- Installing: /home/dron/Praca-magisterska/ros2_ws/install/custom_msgs/include/custom_msgs/custom_msgs/msg/accel_data.hpp\n'}
[43.719374] (custom_msgs) StdoutLine: {'line': b'-- Installing: /home/dron/Praca-magisterska/ros2_ws/install/custom_msgs/include/custom_msgs/custom_msgs/msg/data_xyz.hpp\n'}
[43.720605] (custom_msgs) StdoutLine: {'line': b'-- Installing: /home/dron/Praca-magisterska/ros2_ws/install/custom_msgs/include/custom_msgs/custom_msgs/msg/possition_data.hpp\n'}
[43.721807] (custom_msgs) StdoutLine: {'line': b'-- Installing: /home/dron/Praca-magisterska/ros2_ws/install/custom_msgs/include/custom_msgs/custom_msgs/msg/gyro_data.hpp\n'}
[43.722985] (custom_msgs) StdoutLine: {'line': b'-- Installing: /home/dron/Praca-magisterska/ros2_ws/install/custom_msgs/include/custom_msgs/custom_msgs/msg/estimator_data.hpp\n'}
[43.724109] (custom_msgs) StdoutLine: {'line': b'-- Up-to-date: /home/dron/Praca-magisterska/ros2_ws/install/custom_msgs/include/custom_msgs/custom_msgs/msg/detail\n'}
[43.724809] (custom_msgs) StdoutLine: {'line': b'-- Installing: /home/dron/Praca-magisterska/ros2_ws/install/custom_msgs/include/custom_msgs/custom_msgs/msg/detail/possition_data__traits.hpp\n'}
[43.726185] (custom_msgs) StdoutLine: {'line': b'-- Installing: /home/dron/Praca-magisterska/ros2_ws/install/custom_msgs/include/custom_msgs/custom_msgs/msg/detail/speed_data__struct.hpp\n'}
[43.727496] (custom_msgs) StdoutLine: {'line': b'-- Installing: /home/dron/Praca-magisterska/ros2_ws/install/custom_msgs/include/custom_msgs/custom_msgs/msg/detail/gyro_data__struct.hpp\n'}
[43.729003] (custom_msgs) StdoutLine: {'line': b'-- Installing: /home/dron/Praca-magisterska/ros2_ws/install/custom_msgs/include/custom_msgs/custom_msgs/msg/detail/data_xyz__builder.hpp\n'}
[43.730272] (custom_msgs) StdoutLine: {'line': b'-- Installing: /home/dron/Praca-magisterska/ros2_ws/install/custom_msgs/include/custom_msgs/custom_msgs/msg/detail/gyro_data__traits.hpp\n'}
[43.731566] (custom_msgs) StdoutLine: {'line': b'-- Installing: /home/dron/Praca-magisterska/ros2_ws/install/custom_msgs/include/custom_msgs/custom_msgs/msg/detail/speed_data__type_support.hpp\n'}
[43.732903] (custom_msgs) StdoutLine: {'line': b'-- Installing: /home/dron/Praca-magisterska/ros2_ws/install/custom_msgs/include/custom_msgs/custom_msgs/msg/detail/data_xyz__type_support.hpp\n'}
[43.734177] (custom_msgs) StdoutLine: {'line': b'-- Installing: /home/dron/Praca-magisterska/ros2_ws/install/custom_msgs/include/custom_msgs/custom_msgs/msg/detail/possition_data__builder.hpp\n'}
[43.735473] (custom_msgs) StdoutLine: {'line': b'-- Installing: /home/dron/Praca-magisterska/ros2_ws/install/custom_msgs/include/custom_msgs/custom_msgs/msg/detail/gyro_data__builder.hpp\n'}
[43.736895] (custom_msgs) StdoutLine: {'line': b'-- Installing: /home/dron/Praca-magisterska/ros2_ws/install/custom_msgs/include/custom_msgs/custom_msgs/msg/detail/estimator_data__traits.hpp\n'}
[43.739822] (custom_msgs) StdoutLine: {'line': b'-- Installing: /home/dron/Praca-magisterska/ros2_ws/install/custom_msgs/include/custom_msgs/custom_msgs/msg/detail/speed_data__builder.hpp\n'}
[43.740496] (custom_msgs) StdoutLine: {'line': b'-- Installing: /home/dron/Praca-magisterska/ros2_ws/install/custom_msgs/include/custom_msgs/custom_msgs/msg/detail/estimator_data__type_support.hpp\n'}
[43.741576] (custom_msgs) StdoutLine: {'line': b'-- Installing: /home/dron/Praca-magisterska/ros2_ws/install/custom_msgs/include/custom_msgs/custom_msgs/msg/detail/possition_data__type_support.hpp\n'}
[43.742863] (custom_msgs) StdoutLine: {'line': b'-- Installing: /home/dron/Praca-magisterska/ros2_ws/install/custom_msgs/include/custom_msgs/custom_msgs/msg/detail/accel_data__struct.hpp\n'}
[43.744234] (custom_msgs) StdoutLine: {'line': b'-- Installing: /home/dron/Praca-magisterska/ros2_ws/install/custom_msgs/include/custom_msgs/custom_msgs/msg/detail/imu_data__struct.hpp\n'}
[43.745553] (custom_msgs) StdoutLine: {'line': b'-- Installing: /home/dron/Praca-magisterska/ros2_ws/install/custom_msgs/include/custom_msgs/custom_msgs/msg/detail/estimator_data__struct.hpp\n'}
[43.746863] (custom_msgs) StdoutLine: {'line': b'-- Installing: /home/dron/Praca-magisterska/ros2_ws/install/custom_msgs/include/custom_msgs/custom_msgs/msg/detail/speed_data__traits.hpp\n'}
[43.755811] (custom_msgs) StdoutLine: {'line': b'-- Installing: /home/dron/Praca-magisterska/ros2_ws/install/custom_msgs/include/custom_msgs/custom_msgs/msg/detail/imu_data__type_support.hpp\n'}
[43.756437] (custom_msgs) StdoutLine: {'line': b'-- Installing: /home/dron/Praca-magisterska/ros2_ws/install/custom_msgs/include/custom_msgs/custom_msgs/msg/detail/possition_data__struct.hpp\n'}
[43.756815] (custom_msgs) StdoutLine: {'line': b'-- Installing: /home/dron/Praca-magisterska/ros2_ws/install/custom_msgs/include/custom_msgs/custom_msgs/msg/detail/data_xyz__traits.hpp\n'}
[43.757122] (custom_msgs) StdoutLine: {'line': b'-- Installing: /home/dron/Praca-magisterska/ros2_ws/install/custom_msgs/include/custom_msgs/custom_msgs/msg/detail/accel_data__traits.hpp\n'}
[43.759546] (-) TimerEvent: {}
[43.760025] (custom_msgs) StdoutLine: {'line': b'-- Installing: /home/dron/Praca-magisterska/ros2_ws/install/custom_msgs/include/custom_msgs/custom_msgs/msg/detail/data_xyz__struct.hpp\n'}
[43.761461] (custom_msgs) StdoutLine: {'line': b'-- Installing: /home/dron/Praca-magisterska/ros2_ws/install/custom_msgs/include/custom_msgs/custom_msgs/msg/detail/gyro_data__type_support.hpp\n'}
[43.761937] (custom_msgs) StdoutLine: {'line': b'-- Installing: /home/dron/Praca-magisterska/ros2_ws/install/custom_msgs/include/custom_msgs/custom_msgs/msg/detail/estimator_data__builder.hpp\n'}
[43.762311] (custom_msgs) StdoutLine: {'line': b'-- Installing: /home/dron/Praca-magisterska/ros2_ws/install/custom_msgs/include/custom_msgs/custom_msgs/msg/detail/imu_data__traits.hpp\n'}
[43.762640] (custom_msgs) StdoutLine: {'line': b'-- Installing: /home/dron/Praca-magisterska/ros2_ws/install/custom_msgs/include/custom_msgs/custom_msgs/msg/detail/accel_data__builder.hpp\n'}
[43.762936] (custom_msgs) StdoutLine: {'line': b'-- Installing: /home/dron/Praca-magisterska/ros2_ws/install/custom_msgs/include/custom_msgs/custom_msgs/msg/detail/accel_data__type_support.hpp\n'}
[43.763370] (custom_msgs) StdoutLine: {'line': b'-- Installing: /home/dron/Praca-magisterska/ros2_ws/install/custom_msgs/include/custom_msgs/custom_msgs/msg/detail/imu_data__builder.hpp\n'}
[43.764612] (custom_msgs) StdoutLine: {'line': b'-- Installing: /home/dron/Praca-magisterska/ros2_ws/install/custom_msgs/include/custom_msgs/custom_msgs/msg/speed_data.hpp\n'}
[43.765834] (custom_msgs) StdoutLine: {'line': b'-- Installing: /home/dron/Praca-magisterska/ros2_ws/install/custom_msgs/include/custom_msgs/custom_msgs/msg/imu_data.hpp\n'}
[43.767046] (custom_msgs) StdoutLine: {'line': b'-- Installing: /home/dron/Praca-magisterska/ros2_ws/install/custom_msgs/include/custom_msgs/custom_msgs/msg/rosidl_generator_cpp__visibility_control.hpp\n'}
[43.768557] (custom_msgs) StdoutLine: {'line': b'-- Up-to-date: /home/dron/Praca-magisterska/ros2_ws/install/custom_msgs/include/custom_msgs/custom_msgs\n'}
[43.769131] (custom_msgs) StdoutLine: {'line': b'-- Up-to-date: /home/dron/Praca-magisterska/ros2_ws/install/custom_msgs/include/custom_msgs/custom_msgs/msg\n'}
[43.769581] (custom_msgs) StdoutLine: {'line': b'-- Installing: /home/dron/Praca-magisterska/ros2_ws/install/custom_msgs/include/custom_msgs/custom_msgs/msg/rosidl_typesupport_fastrtps_cpp__visibility_control.h\n'}
[43.770813] (custom_msgs) StdoutLine: {'line': b'-- Up-to-date: /home/dron/Praca-magisterska/ros2_ws/install/custom_msgs/include/custom_msgs/custom_msgs/msg/detail\n'}
[43.771371] (custom_msgs) StdoutLine: {'line': b'-- Installing: /home/dron/Praca-magisterska/ros2_ws/install/custom_msgs/include/custom_msgs/custom_msgs/msg/detail/estimator_data__rosidl_typesupport_fastrtps_cpp.hpp\n'}
[43.772830] (custom_msgs) StdoutLine: {'line': b'-- Installing: /home/dron/Praca-magisterska/ros2_ws/install/custom_msgs/include/custom_msgs/custom_msgs/msg/detail/dds_fastrtps\n'}
[43.773723] (custom_msgs) StdoutLine: {'line': b'-- Installing: /home/dron/Praca-magisterska/ros2_ws/install/custom_msgs/include/custom_msgs/custom_msgs/msg/detail/speed_data__rosidl_typesupport_fastrtps_cpp.hpp\n'}
[43.775192] (custom_msgs) StdoutLine: {'line': b'-- Installing: /home/dron/Praca-magisterska/ros2_ws/install/custom_msgs/include/custom_msgs/custom_msgs/msg/detail/gyro_data__rosidl_typesupport_fastrtps_cpp.hpp\n'}
[43.776774] (custom_msgs) StdoutLine: {'line': b'-- Installing: /home/dron/Praca-magisterska/ros2_ws/install/custom_msgs/include/custom_msgs/custom_msgs/msg/detail/imu_data__rosidl_typesupport_fastrtps_cpp.hpp\n'}
[43.778203] (custom_msgs) StdoutLine: {'line': b'-- Installing: /home/dron/Praca-magisterska/ros2_ws/install/custom_msgs/include/custom_msgs/custom_msgs/msg/detail/accel_data__rosidl_typesupport_fastrtps_cpp.hpp\n'}
[43.779599] (custom_msgs) StdoutLine: {'line': b'-- Installing: /home/dron/Praca-magisterska/ros2_ws/install/custom_msgs/include/custom_msgs/custom_msgs/msg/detail/data_xyz__rosidl_typesupport_fastrtps_cpp.hpp\n'}
[43.781060] (custom_msgs) StdoutLine: {'line': b'-- Installing: /home/dron/Praca-magisterska/ros2_ws/install/custom_msgs/include/custom_msgs/custom_msgs/msg/detail/possition_data__rosidl_typesupport_fastrtps_cpp.hpp\n'}
[43.783449] (custom_msgs) StdoutLine: {'line': b'-- Installing: /home/dron/Praca-magisterska/ros2_ws/install/custom_msgs/lib/libcustom_msgs__rosidl_typesupport_fastrtps_cpp.so\n'}
[43.786791] (custom_msgs) StdoutLine: {'line': b'-- Set runtime path of "/home/dron/Praca-magisterska/ros2_ws/install/custom_msgs/lib/libcustom_msgs__rosidl_typesupport_fastrtps_cpp.so" to ""\n'}
[43.787452] (custom_msgs) StdoutLine: {'line': b'-- Up-to-date: /home/dron/Praca-magisterska/ros2_ws/install/custom_msgs/include/custom_msgs/custom_msgs\n'}
[43.787892] (custom_msgs) StdoutLine: {'line': b'-- Up-to-date: /home/dron/Praca-magisterska/ros2_ws/install/custom_msgs/include/custom_msgs/custom_msgs/msg\n'}
[43.788262] (custom_msgs) StdoutLine: {'line': b'-- Up-to-date: /home/dron/Praca-magisterska/ros2_ws/install/custom_msgs/include/custom_msgs/custom_msgs/msg/detail\n'}
[43.788731] (custom_msgs) StdoutLine: {'line': b'-- Installing: /home/dron/Praca-magisterska/ros2_ws/install/custom_msgs/include/custom_msgs/custom_msgs/msg/detail/imu_data__rosidl_typesupport_introspection_cpp.hpp\n'}
[43.790026] (custom_msgs) StdoutLine: {'line': b'-- Installing: /home/dron/Praca-magisterska/ros2_ws/install/custom_msgs/include/custom_msgs/custom_msgs/msg/detail/possition_data__rosidl_typesupport_introspection_cpp.hpp\n'}
[43.791461] (custom_msgs) StdoutLine: {'line': b'-- Installing: /home/dron/Praca-magisterska/ros2_ws/install/custom_msgs/include/custom_msgs/custom_msgs/msg/detail/data_xyz__type_support.cpp\n'}
[43.793157] (custom_msgs) StdoutLine: {'line': b'-- Installing: /home/dron/Praca-magisterska/ros2_ws/install/custom_msgs/include/custom_msgs/custom_msgs/msg/detail/accel_data__rosidl_typesupport_introspection_cpp.hpp\n'}
[43.794598] (custom_msgs) StdoutLine: {'line': b'-- Installing: /home/dron/Praca-magisterska/ros2_ws/install/custom_msgs/include/custom_msgs/custom_msgs/msg/detail/estimator_data__type_support.cpp\n'}
[43.795979] (custom_msgs) StdoutLine: {'line': b'-- Installing: /home/dron/Praca-magisterska/ros2_ws/install/custom_msgs/include/custom_msgs/custom_msgs/msg/detail/gyro_data__rosidl_typesupport_introspection_cpp.hpp\n'}
[43.797451] (custom_msgs) StdoutLine: {'line': b'-- Installing: /home/dron/Praca-magisterska/ros2_ws/install/custom_msgs/include/custom_msgs/custom_msgs/msg/detail/imu_data__type_support.cpp\n'}
[43.798782] (custom_msgs) StdoutLine: {'line': b'-- Installing: /home/dron/Praca-magisterska/ros2_ws/install/custom_msgs/include/custom_msgs/custom_msgs/msg/detail/gyro_data__type_support.cpp\n'}
[43.800221] (custom_msgs) StdoutLine: {'line': b'-- Installing: /home/dron/Praca-magisterska/ros2_ws/install/custom_msgs/include/custom_msgs/custom_msgs/msg/detail/speed_data__rosidl_typesupport_introspection_cpp.hpp\n'}
[43.801683] (custom_msgs) StdoutLine: {'line': b'-- Installing: /home/dron/Praca-magisterska/ros2_ws/install/custom_msgs/include/custom_msgs/custom_msgs/msg/detail/estimator_data__rosidl_typesupport_introspection_cpp.hpp\n'}
[43.803085] (custom_msgs) StdoutLine: {'line': b'-- Installing: /home/dron/Praca-magisterska/ros2_ws/install/custom_msgs/include/custom_msgs/custom_msgs/msg/detail/speed_data__type_support.cpp\n'}
[43.804514] (custom_msgs) StdoutLine: {'line': b'-- Installing: /home/dron/Praca-magisterska/ros2_ws/install/custom_msgs/include/custom_msgs/custom_msgs/msg/detail/accel_data__type_support.cpp\n'}
[43.805905] (custom_msgs) StdoutLine: {'line': b'-- Installing: /home/dron/Praca-magisterska/ros2_ws/install/custom_msgs/include/custom_msgs/custom_msgs/msg/detail/possition_data__type_support.cpp\n'}
[43.807318] (custom_msgs) StdoutLine: {'line': b'-- Installing: /home/dron/Praca-magisterska/ros2_ws/install/custom_msgs/include/custom_msgs/custom_msgs/msg/detail/data_xyz__rosidl_typesupport_introspection_cpp.hpp\n'}
[43.809795] (custom_msgs) StdoutLine: {'line': b'-- Installing: /home/dron/Praca-magisterska/ros2_ws/install/custom_msgs/lib/libcustom_msgs__rosidl_typesupport_introspection_cpp.so\n'}
[43.812975] (custom_msgs) StdoutLine: {'line': b'-- Set runtime path of "/home/dron/Praca-magisterska/ros2_ws/install/custom_msgs/lib/libcustom_msgs__rosidl_typesupport_introspection_cpp.so" to ""\n'}
[43.814058] (custom_msgs) StdoutLine: {'line': b'-- Installing: /home/dron/Praca-magisterska/ros2_ws/install/custom_msgs/lib/libcustom_msgs__rosidl_typesupport_cpp.so\n'}
[43.816856] (custom_msgs) StdoutLine: {'line': b'-- Set runtime path of "/home/dron/Praca-magisterska/ros2_ws/install/custom_msgs/lib/libcustom_msgs__rosidl_typesupport_cpp.so" to ""\n'}
[43.817443] (custom_msgs) StdoutLine: {'line': b'-- Installing: /home/dron/Praca-magisterska/ros2_ws/install/custom_msgs/share/custom_msgs/environment/pythonpath.sh\n'}
[43.818702] (custom_msgs) StdoutLine: {'line': b'-- Installing: /home/dron/Praca-magisterska/ros2_ws/install/custom_msgs/share/custom_msgs/environment/pythonpath.dsv\n'}
[43.819996] (custom_msgs) StdoutLine: {'line': b'-- Installing: /home/dron/Praca-magisterska/ros2_ws/install/custom_msgs/local/lib/python3.10/dist-packages/custom_msgs-0.0.0-py3.10.egg-info\n'}
[43.821166] (custom_msgs) StdoutLine: {'line': b'-- Installing: /home/dron/Praca-magisterska/ros2_ws/install/custom_msgs/local/lib/python3.10/dist-packages/custom_msgs-0.0.0-py3.10.egg-info/PKG-INFO\n'}
[43.822325] (custom_msgs) StdoutLine: {'line': b'-- Installing: /home/dron/Praca-magisterska/ros2_ws/install/custom_msgs/local/lib/python3.10/dist-packages/custom_msgs-0.0.0-py3.10.egg-info/top_level.txt\n'}
[43.823461] (custom_msgs) StdoutLine: {'line': b'-- Installing: /home/dron/Praca-magisterska/ros2_ws/install/custom_msgs/local/lib/python3.10/dist-packages/custom_msgs-0.0.0-py3.10.egg-info/SOURCES.txt\n'}
[43.824666] (custom_msgs) StdoutLine: {'line': b'-- Installing: /home/dron/Praca-magisterska/ros2_ws/install/custom_msgs/local/lib/python3.10/dist-packages/custom_msgs-0.0.0-py3.10.egg-info/dependency_links.txt\n'}
[43.825980] (custom_msgs) StdoutLine: {'line': b'-- Installing: /home/dron/Praca-magisterska/ros2_ws/install/custom_msgs/local/lib/python3.10/dist-packages/custom_msgs\n'}
[43.826807] (custom_msgs) StdoutLine: {'line': b'-- Installing: /home/dron/Praca-magisterska/ros2_ws/install/custom_msgs/local/lib/python3.10/dist-packages/custom_msgs/_custom_msgs_s.ep.rosidl_typesupport_introspection_c.c\n'}
[43.828320] (custom_msgs) StdoutLine: {'line': b'-- Installing: /home/dron/Praca-magisterska/ros2_ws/install/custom_msgs/local/lib/python3.10/dist-packages/custom_msgs/__init__.py\n'}
[43.829384] (custom_msgs) StdoutLine: {'line': b'-- Installing: /home/dron/Praca-magisterska/ros2_ws/install/custom_msgs/local/lib/python3.10/dist-packages/custom_msgs/custom_msgs_s__rosidl_typesupport_introspection_c.cpython-310-aarch64-linux-gnu.so\n'}
[43.830921] (custom_msgs) StdoutLine: {'line': b'-- Installing: /home/dron/Praca-magisterska/ros2_ws/install/custom_msgs/local/lib/python3.10/dist-packages/custom_msgs/_custom_msgs_s.ep.rosidl_typesupport_c.c\n'}
[43.832415] (custom_msgs) StdoutLine: {'line': b'-- Installing: /home/dron/Praca-magisterska/ros2_ws/install/custom_msgs/local/lib/python3.10/dist-packages/custom_msgs/custom_msgs_s__rosidl_typesupport_c.cpython-310-aarch64-linux-gnu.so\n'}
[43.833896] (custom_msgs) StdoutLine: {'line': b'-- Installing: /home/dron/Praca-magisterska/ros2_ws/install/custom_msgs/local/lib/python3.10/dist-packages/custom_msgs/_custom_msgs_s.ep.rosidl_typesupport_fastrtps_c.c\n'}
[43.835371] (custom_msgs) StdoutLine: {'line': b'-- Installing: /home/dron/Praca-magisterska/ros2_ws/install/custom_msgs/local/lib/python3.10/dist-packages/custom_msgs/libcustom_msgs__rosidl_generator_py.so\n'}
[43.837293] (custom_msgs) StdoutLine: {'line': b'-- Installing: /home/dron/Praca-magisterska/ros2_ws/install/custom_msgs/local/lib/python3.10/dist-packages/custom_msgs/msg\n'}
[43.838229] (custom_msgs) StdoutLine: {'line': b'-- Installing: /home/dron/Praca-magisterska/ros2_ws/install/custom_msgs/local/lib/python3.10/dist-packages/custom_msgs/msg/_speed_data.py\n'}
[43.839401] (custom_msgs) StdoutLine: {'line': b'-- Installing: /home/dron/Praca-magisterska/ros2_ws/install/custom_msgs/local/lib/python3.10/dist-packages/custom_msgs/msg/__init__.py\n'}
[43.840487] (custom_msgs) StdoutLine: {'line': b'-- Installing: /home/dron/Praca-magisterska/ros2_ws/install/custom_msgs/local/lib/python3.10/dist-packages/custom_msgs/msg/_data_xyz_s.c\n'}
[43.841578] (custom_msgs) StdoutLine: {'line': b'-- Installing: /home/dron/Praca-magisterska/ros2_ws/install/custom_msgs/local/lib/python3.10/dist-packages/custom_msgs/msg/_imu_data_s.c\n'}
[43.842685] (custom_msgs) StdoutLine: {'line': b'-- Installing: /home/dron/Praca-magisterska/ros2_ws/install/custom_msgs/local/lib/python3.10/dist-packages/custom_msgs/msg/_estimator_data_s.c\n'}
[43.843794] (custom_msgs) StdoutLine: {'line': b'-- Installing: /home/dron/Praca-magisterska/ros2_ws/install/custom_msgs/local/lib/python3.10/dist-packages/custom_msgs/msg/_accel_data_s.c\n'}
[43.844931] (custom_msgs) StdoutLine: {'line': b'-- Installing: /home/dron/Praca-magisterska/ros2_ws/install/custom_msgs/local/lib/python3.10/dist-packages/custom_msgs/msg/_imu_data.py\n'}
[43.846021] (custom_msgs) StdoutLine: {'line': b'-- Installing: /home/dron/Praca-magisterska/ros2_ws/install/custom_msgs/local/lib/python3.10/dist-packages/custom_msgs/msg/_data_xyz.py\n'}
[43.847128] (custom_msgs) StdoutLine: {'line': b'-- Installing: /home/dron/Praca-magisterska/ros2_ws/install/custom_msgs/local/lib/python3.10/dist-packages/custom_msgs/msg/_speed_data_s.c\n'}
[43.848229] (custom_msgs) StdoutLine: {'line': b'-- Installing: /home/dron/Praca-magisterska/ros2_ws/install/custom_msgs/local/lib/python3.10/dist-packages/custom_msgs/msg/_gyro_data.py\n'}
[43.849390] (custom_msgs) StdoutLine: {'line': b'-- Installing: /home/dron/Praca-magisterska/ros2_ws/install/custom_msgs/local/lib/python3.10/dist-packages/custom_msgs/msg/_possition_data_s.c\n'}
[43.850480] (custom_msgs) StdoutLine: {'line': b'-- Installing: /home/dron/Praca-magisterska/ros2_ws/install/custom_msgs/local/lib/python3.10/dist-packages/custom_msgs/msg/_gyro_data_s.c\n'}
[43.851560] (custom_msgs) StdoutLine: {'line': b'-- Installing: /home/dron/Praca-magisterska/ros2_ws/install/custom_msgs/local/lib/python3.10/dist-packages/custom_msgs/msg/_estimator_data.py\n'}
[43.852895] (custom_msgs) StdoutLine: {'line': b'-- Installing: /home/dron/Praca-magisterska/ros2_ws/install/custom_msgs/local/lib/python3.10/dist-packages/custom_msgs/msg/_possition_data.py\n'}
[43.854011] (custom_msgs) StdoutLine: {'line': b'-- Installing: /home/dron/Praca-magisterska/ros2_ws/install/custom_msgs/local/lib/python3.10/dist-packages/custom_msgs/msg/_accel_data.py\n'}
[43.855217] (custom_msgs) StdoutLine: {'line': b'-- Installing: /home/dron/Praca-magisterska/ros2_ws/install/custom_msgs/local/lib/python3.10/dist-packages/custom_msgs/custom_msgs_s__rosidl_typesupport_fastrtps_c.cpython-310-aarch64-linux-gnu.so\n'}
[43.859754] (-) TimerEvent: {}
[43.960418] (-) TimerEvent: {}
[44.053820] (custom_msgs) StdoutLine: {'line': b"Listing '/home/dron/Praca-magisterska/ros2_ws/install/custom_msgs/local/lib/python3.10/dist-packages/custom_msgs'...\n"}
[44.055367] (custom_msgs) StdoutLine: {'line': b"Compiling '/home/dron/Praca-magisterska/ros2_ws/install/custom_msgs/local/lib/python3.10/dist-packages/custom_msgs/__init__.py'...\n"}
[44.056968] (custom_msgs) StdoutLine: {'line': b"Listing '/home/dron/Praca-magisterska/ros2_ws/install/custom_msgs/local/lib/python3.10/dist-packages/custom_msgs/msg'...\n"}
[44.058040] (custom_msgs) StdoutLine: {'line': b"Compiling '/home/dron/Praca-magisterska/ros2_ws/install/custom_msgs/local/lib/python3.10/dist-packages/custom_msgs/msg/__init__.py'...\n"}
[44.059164] (custom_msgs) StdoutLine: {'line': b"Compiling '/home/dron/Praca-magisterska/ros2_ws/install/custom_msgs/local/lib/python3.10/dist-packages/custom_msgs/msg/_accel_data.py'...\n"}
[44.060281] (custom_msgs) StdoutLine: {'line': b"Compiling '/home/dron/Praca-magisterska/ros2_ws/install/custom_msgs/local/lib/python3.10/dist-packages/custom_msgs/msg/_data_xyz.py'...\n"}
[44.061067] (-) TimerEvent: {}
[44.062074] (custom_msgs) StdoutLine: {'line': b"Compiling '/home/dron/Praca-magisterska/ros2_ws/install/custom_msgs/local/lib/python3.10/dist-packages/custom_msgs/msg/_estimator_data.py'...\n"}
[44.063344] (custom_msgs) StdoutLine: {'line': b"Compiling '/home/dron/Praca-magisterska/ros2_ws/install/custom_msgs/local/lib/python3.10/dist-packages/custom_msgs/msg/_gyro_data.py'...\n"}
[44.064536] (custom_msgs) StdoutLine: {'line': b"Compiling '/home/dron/Praca-magisterska/ros2_ws/install/custom_msgs/local/lib/python3.10/dist-packages/custom_msgs/msg/_imu_data.py'...\n"}
[44.065633] (custom_msgs) StdoutLine: {'line': b"Compiling '/home/dron/Praca-magisterska/ros2_ws/install/custom_msgs/local/lib/python3.10/dist-packages/custom_msgs/msg/_possition_data.py'...\n"}
[44.066696] (custom_msgs) StdoutLine: {'line': b"Compiling '/home/dron/Praca-magisterska/ros2_ws/install/custom_msgs/local/lib/python3.10/dist-packages/custom_msgs/msg/_speed_data.py'...\n"}
[44.082383] (custom_msgs) StdoutLine: {'line': b'-- Installing: /home/dron/Praca-magisterska/ros2_ws/install/custom_msgs/local/lib/python3.10/dist-packages/custom_msgs/custom_msgs_s__rosidl_typesupport_fastrtps_c.cpython-310-aarch64-linux-gnu.so\n'}
[44.085502] (custom_msgs) StdoutLine: {'line': b'-- Set runtime path of "/home/dron/Praca-magisterska/ros2_ws/install/custom_msgs/local/lib/python3.10/dist-packages/custom_msgs/custom_msgs_s__rosidl_typesupport_fastrtps_c.cpython-310-aarch64-linux-gnu.so" to ""\n'}
[44.087320] (custom_msgs) StdoutLine: {'line': b'-- Installing: /home/dron/Praca-magisterska/ros2_ws/install/custom_msgs/local/lib/python3.10/dist-packages/custom_msgs/custom_msgs_s__rosidl_typesupport_introspection_c.cpython-310-aarch64-linux-gnu.so\n'}
[44.090939] (custom_msgs) StdoutLine: {'line': b'-- Set runtime path of "/home/dron/Praca-magisterska/ros2_ws/install/custom_msgs/local/lib/python3.10/dist-packages/custom_msgs/custom_msgs_s__rosidl_typesupport_introspection_c.cpython-310-aarch64-linux-gnu.so" to ""\n'}
[44.092620] (custom_msgs) StdoutLine: {'line': b'-- Installing: /home/dron/Praca-magisterska/ros2_ws/install/custom_msgs/local/lib/python3.10/dist-packages/custom_msgs/custom_msgs_s__rosidl_typesupport_c.cpython-310-aarch64-linux-gnu.so\n'}
[44.095976] (custom_msgs) StdoutLine: {'line': b'-- Set runtime path of "/home/dron/Praca-magisterska/ros2_ws/install/custom_msgs/local/lib/python3.10/dist-packages/custom_msgs/custom_msgs_s__rosidl_typesupport_c.cpython-310-aarch64-linux-gnu.so" to ""\n'}
[44.097284] (custom_msgs) StdoutLine: {'line': b'-- Installing: /home/dron/Praca-magisterska/ros2_ws/install/custom_msgs/lib/libcustom_msgs__rosidl_generator_py.so\n'}
[44.100465] (custom_msgs) StdoutLine: {'line': b'-- Set runtime path of "/home/dron/Praca-magisterska/ros2_ws/install/custom_msgs/lib/libcustom_msgs__rosidl_generator_py.so" to ""\n'}
[44.101136] (custom_msgs) StdoutLine: {'line': b'-- Installing: /home/dron/Praca-magisterska/ros2_ws/install/custom_msgs/share/custom_msgs/msg/AccelData.idl\n'}
[44.102301] (custom_msgs) StdoutLine: {'line': b'-- Installing: /home/dron/Praca-magisterska/ros2_ws/install/custom_msgs/share/custom_msgs/msg/GyroData.idl\n'}
[44.103630] (custom_msgs) StdoutLine: {'line': b'-- Installing: /home/dron/Praca-magisterska/ros2_ws/install/custom_msgs/share/custom_msgs/msg/ImuData.idl\n'}
[44.105041] (custom_msgs) StdoutLine: {'line': b'-- Installing: /home/dron/Praca-magisterska/ros2_ws/install/custom_msgs/share/custom_msgs/msg/EstimatorData.idl\n'}
[44.106384] (custom_msgs) StdoutLine: {'line': b'-- Installing: /home/dron/Praca-magisterska/ros2_ws/install/custom_msgs/share/custom_msgs/msg/PossitionData.idl\n'}
[44.107756] (custom_msgs) StdoutLine: {'line': b'-- Installing: /home/dron/Praca-magisterska/ros2_ws/install/custom_msgs/share/custom_msgs/msg/SpeedData.idl\n'}
[44.109157] (custom_msgs) StdoutLine: {'line': b'-- Installing: /home/dron/Praca-magisterska/ros2_ws/install/custom_msgs/share/custom_msgs/msg/DataXYZ.idl\n'}
[44.110464] (custom_msgs) StdoutLine: {'line': b'-- Installing: /home/dron/Praca-magisterska/ros2_ws/install/custom_msgs/share/custom_msgs/msg/AccelData.msg\n'}
[44.111701] (custom_msgs) StdoutLine: {'line': b'-- Installing: /home/dron/Praca-magisterska/ros2_ws/install/custom_msgs/share/custom_msgs/msg/GyroData.msg\n'}
[44.113022] (custom_msgs) StdoutLine: {'line': b'-- Installing: /home/dron/Praca-magisterska/ros2_ws/install/custom_msgs/share/custom_msgs/msg/ImuData.msg\n'}
[44.114301] (custom_msgs) StdoutLine: {'line': b'-- Installing: /home/dron/Praca-magisterska/ros2_ws/install/custom_msgs/share/custom_msgs/msg/EstimatorData.msg\n'}
[44.115601] (custom_msgs) StdoutLine: {'line': b'-- Installing: /home/dron/Praca-magisterska/ros2_ws/install/custom_msgs/share/custom_msgs/msg/PossitionData.msg\n'}
[44.117115] (custom_msgs) StdoutLine: {'line': b'-- Installing: /home/dron/Praca-magisterska/ros2_ws/install/custom_msgs/share/custom_msgs/msg/SpeedData.msg\n'}
[44.118353] (custom_msgs) StdoutLine: {'line': b'-- Installing: /home/dron/Praca-magisterska/ros2_ws/install/custom_msgs/share/custom_msgs/msg/DataXYZ.msg\n'}
[44.119723] (custom_msgs) StdoutLine: {'line': b'-- Installing: /home/dron/Praca-magisterska/ros2_ws/install/custom_msgs/share/ament_index/resource_index/package_run_dependencies/custom_msgs\n'}
[44.121355] (custom_msgs) StdoutLine: {'line': b'-- Installing: /home/dron/Praca-magisterska/ros2_ws/install/custom_msgs/share/ament_index/resource_index/parent_prefix_path/custom_msgs\n'}
[44.122856] (custom_msgs) StdoutLine: {'line': b'-- Installing: /home/dron/Praca-magisterska/ros2_ws/install/custom_msgs/share/custom_msgs/environment/ament_prefix_path.sh\n'}
[44.124279] (custom_msgs) StdoutLine: {'line': b'-- Installing: /home/dron/Praca-magisterska/ros2_ws/install/custom_msgs/share/custom_msgs/environment/ament_prefix_path.dsv\n'}
[44.125646] (custom_msgs) StdoutLine: {'line': b'-- Installing: /home/dron/Praca-magisterska/ros2_ws/install/custom_msgs/share/custom_msgs/environment/path.sh\n'}
[44.127021] (custom_msgs) StdoutLine: {'line': b'-- Installing: /home/dron/Praca-magisterska/ros2_ws/install/custom_msgs/share/custom_msgs/environment/path.dsv\n'}
[44.128522] (custom_msgs) StdoutLine: {'line': b'-- Installing: /home/dron/Praca-magisterska/ros2_ws/install/custom_msgs/share/custom_msgs/local_setup.bash\n'}
[44.129902] (custom_msgs) StdoutLine: {'line': b'-- Installing: /home/dron/Praca-magisterska/ros2_ws/install/custom_msgs/share/custom_msgs/local_setup.sh\n'}
[44.131279] (custom_msgs) StdoutLine: {'line': b'-- Installing: /home/dron/Praca-magisterska/ros2_ws/install/custom_msgs/share/custom_msgs/local_setup.zsh\n'}
[44.132642] (custom_msgs) StdoutLine: {'line': b'-- Installing: /home/dron/Praca-magisterska/ros2_ws/install/custom_msgs/share/custom_msgs/local_setup.dsv\n'}
[44.133983] (custom_msgs) StdoutLine: {'line': b'-- Installing: /home/dron/Praca-magisterska/ros2_ws/install/custom_msgs/share/custom_msgs/package.dsv\n'}
[44.135367] (custom_msgs) StdoutLine: {'line': b'-- Installing: /home/dron/Praca-magisterska/ros2_ws/install/custom_msgs/share/ament_index/resource_index/packages/custom_msgs\n'}
[44.137375] (custom_msgs) StdoutLine: {'line': b'-- Old export file "/home/dron/Praca-magisterska/ros2_ws/install/custom_msgs/share/custom_msgs/cmake/export_custom_msgs__rosidl_generator_cExport.cmake" will be replaced.  Removing files [/home/dron/Praca-magisterska/ros2_ws/install/custom_msgs/share/custom_msgs/cmake/export_custom_msgs__rosidl_generator_cExport-noconfig.cmake].\n'}
[44.137992] (custom_msgs) StdoutLine: {'line': b'-- Installing: /home/dron/Praca-magisterska/ros2_ws/install/custom_msgs/share/custom_msgs/cmake/export_custom_msgs__rosidl_generator_cExport.cmake\n'}
[44.139591] (custom_msgs) StdoutLine: {'line': b'-- Installing: /home/dron/Praca-magisterska/ros2_ws/install/custom_msgs/share/custom_msgs/cmake/export_custom_msgs__rosidl_generator_cExport-noconfig.cmake\n'}
[44.141438] (custom_msgs) StdoutLine: {'line': b'-- Old export file "/home/dron/Praca-magisterska/ros2_ws/install/custom_msgs/share/custom_msgs/cmake/export_custom_msgs__rosidl_typesupport_fastrtps_cExport.cmake" will be replaced.  Removing files [/home/dron/Praca-magisterska/ros2_ws/install/custom_msgs/share/custom_msgs/cmake/export_custom_msgs__rosidl_typesupport_fastrtps_cExport-noconfig.cmake].\n'}
[44.142052] (custom_msgs) StdoutLine: {'line': b'-- Installing: /home/dron/Praca-magisterska/ros2_ws/install/custom_msgs/share/custom_msgs/cmake/export_custom_msgs__rosidl_typesupport_fastrtps_cExport.cmake\n'}
[44.143704] (custom_msgs) StdoutLine: {'line': b'-- Installing: /home/dron/Praca-magisterska/ros2_ws/install/custom_msgs/share/custom_msgs/cmake/export_custom_msgs__rosidl_typesupport_fastrtps_cExport-noconfig.cmake\n'}
[44.145810] (custom_msgs) StdoutLine: {'line': b'-- Old export file "/home/dron/Praca-magisterska/ros2_ws/install/custom_msgs/share/custom_msgs/cmake/custom_msgs__rosidl_typesupport_introspection_cExport.cmake" will be replaced.  Removing files [/home/dron/Praca-magisterska/ros2_ws/install/custom_msgs/share/custom_msgs/cmake/custom_msgs__rosidl_typesupport_introspection_cExport-noconfig.cmake].\n'}
[44.146404] (custom_msgs) StdoutLine: {'line': b'-- Installing: /home/dron/Praca-magisterska/ros2_ws/install/custom_msgs/share/custom_msgs/cmake/custom_msgs__rosidl_typesupport_introspection_cExport.cmake\n'}
[44.148109] (custom_msgs) StdoutLine: {'line': b'-- Installing: /home/dron/Praca-magisterska/ros2_ws/install/custom_msgs/share/custom_msgs/cmake/custom_msgs__rosidl_typesupport_introspection_cExport-noconfig.cmake\n'}
[44.149956] (custom_msgs) StdoutLine: {'line': b'-- Old export file "/home/dron/Praca-magisterska/ros2_ws/install/custom_msgs/share/custom_msgs/cmake/custom_msgs__rosidl_typesupport_cExport.cmake" will be replaced.  Removing files [/home/dron/Praca-magisterska/ros2_ws/install/custom_msgs/share/custom_msgs/cmake/custom_msgs__rosidl_typesupport_cExport-noconfig.cmake].\n'}
[44.150543] (custom_msgs) StdoutLine: {'line': b'-- Installing: /home/dron/Praca-magisterska/ros2_ws/install/custom_msgs/share/custom_msgs/cmake/custom_msgs__rosidl_typesupport_cExport.cmake\n'}
[44.152329] (custom_msgs) StdoutLine: {'line': b'-- Installing: /home/dron/Praca-magisterska/ros2_ws/install/custom_msgs/share/custom_msgs/cmake/custom_msgs__rosidl_typesupport_cExport-noconfig.cmake\n'}
[44.154512] (custom_msgs) StdoutLine: {'line': b'-- Installing: /home/dron/Praca-magisterska/ros2_ws/install/custom_msgs/share/custom_msgs/cmake/export_custom_msgs__rosidl_generator_cppExport.cmake\n'}
[44.156457] (custom_msgs) StdoutLine: {'line': b'-- Old export file "/home/dron/Praca-magisterska/ros2_ws/install/custom_msgs/share/custom_msgs/cmake/export_custom_msgs__rosidl_typesupport_fastrtps_cppExport.cmake" will be replaced.  Removing files [/home/dron/Praca-magisterska/ros2_ws/install/custom_msgs/share/custom_msgs/cmake/export_custom_msgs__rosidl_typesupport_fastrtps_cppExport-noconfig.cmake].\n'}
[44.157122] (custom_msgs) StdoutLine: {'line': b'-- Installing: /home/dron/Praca-magisterska/ros2_ws/install/custom_msgs/share/custom_msgs/cmake/export_custom_msgs__rosidl_typesupport_fastrtps_cppExport.cmake\n'}
[44.158760] (custom_msgs) StdoutLine: {'line': b'-- Installing: /home/dron/Praca-magisterska/ros2_ws/install/custom_msgs/share/custom_msgs/cmake/export_custom_msgs__rosidl_typesupport_fastrtps_cppExport-noconfig.cmake\n'}
[44.160663] (custom_msgs) StdoutLine: {'line': b'-- Old export file "/home/dron/Praca-magisterska/ros2_ws/install/custom_msgs/share/custom_msgs/cmake/custom_msgs__rosidl_typesupport_introspection_cppExport.cmake" will be replaced.  Removing files [/home/dron/Praca-magisterska/ros2_ws/install/custom_msgs/share/custom_msgs/cmake/custom_msgs__rosidl_typesupport_introspection_cppExport-noconfig.cmake].\n'}
[44.161214] (-) TimerEvent: {}
[44.161685] (custom_msgs) StdoutLine: {'line': b'-- Installing: /home/dron/Praca-magisterska/ros2_ws/install/custom_msgs/share/custom_msgs/cmake/custom_msgs__rosidl_typesupport_introspection_cppExport.cmake\n'}
[44.163325] (custom_msgs) StdoutLine: {'line': b'-- Installing: /home/dron/Praca-magisterska/ros2_ws/install/custom_msgs/share/custom_msgs/cmake/custom_msgs__rosidl_typesupport_introspection_cppExport-noconfig.cmake\n'}
[44.165349] (custom_msgs) StdoutLine: {'line': b'-- Old export file "/home/dron/Praca-magisterska/ros2_ws/install/custom_msgs/share/custom_msgs/cmake/custom_msgs__rosidl_typesupport_cppExport.cmake" will be replaced.  Removing files [/home/dron/Praca-magisterska/ros2_ws/install/custom_msgs/share/custom_msgs/cmake/custom_msgs__rosidl_typesupport_cppExport-noconfig.cmake].\n'}
[44.165933] (custom_msgs) StdoutLine: {'line': b'-- Installing: /home/dron/Praca-magisterska/ros2_ws/install/custom_msgs/share/custom_msgs/cmake/custom_msgs__rosidl_typesupport_cppExport.cmake\n'}
[44.167548] (custom_msgs) StdoutLine: {'line': b'-- Installing: /home/dron/Praca-magisterska/ros2_ws/install/custom_msgs/share/custom_msgs/cmake/custom_msgs__rosidl_typesupport_cppExport-noconfig.cmake\n'}
[44.169390] (custom_msgs) StdoutLine: {'line': b'-- Old export file "/home/dron/Praca-magisterska/ros2_ws/install/custom_msgs/share/custom_msgs/cmake/export_custom_msgs__rosidl_generator_pyExport.cmake" will be replaced.  Removing files [/home/dron/Praca-magisterska/ros2_ws/install/custom_msgs/share/custom_msgs/cmake/export_custom_msgs__rosidl_generator_pyExport-noconfig.cmake].\n'}
[44.170012] (custom_msgs) StdoutLine: {'line': b'-- Installing: /home/dron/Praca-magisterska/ros2_ws/install/custom_msgs/share/custom_msgs/cmake/export_custom_msgs__rosidl_generator_pyExport.cmake\n'}
[44.171618] (custom_msgs) StdoutLine: {'line': b'-- Installing: /home/dron/Praca-magisterska/ros2_ws/install/custom_msgs/share/custom_msgs/cmake/export_custom_msgs__rosidl_generator_pyExport-noconfig.cmake\n'}
[44.173094] (custom_msgs) StdoutLine: {'line': b'-- Installing: /home/dron/Praca-magisterska/ros2_ws/install/custom_msgs/share/custom_msgs/cmake/rosidl_cmake-extras.cmake\n'}
[44.174533] (custom_msgs) StdoutLine: {'line': b'-- Installing: /home/dron/Praca-magisterska/ros2_ws/install/custom_msgs/share/custom_msgs/cmake/ament_cmake_export_include_directories-extras.cmake\n'}
[44.176113] (custom_msgs) StdoutLine: {'line': b'-- Installing: /home/dron/Praca-magisterska/ros2_ws/install/custom_msgs/share/custom_msgs/cmake/ament_cmake_export_libraries-extras.cmake\n'}
[44.177758] (custom_msgs) StdoutLine: {'line': b'-- Installing: /home/dron/Praca-magisterska/ros2_ws/install/custom_msgs/share/custom_msgs/cmake/ament_cmake_export_targets-extras.cmake\n'}
[44.179252] (custom_msgs) StdoutLine: {'line': b'-- Installing: /home/dron/Praca-magisterska/ros2_ws/install/custom_msgs/share/custom_msgs/cmake/rosidl_cmake_export_typesupport_targets-extras.cmake\n'}
[44.180803] (custom_msgs) StdoutLine: {'line': b'-- Installing: /home/dron/Praca-magisterska/ros2_ws/install/custom_msgs/share/custom_msgs/cmake/ament_cmake_export_dependencies-extras.cmake\n'}
[44.182356] (custom_msgs) StdoutLine: {'line': b'-- Installing: /home/dron/Praca-magisterska/ros2_ws/install/custom_msgs/share/custom_msgs/cmake/rosidl_cmake_export_typesupport_libraries-extras.cmake\n'}
[44.183814] (custom_msgs) StdoutLine: {'line': b'-- Installing: /home/dron/Praca-magisterska/ros2_ws/install/custom_msgs/share/custom_msgs/cmake/custom_msgsConfig.cmake\n'}
[44.185062] (custom_msgs) StdoutLine: {'line': b'-- Installing: /home/dron/Praca-magisterska/ros2_ws/install/custom_msgs/share/custom_msgs/cmake/custom_msgsConfig-version.cmake\n'}
[44.186485] (custom_msgs) StdoutLine: {'line': b'-- Installing: /home/dron/Praca-magisterska/ros2_ws/install/custom_msgs/share/custom_msgs/package.xml\n'}
[44.193824] (custom_msgs) CommandEnded: {'returncode': 0}
[44.261399] (-) TimerEvent: {}
[44.281389] (custom_msgs) JobEnded: {'identifier': 'custom_msgs', 'rc': 0}
[44.285602] (estimator_pkg) JobStarted: {'identifier': 'estimator_pkg'}
[44.309388] (flask_pkg) JobStarted: {'identifier': 'flask_pkg'}
[44.337710] (flight_controller_pkg) JobStarted: {'identifier': 'flight_controller_pkg'}
[44.361623] (-) TimerEvent: {}
[44.366946] (log_data_pkg) JobStarted: {'identifier': 'log_data_pkg'}
[44.461833] (-) TimerEvent: {}
[44.562725] (-) TimerEvent: {}
[44.663600] (-) TimerEvent: {}
[44.764409] (-) TimerEvent: {}
[44.865119] (-) TimerEvent: {}
[44.965818] (-) TimerEvent: {}
[45.066528] (-) TimerEvent: {}
[45.167248] (-) TimerEvent: {}
[45.267993] (-) TimerEvent: {}
[45.368742] (-) TimerEvent: {}
[45.469549] (-) TimerEvent: {}
[45.570514] (-) TimerEvent: {}
[45.671236] (-) TimerEvent: {}
[45.771953] (-) TimerEvent: {}
[45.872695] (-) TimerEvent: {}
[45.973397] (-) TimerEvent: {}
[46.074078] (-) TimerEvent: {}
[46.174772] (-) TimerEvent: {}
[46.275478] (-) TimerEvent: {}
[46.376216] (-) TimerEvent: {}
[46.476934] (-) TimerEvent: {}
[46.577723] (-) TimerEvent: {}
[46.678592] (-) TimerEvent: {}
[46.779321] (-) TimerEvent: {}
[46.880208] (-) TimerEvent: {}
[46.980934] (-) TimerEvent: {}
[47.081620] (-) TimerEvent: {}
[47.182307] (-) TimerEvent: {}
[47.283014] (-) TimerEvent: {}
[47.383705] (-) TimerEvent: {}
[47.484486] (-) TimerEvent: {}
[47.585366] (-) TimerEvent: {}
[47.686647] (-) TimerEvent: {}
[47.788296] (-) TimerEvent: {}
[47.889012] (-) TimerEvent: {}
[47.989789] (-) TimerEvent: {}
[48.094300] (-) TimerEvent: {}
[48.195028] (-) TimerEvent: {}
[48.295714] (-) TimerEvent: {}
[48.396443] (-) TimerEvent: {}
[48.497133] (-) TimerEvent: {}
[48.597980] (-) TimerEvent: {}
[48.699373] (-) TimerEvent: {}
[48.801883] (-) TimerEvent: {}
[48.904445] (-) TimerEvent: {}
[49.005306] (-) TimerEvent: {}
[49.106216] (-) TimerEvent: {}
[49.207225] (-) TimerEvent: {}
[49.308411] (-) TimerEvent: {}
[49.409754] (-) TimerEvent: {}
[49.510895] (-) TimerEvent: {}
[49.611683] (-) TimerEvent: {}
[49.712792] (-) TimerEvent: {}
[49.813627] (-) TimerEvent: {}
[49.914497] (-) TimerEvent: {}
[50.015423] (-) TimerEvent: {}
[50.116383] (-) TimerEvent: {}
[50.217239] (-) TimerEvent: {}
[50.318083] (-) TimerEvent: {}
[50.419133] (-) TimerEvent: {}
[50.520084] (-) TimerEvent: {}
[50.620863] (-) TimerEvent: {}
[50.721789] (-) TimerEvent: {}
[50.823314] (-) TimerEvent: {}
[50.924634] (-) TimerEvent: {}
[50.996718] (estimator_pkg) Command: {'cmd': ['/usr/bin/python3', '-W', 'ignore:setup.py install is deprecated', '-W', 'ignore:easy_install command is deprecated', 'setup.py', 'egg_info', '--egg-base', '../../build/estimator_pkg', 'build', '--build-base', '/home/dron/Praca-magisterska/ros2_ws/build/estimator_pkg/build', 'install', '--record', '/home/dron/Praca-magisterska/ros2_ws/build/estimator_pkg/install.log', '--single-version-externally-managed', 'install_data'], 'cwd': '/home/dron/Praca-magisterska/ros2_ws/src/estimator_pkg', 'env': {'LESSOPEN': '| /usr/bin/lesspipe %s', 'USER': 'dron', 'SSH_CLIENT': 'fe80::73bc:b5b3:a668:f352%wlan0 51701 22', 'XDG_SESSION_TYPE': 'tty', 'SHLVL': '1', 'LD_LIBRARY_PATH': '/home/dron/Praca-magisterska/ros2_ws/install/custom_msgs/lib:/opt/ros/humble/lib/aarch64-linux-gnu:/opt/ros/humble/lib', 'MOTD_SHOWN': 'pam', 'HOME': '/home/dron', 'OLDPWD': '/home/dron/Praca-magisterska/ros2_ws/install', 'SSH_TTY': '/dev/pts/0', 'ROS_PYTHON_VERSION': '3', 'PS1': '(venv) \\[\\e]0;\\u@\\h: \\w\\a\\]${debian_chroot:+($debian_chroot)}\\u@\\h:\\w\\$', 'DBUS_SESSION_BUS_ADDRESS': 'unix:path=/run/user/1000/bus', 'COLCON_PREFIX_PATH': '/home/dron/Praca-magisterska/ros2_ws/install', 'ROS_DISTRO': 'humble', 'LOGNAME': 'dron', '_': '/usr/bin/colcon', 'ROS_VERSION': '2', 'XDG_SESSION_CLASS': 'user', 'TERM': 'xterm', 'XDG_SESSION_ID': '1', 'ROS_LOCALHOST_ONLY': '0', 'PATH': '/opt/ros/humble/bin:/home/rosbot/ros2_ws/venv/bin:/usr/local/sbin:/usr/local/bin:/usr/sbin:/usr/bin:/sbin:/bin:/usr/games:/usr/local/games:/snap/bin', 'XDG_RUNTIME_DIR': '/run/user/1000', 'LANG': 'C.UTF-8', 'VIRTUAL_ENV_PROMPT': '(venv)', 'LS_COLORS': 'rs=0:di=01;34:ln=01;36:mh=00:pi=40;33:so=01;35:do=01;35:bd=40;33;01:cd=40;33;01:or=40;31;01:mi=00:su=37;41:sg=30;43:ca=30;41:tw=30;42:ow=34;42:st=37;44:ex=01;32:*.tar=01;31:*.tgz=01;31:*.arc=01;31:*.arj=01;31:*.taz=01;31:*.lha=01;31:*.lz4=01;31:*.lzh=01;31:*.lzma=01;31:*.tlz=01;31:*.txz=01;31:*.tzo=01;31:*.t7z=01;31:*.zip=01;31:*.z=01;31:*.dz=01;31:*.gz=01;31:*.lrz=01;31:*.lz=01;31:*.lzo=01;31:*.xz=01;31:*.zst=01;31:*.tzst=01;31:*.bz2=01;31:*.bz=01;31:*.tbz=01;31:*.tbz2=01;31:*.tz=01;31:*.deb=01;31:*.rpm=01;31:*.jar=01;31:*.war=01;31:*.ear=01;31:*.sar=01;31:*.rar=01;31:*.alz=01;31:*.ace=01;31:*.zoo=01;31:*.cpio=01;31:*.7z=01;31:*.rz=01;31:*.cab=01;31:*.wim=01;31:*.swm=01;31:*.dwm=01;31:*.esd=01;31:*.jpg=01;35:*.jpeg=01;35:*.mjpg=01;35:*.mjpeg=01;35:*.gif=01;35:*.bmp=01;35:*.pbm=01;35:*.pgm=01;35:*.ppm=01;35:*.tga=01;35:*.xbm=01;35:*.xpm=01;35:*.tif=01;35:*.tiff=01;35:*.png=01;35:*.svg=01;35:*.svgz=01;35:*.mng=01;35:*.pcx=01;35:*.mov=01;35:*.mpg=01;35:*.mpeg=01;35:*.m2v=01;35:*.mkv=01;35:*.webm=01;35:*.webp=01;35:*.ogm=01;35:*.mp4=01;35:*.m4v=01;35:*.mp4v=01;35:*.vob=01;35:*.qt=01;35:*.nuv=01;35:*.wmv=01;35:*.asf=01;35:*.rm=01;35:*.rmvb=01;35:*.flc=01;35:*.avi=01;35:*.fli=01;35:*.flv=01;35:*.gl=01;35:*.dl=01;35:*.xcf=01;35:*.xwd=01;35:*.yuv=01;35:*.cgm=01;35:*.emf=01;35:*.ogv=01;35:*.ogx=01;35:*.aac=00;36:*.au=00;36:*.flac=00;36:*.m4a=00;36:*.mid=00;36:*.midi=00;36:*.mka=00;36:*.mp3=00;36:*.mpc=00;36:*.ogg=00;36:*.ra=00;36:*.wav=00;36:*.oga=00;36:*.opus=00;36:*.spx=00;36:*.xspf=00;36:', 'AMENT_PREFIX_PATH': '/opt/ros/humble:/home/dron/Praca-magisterska/ros2_ws/install/um7_pkg:/home/dron/Praca-magisterska/ros2_ws/install/my_py_pkg:/home/dron/Praca-magisterska/ros2_ws/install/my_cpp_pkg:/home/dron/Praca-magisterska/ros2_ws/install/log_data_pkg:/home/dron/Praca-magisterska/ros2_ws/install/flight_controller_pkg:/home/dron/Praca-magisterska/ros2_ws/install/flask_pkg:/home/dron/Praca-magisterska/ros2_ws/install/estimator_pkg:/home/dron/Praca-magisterska/ros2_ws/install/custom_msgs', 'SHELL': '/bin/bash', 'LESSCLOSE': '/usr/bin/lesspipe %s %s', 'VIRTUAL_ENV': '/home/rosbot/ros2_ws/venv', 'PWD': '/home/dron/Praca-magisterska/ros2_ws/build/estimator_pkg', 'SSH_CONNECTION': 'fe80::73bc:b5b3:a668:f352%wlan0 51701 fe80::da3a:ddff:fe3f:f331%wlan0 22', 'XDG_DATA_DIRS': '/usr/local/share:/usr/share:/var/lib/snapd/desktop', 'PYTHONPATH': '/home/dron/Praca-magisterska/ros2_ws/build/estimator_pkg/prefix_override:/usr/lib/python3/dist-packages/colcon_core/task/python/colcon_distutils_commands:/home/dron/Praca-magisterska/ros2_ws/install/estimator_pkg/lib/python3.10/site-packages:/home/dron/Praca-magisterska/ros2_ws/install/custom_msgs/local/lib/python3.10/dist-packages:/opt/ros/humble/lib/python3.10/site-packages:/opt/ros/humble/local/lib/python3.10/dist-packages:/home/dron/Praca-magisterska/ros2_ws/install/um7_pkg/lib/python3.12/site-packages:/home/dron/Praca-magisterska/ros2_ws/install/my_py_pkg/lib/python3.12/site-packages:/home/dron/Praca-magisterska/ros2_ws/install/log_data_pkg/lib/python3.12/site-packages:/home/dron/Praca-magisterska/ros2_ws/install/flight_controller_pkg/lib/python3.12/site-packages:/home/dron/Praca-magisterska/ros2_ws/install/flask_pkg/lib/python3.12/site-packages:/home/dron/Praca-magisterska/ros2_ws/install/estimator_pkg/lib/python3.12/site-packages:/home/dron/Praca-magisterska/ros2_ws/install/custom_msgs/lib/python3.12/site-packages', 'COLCON': '1', 'CMAKE_PREFIX_PATH': '/home/dron/Praca-magisterska/ros2_ws/install/custom_msgs:/home/dron/Praca-magisterska/ros2_ws/install/my_cpp_pkg'}, 'shell': False}
[51.025275] (-) TimerEvent: {}
[51.116531] (flask_pkg) Command: {'cmd': ['/usr/bin/python3', '-W', 'ignore:setup.py install is deprecated', '-W', 'ignore:easy_install command is deprecated', 'setup.py', 'egg_info', '--egg-base', '../../build/flask_pkg', 'build', '--build-base', '/home/dron/Praca-magisterska/ros2_ws/build/flask_pkg/build', 'install', '--record', '/home/dron/Praca-magisterska/ros2_ws/build/flask_pkg/install.log', '--single-version-externally-managed', 'install_data'], 'cwd': '/home/dron/Praca-magisterska/ros2_ws/src/flask_pkg', 'env': {'LESSOPEN': '| /usr/bin/lesspipe %s', 'USER': 'dron', 'SSH_CLIENT': 'fe80::73bc:b5b3:a668:f352%wlan0 51701 22', 'XDG_SESSION_TYPE': 'tty', 'SHLVL': '1', 'LD_LIBRARY_PATH': '/home/dron/Praca-magisterska/ros2_ws/install/custom_msgs/lib:/opt/ros/humble/lib/aarch64-linux-gnu:/opt/ros/humble/lib', 'MOTD_SHOWN': 'pam', 'HOME': '/home/dron', 'OLDPWD': '/home/dron/Praca-magisterska/ros2_ws/install', 'SSH_TTY': '/dev/pts/0', 'ROS_PYTHON_VERSION': '3', 'PS1': '(venv) \\[\\e]0;\\u@\\h: \\w\\a\\]${debian_chroot:+($debian_chroot)}\\u@\\h:\\w\\$', 'DBUS_SESSION_BUS_ADDRESS': 'unix:path=/run/user/1000/bus', 'COLCON_PREFIX_PATH': '/home/dron/Praca-magisterska/ros2_ws/install', 'ROS_DISTRO': 'humble', 'LOGNAME': 'dron', '_': '/usr/bin/colcon', 'ROS_VERSION': '2', 'XDG_SESSION_CLASS': 'user', 'TERM': 'xterm', 'XDG_SESSION_ID': '1', 'ROS_LOCALHOST_ONLY': '0', 'PATH': '/opt/ros/humble/bin:/home/rosbot/ros2_ws/venv/bin:/usr/local/sbin:/usr/local/bin:/usr/sbin:/usr/bin:/sbin:/bin:/usr/games:/usr/local/games:/snap/bin', 'XDG_RUNTIME_DIR': '/run/user/1000', 'LANG': 'C.UTF-8', 'VIRTUAL_ENV_PROMPT': '(venv)', 'LS_COLORS': 'rs=0:di=01;34:ln=01;36:mh=00:pi=40;33:so=01;35:do=01;35:bd=40;33;01:cd=40;33;01:or=40;31;01:mi=00:su=37;41:sg=30;43:ca=30;41:tw=30;42:ow=34;42:st=37;44:ex=01;32:*.tar=01;31:*.tgz=01;31:*.arc=01;31:*.arj=01;31:*.taz=01;31:*.lha=01;31:*.lz4=01;31:*.lzh=01;31:*.lzma=01;31:*.tlz=01;31:*.txz=01;31:*.tzo=01;31:*.t7z=01;31:*.zip=01;31:*.z=01;31:*.dz=01;31:*.gz=01;31:*.lrz=01;31:*.lz=01;31:*.lzo=01;31:*.xz=01;31:*.zst=01;31:*.tzst=01;31:*.bz2=01;31:*.bz=01;31:*.tbz=01;31:*.tbz2=01;31:*.tz=01;31:*.deb=01;31:*.rpm=01;31:*.jar=01;31:*.war=01;31:*.ear=01;31:*.sar=01;31:*.rar=01;31:*.alz=01;31:*.ace=01;31:*.zoo=01;31:*.cpio=01;31:*.7z=01;31:*.rz=01;31:*.cab=01;31:*.wim=01;31:*.swm=01;31:*.dwm=01;31:*.esd=01;31:*.jpg=01;35:*.jpeg=01;35:*.mjpg=01;35:*.mjpeg=01;35:*.gif=01;35:*.bmp=01;35:*.pbm=01;35:*.pgm=01;35:*.ppm=01;35:*.tga=01;35:*.xbm=01;35:*.xpm=01;35:*.tif=01;35:*.tiff=01;35:*.png=01;35:*.svg=01;35:*.svgz=01;35:*.mng=01;35:*.pcx=01;35:*.mov=01;35:*.mpg=01;35:*.mpeg=01;35:*.m2v=01;35:*.mkv=01;35:*.webm=01;35:*.webp=01;35:*.ogm=01;35:*.mp4=01;35:*.m4v=01;35:*.mp4v=01;35:*.vob=01;35:*.qt=01;35:*.nuv=01;35:*.wmv=01;35:*.asf=01;35:*.rm=01;35:*.rmvb=01;35:*.flc=01;35:*.avi=01;35:*.fli=01;35:*.flv=01;35:*.gl=01;35:*.dl=01;35:*.xcf=01;35:*.xwd=01;35:*.yuv=01;35:*.cgm=01;35:*.emf=01;35:*.ogv=01;35:*.ogx=01;35:*.aac=00;36:*.au=00;36:*.flac=00;36:*.m4a=00;36:*.mid=00;36:*.midi=00;36:*.mka=00;36:*.mp3=00;36:*.mpc=00;36:*.ogg=00;36:*.ra=00;36:*.wav=00;36:*.oga=00;36:*.opus=00;36:*.spx=00;36:*.xspf=00;36:', 'AMENT_PREFIX_PATH': '/opt/ros/humble:/home/dron/Praca-magisterska/ros2_ws/install/um7_pkg:/home/dron/Praca-magisterska/ros2_ws/install/my_py_pkg:/home/dron/Praca-magisterska/ros2_ws/install/my_cpp_pkg:/home/dron/Praca-magisterska/ros2_ws/install/log_data_pkg:/home/dron/Praca-magisterska/ros2_ws/install/flight_controller_pkg:/home/dron/Praca-magisterska/ros2_ws/install/flask_pkg:/home/dron/Praca-magisterska/ros2_ws/install/estimator_pkg:/home/dron/Praca-magisterska/ros2_ws/install/custom_msgs', 'SHELL': '/bin/bash', 'LESSCLOSE': '/usr/bin/lesspipe %s %s', 'VIRTUAL_ENV': '/home/rosbot/ros2_ws/venv', 'PWD': '/home/dron/Praca-magisterska/ros2_ws/build/flask_pkg', 'SSH_CONNECTION': 'fe80::73bc:b5b3:a668:f352%wlan0 51701 fe80::da3a:ddff:fe3f:f331%wlan0 22', 'XDG_DATA_DIRS': '/usr/local/share:/usr/share:/var/lib/snapd/desktop', 'PYTHONPATH': '/home/dron/Praca-magisterska/ros2_ws/build/flask_pkg/prefix_override:/usr/lib/python3/dist-packages/colcon_core/task/python/colcon_distutils_commands:/home/dron/Praca-magisterska/ros2_ws/install/flask_pkg/lib/python3.10/site-packages:/home/dron/Praca-magisterska/ros2_ws/install/custom_msgs/local/lib/python3.10/dist-packages:/opt/ros/humble/lib/python3.10/site-packages:/opt/ros/humble/local/lib/python3.10/dist-packages:/home/dron/Praca-magisterska/ros2_ws/install/um7_pkg/lib/python3.12/site-packages:/home/dron/Praca-magisterska/ros2_ws/install/my_py_pkg/lib/python3.12/site-packages:/home/dron/Praca-magisterska/ros2_ws/install/log_data_pkg/lib/python3.12/site-packages:/home/dron/Praca-magisterska/ros2_ws/install/flight_controller_pkg/lib/python3.12/site-packages:/home/dron/Praca-magisterska/ros2_ws/install/flask_pkg/lib/python3.12/site-packages:/home/dron/Praca-magisterska/ros2_ws/install/estimator_pkg/lib/python3.12/site-packages:/home/dron/Praca-magisterska/ros2_ws/install/custom_msgs/lib/python3.12/site-packages', 'COLCON': '1', 'CMAKE_PREFIX_PATH': '/home/dron/Praca-magisterska/ros2_ws/install/custom_msgs:/home/dron/Praca-magisterska/ros2_ws/install/my_cpp_pkg'}, 'shell': False}
[51.131949] (-) TimerEvent: {}
[51.190442] (log_data_pkg) Command: {'cmd': ['/usr/bin/python3', '-W', 'ignore:setup.py install is deprecated', '-W', 'ignore:easy_install command is deprecated', 'setup.py', 'egg_info', '--egg-base', '../../build/log_data_pkg', 'build', '--build-base', '/home/dron/Praca-magisterska/ros2_ws/build/log_data_pkg/build', 'install', '--record', '/home/dron/Praca-magisterska/ros2_ws/build/log_data_pkg/install.log', '--single-version-externally-managed', 'install_data'], 'cwd': '/home/dron/Praca-magisterska/ros2_ws/src/log_data_pkg', 'env': {'LESSOPEN': '| /usr/bin/lesspipe %s', 'USER': 'dron', 'SSH_CLIENT': 'fe80::73bc:b5b3:a668:f352%wlan0 51701 22', 'XDG_SESSION_TYPE': 'tty', 'SHLVL': '1', 'LD_LIBRARY_PATH': '/home/dron/Praca-magisterska/ros2_ws/install/custom_msgs/lib:/opt/ros/humble/lib/aarch64-linux-gnu:/opt/ros/humble/lib', 'MOTD_SHOWN': 'pam', 'HOME': '/home/dron', 'OLDPWD': '/home/dron/Praca-magisterska/ros2_ws/install', 'SSH_TTY': '/dev/pts/0', 'ROS_PYTHON_VERSION': '3', 'PS1': '(venv) \\[\\e]0;\\u@\\h: \\w\\a\\]${debian_chroot:+($debian_chroot)}\\u@\\h:\\w\\$', 'DBUS_SESSION_BUS_ADDRESS': 'unix:path=/run/user/1000/bus', 'COLCON_PREFIX_PATH': '/home/dron/Praca-magisterska/ros2_ws/install', 'ROS_DISTRO': 'humble', 'LOGNAME': 'dron', '_': '/usr/bin/colcon', 'ROS_VERSION': '2', 'XDG_SESSION_CLASS': 'user', 'TERM': 'xterm', 'XDG_SESSION_ID': '1', 'ROS_LOCALHOST_ONLY': '0', 'PATH': '/opt/ros/humble/bin:/home/rosbot/ros2_ws/venv/bin:/usr/local/sbin:/usr/local/bin:/usr/sbin:/usr/bin:/sbin:/bin:/usr/games:/usr/local/games:/snap/bin', 'XDG_RUNTIME_DIR': '/run/user/1000', 'LANG': 'C.UTF-8', 'VIRTUAL_ENV_PROMPT': '(venv)', 'LS_COLORS': 'rs=0:di=01;34:ln=01;36:mh=00:pi=40;33:so=01;35:do=01;35:bd=40;33;01:cd=40;33;01:or=40;31;01:mi=00:su=37;41:sg=30;43:ca=30;41:tw=30;42:ow=34;42:st=37;44:ex=01;32:*.tar=01;31:*.tgz=01;31:*.arc=01;31:*.arj=01;31:*.taz=01;31:*.lha=01;31:*.lz4=01;31:*.lzh=01;31:*.lzma=01;31:*.tlz=01;31:*.txz=01;31:*.tzo=01;31:*.t7z=01;31:*.zip=01;31:*.z=01;31:*.dz=01;31:*.gz=01;31:*.lrz=01;31:*.lz=01;31:*.lzo=01;31:*.xz=01;31:*.zst=01;31:*.tzst=01;31:*.bz2=01;31:*.bz=01;31:*.tbz=01;31:*.tbz2=01;31:*.tz=01;31:*.deb=01;31:*.rpm=01;31:*.jar=01;31:*.war=01;31:*.ear=01;31:*.sar=01;31:*.rar=01;31:*.alz=01;31:*.ace=01;31:*.zoo=01;31:*.cpio=01;31:*.7z=01;31:*.rz=01;31:*.cab=01;31:*.wim=01;31:*.swm=01;31:*.dwm=01;31:*.esd=01;31:*.jpg=01;35:*.jpeg=01;35:*.mjpg=01;35:*.mjpeg=01;35:*.gif=01;35:*.bmp=01;35:*.pbm=01;35:*.pgm=01;35:*.ppm=01;35:*.tga=01;35:*.xbm=01;35:*.xpm=01;35:*.tif=01;35:*.tiff=01;35:*.png=01;35:*.svg=01;35:*.svgz=01;35:*.mng=01;35:*.pcx=01;35:*.mov=01;35:*.mpg=01;35:*.mpeg=01;35:*.m2v=01;35:*.mkv=01;35:*.webm=01;35:*.webp=01;35:*.ogm=01;35:*.mp4=01;35:*.m4v=01;35:*.mp4v=01;35:*.vob=01;35:*.qt=01;35:*.nuv=01;35:*.wmv=01;35:*.asf=01;35:*.rm=01;35:*.rmvb=01;35:*.flc=01;35:*.avi=01;35:*.fli=01;35:*.flv=01;35:*.gl=01;35:*.dl=01;35:*.xcf=01;35:*.xwd=01;35:*.yuv=01;35:*.cgm=01;35:*.emf=01;35:*.ogv=01;35:*.ogx=01;35:*.aac=00;36:*.au=00;36:*.flac=00;36:*.m4a=00;36:*.mid=00;36:*.midi=00;36:*.mka=00;36:*.mp3=00;36:*.mpc=00;36:*.ogg=00;36:*.ra=00;36:*.wav=00;36:*.oga=00;36:*.opus=00;36:*.spx=00;36:*.xspf=00;36:', 'AMENT_PREFIX_PATH': '/opt/ros/humble:/home/dron/Praca-magisterska/ros2_ws/install/um7_pkg:/home/dron/Praca-magisterska/ros2_ws/install/my_py_pkg:/home/dron/Praca-magisterska/ros2_ws/install/my_cpp_pkg:/home/dron/Praca-magisterska/ros2_ws/install/log_data_pkg:/home/dron/Praca-magisterska/ros2_ws/install/flight_controller_pkg:/home/dron/Praca-magisterska/ros2_ws/install/flask_pkg:/home/dron/Praca-magisterska/ros2_ws/install/estimator_pkg:/home/dron/Praca-magisterska/ros2_ws/install/custom_msgs', 'SHELL': '/bin/bash', 'LESSCLOSE': '/usr/bin/lesspipe %s %s', 'VIRTUAL_ENV': '/home/rosbot/ros2_ws/venv', 'PWD': '/home/dron/Praca-magisterska/ros2_ws/build/log_data_pkg', 'SSH_CONNECTION': 'fe80::73bc:b5b3:a668:f352%wlan0 51701 fe80::da3a:ddff:fe3f:f331%wlan0 22', 'XDG_DATA_DIRS': '/usr/local/share:/usr/share:/var/lib/snapd/desktop', 'PYTHONPATH': '/home/dron/Praca-magisterska/ros2_ws/build/log_data_pkg/prefix_override:/usr/lib/python3/dist-packages/colcon_core/task/python/colcon_distutils_commands:/home/dron/Praca-magisterska/ros2_ws/install/log_data_pkg/lib/python3.10/site-packages:/home/dron/Praca-magisterska/ros2_ws/install/custom_msgs/local/lib/python3.10/dist-packages:/opt/ros/humble/lib/python3.10/site-packages:/opt/ros/humble/local/lib/python3.10/dist-packages:/home/dron/Praca-magisterska/ros2_ws/install/um7_pkg/lib/python3.12/site-packages:/home/dron/Praca-magisterska/ros2_ws/install/my_py_pkg/lib/python3.12/site-packages:/home/dron/Praca-magisterska/ros2_ws/install/log_data_pkg/lib/python3.12/site-packages:/home/dron/Praca-magisterska/ros2_ws/install/flight_controller_pkg/lib/python3.12/site-packages:/home/dron/Praca-magisterska/ros2_ws/install/flask_pkg/lib/python3.12/site-packages:/home/dron/Praca-magisterska/ros2_ws/install/estimator_pkg/lib/python3.12/site-packages:/home/dron/Praca-magisterska/ros2_ws/install/custom_msgs/lib/python3.12/site-packages', 'COLCON': '1', 'CMAKE_PREFIX_PATH': '/home/dron/Praca-magisterska/ros2_ws/install/custom_msgs:/home/dron/Praca-magisterska/ros2_ws/install/my_cpp_pkg'}, 'shell': False}
[51.232329] (-) TimerEvent: {}
[51.333410] (-) TimerEvent: {}
[51.369246] (flight_controller_pkg) Command: {'cmd': ['/usr/bin/python3', '-W', 'ignore:setup.py install is deprecated', '-W', 'ignore:easy_install command is deprecated', 'setup.py', 'egg_info', '--egg-base', '../../build/flight_controller_pkg', 'build', '--build-base', '/home/dron/Praca-magisterska/ros2_ws/build/flight_controller_pkg/build', 'install', '--record', '/home/dron/Praca-magisterska/ros2_ws/build/flight_controller_pkg/install.log', '--single-version-externally-managed', 'install_data'], 'cwd': '/home/dron/Praca-magisterska/ros2_ws/src/flight_controller_pkg', 'env': {'LESSOPEN': '| /usr/bin/lesspipe %s', 'USER': 'dron', 'SSH_CLIENT': 'fe80::73bc:b5b3:a668:f352%wlan0 51701 22', 'XDG_SESSION_TYPE': 'tty', 'SHLVL': '1', 'LD_LIBRARY_PATH': '/home/dron/Praca-magisterska/ros2_ws/install/custom_msgs/lib:/opt/ros/humble/lib/aarch64-linux-gnu:/opt/ros/humble/lib', 'MOTD_SHOWN': 'pam', 'HOME': '/home/dron', 'OLDPWD': '/home/dron/Praca-magisterska/ros2_ws/install', 'SSH_TTY': '/dev/pts/0', 'ROS_PYTHON_VERSION': '3', 'PS1': '(venv) \\[\\e]0;\\u@\\h: \\w\\a\\]${debian_chroot:+($debian_chroot)}\\u@\\h:\\w\\$', 'DBUS_SESSION_BUS_ADDRESS': 'unix:path=/run/user/1000/bus', 'COLCON_PREFIX_PATH': '/home/dron/Praca-magisterska/ros2_ws/install', 'ROS_DISTRO': 'humble', 'LOGNAME': 'dron', '_': '/usr/bin/colcon', 'ROS_VERSION': '2', 'XDG_SESSION_CLASS': 'user', 'TERM': 'xterm', 'XDG_SESSION_ID': '1', 'ROS_LOCALHOST_ONLY': '0', 'PATH': '/opt/ros/humble/bin:/home/rosbot/ros2_ws/venv/bin:/usr/local/sbin:/usr/local/bin:/usr/sbin:/usr/bin:/sbin:/bin:/usr/games:/usr/local/games:/snap/bin', 'XDG_RUNTIME_DIR': '/run/user/1000', 'LANG': 'C.UTF-8', 'VIRTUAL_ENV_PROMPT': '(venv)', 'LS_COLORS': 'rs=0:di=01;34:ln=01;36:mh=00:pi=40;33:so=01;35:do=01;35:bd=40;33;01:cd=40;33;01:or=40;31;01:mi=00:su=37;41:sg=30;43:ca=30;41:tw=30;42:ow=34;42:st=37;44:ex=01;32:*.tar=01;31:*.tgz=01;31:*.arc=01;31:*.arj=01;31:*.taz=01;31:*.lha=01;31:*.lz4=01;31:*.lzh=01;31:*.lzma=01;31:*.tlz=01;31:*.txz=01;31:*.tzo=01;31:*.t7z=01;31:*.zip=01;31:*.z=01;31:*.dz=01;31:*.gz=01;31:*.lrz=01;31:*.lz=01;31:*.lzo=01;31:*.xz=01;31:*.zst=01;31:*.tzst=01;31:*.bz2=01;31:*.bz=01;31:*.tbz=01;31:*.tbz2=01;31:*.tz=01;31:*.deb=01;31:*.rpm=01;31:*.jar=01;31:*.war=01;31:*.ear=01;31:*.sar=01;31:*.rar=01;31:*.alz=01;31:*.ace=01;31:*.zoo=01;31:*.cpio=01;31:*.7z=01;31:*.rz=01;31:*.cab=01;31:*.wim=01;31:*.swm=01;31:*.dwm=01;31:*.esd=01;31:*.jpg=01;35:*.jpeg=01;35:*.mjpg=01;35:*.mjpeg=01;35:*.gif=01;35:*.bmp=01;35:*.pbm=01;35:*.pgm=01;35:*.ppm=01;35:*.tga=01;35:*.xbm=01;35:*.xpm=01;35:*.tif=01;35:*.tiff=01;35:*.png=01;35:*.svg=01;35:*.svgz=01;35:*.mng=01;35:*.pcx=01;35:*.mov=01;35:*.mpg=01;35:*.mpeg=01;35:*.m2v=01;35:*.mkv=01;35:*.webm=01;35:*.webp=01;35:*.ogm=01;35:*.mp4=01;35:*.m4v=01;35:*.mp4v=01;35:*.vob=01;35:*.qt=01;35:*.nuv=01;35:*.wmv=01;35:*.asf=01;35:*.rm=01;35:*.rmvb=01;35:*.flc=01;35:*.avi=01;35:*.fli=01;35:*.flv=01;35:*.gl=01;35:*.dl=01;35:*.xcf=01;35:*.xwd=01;35:*.yuv=01;35:*.cgm=01;35:*.emf=01;35:*.ogv=01;35:*.ogx=01;35:*.aac=00;36:*.au=00;36:*.flac=00;36:*.m4a=00;36:*.mid=00;36:*.midi=00;36:*.mka=00;36:*.mp3=00;36:*.mpc=00;36:*.ogg=00;36:*.ra=00;36:*.wav=00;36:*.oga=00;36:*.opus=00;36:*.spx=00;36:*.xspf=00;36:', 'AMENT_PREFIX_PATH': '/opt/ros/humble:/home/dron/Praca-magisterska/ros2_ws/install/um7_pkg:/home/dron/Praca-magisterska/ros2_ws/install/my_py_pkg:/home/dron/Praca-magisterska/ros2_ws/install/my_cpp_pkg:/home/dron/Praca-magisterska/ros2_ws/install/log_data_pkg:/home/dron/Praca-magisterska/ros2_ws/install/flight_controller_pkg:/home/dron/Praca-magisterska/ros2_ws/install/flask_pkg:/home/dron/Praca-magisterska/ros2_ws/install/estimator_pkg:/home/dron/Praca-magisterska/ros2_ws/install/custom_msgs', 'SHELL': '/bin/bash', 'LESSCLOSE': '/usr/bin/lesspipe %s %s', 'VIRTUAL_ENV': '/home/rosbot/ros2_ws/venv', 'PWD': '/home/dron/Praca-magisterska/ros2_ws/build/flight_controller_pkg', 'SSH_CONNECTION': 'fe80::73bc:b5b3:a668:f352%wlan0 51701 fe80::da3a:ddff:fe3f:f331%wlan0 22', 'XDG_DATA_DIRS': '/usr/local/share:/usr/share:/var/lib/snapd/desktop', 'PYTHONPATH': '/home/dron/Praca-magisterska/ros2_ws/build/flight_controller_pkg/prefix_override:/usr/lib/python3/dist-packages/colcon_core/task/python/colcon_distutils_commands:/home/dron/Praca-magisterska/ros2_ws/install/flight_controller_pkg/lib/python3.10/site-packages:/home/dron/Praca-magisterska/ros2_ws/install/custom_msgs/local/lib/python3.10/dist-packages:/opt/ros/humble/lib/python3.10/site-packages:/opt/ros/humble/local/lib/python3.10/dist-packages:/home/dron/Praca-magisterska/ros2_ws/install/um7_pkg/lib/python3.12/site-packages:/home/dron/Praca-magisterska/ros2_ws/install/my_py_pkg/lib/python3.12/site-packages:/home/dron/Praca-magisterska/ros2_ws/install/log_data_pkg/lib/python3.12/site-packages:/home/dron/Praca-magisterska/ros2_ws/install/flight_controller_pkg/lib/python3.12/site-packages:/home/dron/Praca-magisterska/ros2_ws/install/flask_pkg/lib/python3.12/site-packages:/home/dron/Praca-magisterska/ros2_ws/install/estimator_pkg/lib/python3.12/site-packages:/home/dron/Praca-magisterska/ros2_ws/install/custom_msgs/lib/python3.12/site-packages', 'COLCON': '1', 'CMAKE_PREFIX_PATH': '/home/dron/Praca-magisterska/ros2_ws/install/custom_msgs:/home/dron/Praca-magisterska/ros2_ws/install/my_cpp_pkg'}, 'shell': False}
[51.433650] (-) TimerEvent: {}
[51.534707] (-) TimerEvent: {}
[51.635867] (-) TimerEvent: {}
[51.736812] (-) TimerEvent: {}
[51.837702] (-) TimerEvent: {}
[51.938977] (-) TimerEvent: {}
[52.039829] (-) TimerEvent: {}
[52.140830] (-) TimerEvent: {}
[52.241672] (-) TimerEvent: {}
[52.342909] (-) TimerEvent: {}
[52.443820] (-) TimerEvent: {}
[52.544869] (-) TimerEvent: {}
[52.618993] (estimator_pkg) StdoutLine: {'line': b'running egg_info\n'}
[52.621911] (estimator_pkg) StdoutLine: {'line': b'creating ../../build/estimator_pkg/estimator_pkg.egg-info\n'}
[52.622763] (estimator_pkg) StdoutLine: {'line': b'writing ../../build/estimator_pkg/estimator_pkg.egg-info/PKG-INFO\n'}
[52.624244] (estimator_pkg) StdoutLine: {'line': b'writing dependency_links to ../../build/estimator_pkg/estimator_pkg.egg-info/dependency_links.txt\n'}
[52.625134] (estimator_pkg) StdoutLine: {'line': b'writing entry points to ../../build/estimator_pkg/estimator_pkg.egg-info/entry_points.txt\n'}
[52.625937] (estimator_pkg) StdoutLine: {'line': b'writing requirements to ../../build/estimator_pkg/estimator_pkg.egg-info/requires.txt\n'}
[52.626720] (estimator_pkg) StdoutLine: {'line': b'writing top-level names to ../../build/estimator_pkg/estimator_pkg.egg-info/top_level.txt\n'}
[52.627497] (estimator_pkg) StdoutLine: {'line': b"writing manifest file '../../build/estimator_pkg/estimator_pkg.egg-info/SOURCES.txt'\n"}
[52.636175] (estimator_pkg) StdoutLine: {'line': b"reading manifest file '../../build/estimator_pkg/estimator_pkg.egg-info/SOURCES.txt'\n"}
[52.640123] (estimator_pkg) StdoutLine: {'line': b"writing manifest file '../../build/estimator_pkg/estimator_pkg.egg-info/SOURCES.txt'\n"}
[52.641060] (estimator_pkg) StdoutLine: {'line': b'running build\n'}
[52.641791] (estimator_pkg) StdoutLine: {'line': b'running build_py\n'}
[52.642477] (estimator_pkg) StdoutLine: {'line': b'creating /home/dron/Praca-magisterska/ros2_ws/build/estimator_pkg/build\n'}
[52.643250] (estimator_pkg) StdoutLine: {'line': b'creating /home/dron/Praca-magisterska/ros2_ws/build/estimator_pkg/build/lib\n'}
[52.643915] (estimator_pkg) StdoutLine: {'line': b'creating /home/dron/Praca-magisterska/ros2_ws/build/estimator_pkg/build/lib/estimator_pkg\n'}
[52.644563] (estimator_pkg) StdoutLine: {'line': b'copying estimator_pkg/__init__.py -> /home/dron/Praca-magisterska/ros2_ws/build/estimator_pkg/build/lib/estimator_pkg\n'}
[52.645000] (-) TimerEvent: {}
[52.645674] (estimator_pkg) StdoutLine: {'line': b'copying estimator_pkg/Estymator G.py -> /home/dron/Praca-magisterska/ros2_ws/build/estimator_pkg/build/lib/estimator_pkg\n'}
[52.646426] (estimator_pkg) StdoutLine: {'line': b'copying estimator_pkg/estimator_node.py -> /home/dron/Praca-magisterska/ros2_ws/build/estimator_pkg/build/lib/estimator_pkg\n'}
[52.646894] (estimator_pkg) StdoutLine: {'line': b'running install\n'}
[52.647471] (estimator_pkg) StdoutLine: {'line': b'running install_lib\n'}
[52.651704] (estimator_pkg) StdoutLine: {'line': b'creating /home/dron/Praca-magisterska/ros2_ws/install/estimator_pkg/lib/python3.10/site-packages/estimator_pkg\n'}
[52.653084] (estimator_pkg) StdoutLine: {'line': b'copying /home/dron/Praca-magisterska/ros2_ws/build/estimator_pkg/build/lib/estimator_pkg/__init__.py -> /home/dron/Praca-magisterska/ros2_ws/install/estimator_pkg/lib/python3.10/site-packages/estimator_pkg\n'}
[52.654196] (estimator_pkg) StdoutLine: {'line': b'copying /home/dron/Praca-magisterska/ros2_ws/build/estimator_pkg/build/lib/estimator_pkg/Estymator G.py -> /home/dron/Praca-magisterska/ros2_ws/install/estimator_pkg/lib/python3.10/site-packages/estimator_pkg\n'}
[52.656243] (estimator_pkg) StdoutLine: {'line': b'copying /home/dron/Praca-magisterska/ros2_ws/build/estimator_pkg/build/lib/estimator_pkg/estimator_node.py -> /home/dron/Praca-magisterska/ros2_ws/install/estimator_pkg/lib/python3.10/site-packages/estimator_pkg\n'}
[52.658699] (estimator_pkg) StdoutLine: {'line': b'byte-compiling /home/dron/Praca-magisterska/ros2_ws/install/estimator_pkg/lib/python3.10/site-packages/estimator_pkg/__init__.py to __init__.cpython-310.pyc\n'}
[52.660499] (estimator_pkg) StdoutLine: {'line': b'byte-compiling /home/dron/Praca-magisterska/ros2_ws/install/estimator_pkg/lib/python3.10/site-packages/estimator_pkg/Estymator G.py to Estymator G.cpython-310.pyc\n'}
[52.674813] (estimator_pkg) StdoutLine: {'line': b'byte-compiling /home/dron/Praca-magisterska/ros2_ws/install/estimator_pkg/lib/python3.10/site-packages/estimator_pkg/estimator_node.py to estimator_node.cpython-310.pyc\n'}
[52.686216] (estimator_pkg) StdoutLine: {'line': b'running install_data\n'}
[52.687136] (estimator_pkg) StdoutLine: {'line': b'copying resource/estimator_pkg -> /home/dron/Praca-magisterska/ros2_ws/install/estimator_pkg/share/ament_index/resource_index/packages\n'}
[52.687882] (estimator_pkg) StdoutLine: {'line': b'copying package.xml -> /home/dron/Praca-magisterska/ros2_ws/install/estimator_pkg/share/estimator_pkg\n'}
[52.688800] (estimator_pkg) StdoutLine: {'line': b'running install_egg_info\n'}
[52.697940] (estimator_pkg) StdoutLine: {'line': b'Copying ../../build/estimator_pkg/estimator_pkg.egg-info to /home/dron/Praca-magisterska/ros2_ws/install/estimator_pkg/lib/python3.10/site-packages/estimator_pkg-0.0.0-py3.10.egg-info\n'}
[52.703601] (flask_pkg) StdoutLine: {'line': b'running egg_info\n'}
[52.706376] (estimator_pkg) StdoutLine: {'line': b'running install_scripts\n'}
[52.708965] (flask_pkg) StdoutLine: {'line': b'creating ../../build/flask_pkg/flask_pkg.egg-info\n'}
[52.711234] (flask_pkg) StdoutLine: {'line': b'writing ../../build/flask_pkg/flask_pkg.egg-info/PKG-INFO\n'}
[52.714134] (flask_pkg) StdoutLine: {'line': b'writing dependency_links to ../../build/flask_pkg/flask_pkg.egg-info/dependency_links.txt\n'}
[52.716505] (flask_pkg) StdoutLine: {'line': b'writing entry points to ../../build/flask_pkg/flask_pkg.egg-info/entry_points.txt\n'}
[52.718646] (flask_pkg) StdoutLine: {'line': b'writing requirements to ../../build/flask_pkg/flask_pkg.egg-info/requires.txt\n'}
[52.720569] (flask_pkg) StdoutLine: {'line': b'writing top-level names to ../../build/flask_pkg/flask_pkg.egg-info/top_level.txt\n'}
[52.723068] (flask_pkg) StdoutLine: {'line': b"writing manifest file '../../build/flask_pkg/flask_pkg.egg-info/SOURCES.txt'\n"}
[52.732860] (flask_pkg) StdoutLine: {'line': b"reading manifest file '../../build/flask_pkg/flask_pkg.egg-info/SOURCES.txt'\n"}
[52.739505] (flask_pkg) StdoutLine: {'line': b"writing manifest file '../../build/flask_pkg/flask_pkg.egg-info/SOURCES.txt'\n"}
[52.741393] (flask_pkg) StdoutLine: {'line': b'running build\n'}
[52.742599] (flask_pkg) StdoutLine: {'line': b'running build_py\n'}
[52.745015] (flask_pkg) StdoutLine: {'line': b'creating /home/dron/Praca-magisterska/ros2_ws/build/flask_pkg/build\n'}
[52.745977] (-) TimerEvent: {}
[52.747180] (flask_pkg) StdoutLine: {'line': b'creating /home/dron/Praca-magisterska/ros2_ws/build/flask_pkg/build/lib\n'}
[52.748698] (flask_pkg) StdoutLine: {'line': b'creating /home/dron/Praca-magisterska/ros2_ws/build/flask_pkg/build/lib/flask_pkg\n'}
[52.750100] (flask_pkg) StdoutLine: {'line': b'copying flask_pkg/__init__.py -> /home/dron/Praca-magisterska/ros2_ws/build/flask_pkg/build/lib/flask_pkg\n'}
[52.752309] (flask_pkg) StdoutLine: {'line': b'copying flask_pkg/flask_server.py -> /home/dron/Praca-magisterska/ros2_ws/build/flask_pkg/build/lib/flask_pkg\n'}
[52.754429] (flask_pkg) StdoutLine: {'line': b'copying flask_pkg/flask_server_old.py -> /home/dron/Praca-magisterska/ros2_ws/build/flask_pkg/build/lib/flask_pkg\n'}
[52.756273] (flask_pkg) StdoutLine: {'line': b'copying flask_pkg/flask_server copy.py -> /home/dron/Praca-magisterska/ros2_ws/build/flask_pkg/build/lib/flask_pkg\n'}
[52.758805] (flask_pkg) StdoutLine: {'line': b'running install\n'}
[52.761287] (flask_pkg) StdoutLine: {'line': b'running install_lib\n'}
[52.766209] (flask_pkg) StdoutLine: {'line': b'creating /home/dron/Praca-magisterska/ros2_ws/install/flask_pkg/lib/python3.10/site-packages/flask_pkg\n'}
[52.767507] (log_data_pkg) StdoutLine: {'line': b'running egg_info\n'}
[52.769264] (flask_pkg) StdoutLine: {'line': b'copying /home/dron/Praca-magisterska/ros2_ws/build/flask_pkg/build/lib/flask_pkg/__init__.py -> /home/dron/Praca-magisterska/ros2_ws/install/flask_pkg/lib/python3.10/site-packages/flask_pkg\n'}
[52.772622] (flask_pkg) StdoutLine: {'line': b'copying /home/dron/Praca-magisterska/ros2_ws/build/flask_pkg/build/lib/flask_pkg/flask_server.py -> /home/dron/Praca-magisterska/ros2_ws/install/flask_pkg/lib/python3.10/site-packages/flask_pkg\n'}
[52.774280] (log_data_pkg) StdoutLine: {'line': b'creating ../../build/log_data_pkg/log_data_pkg.egg-info\n'}
[52.775101] (log_data_pkg) StdoutLine: {'line': b'writing ../../build/log_data_pkg/log_data_pkg.egg-info/PKG-INFO\n'}
[52.776601] (log_data_pkg) StdoutLine: {'line': b'writing dependency_links to ../../build/log_data_pkg/log_data_pkg.egg-info/dependency_links.txt\n'}
[52.777529] (flask_pkg) StdoutLine: {'line': b'copying /home/dron/Praca-magisterska/ros2_ws/build/flask_pkg/build/lib/flask_pkg/flask_server_old.py -> /home/dron/Praca-magisterska/ros2_ws/install/flask_pkg/lib/python3.10/site-packages/flask_pkg\n'}
[52.778260] (log_data_pkg) StdoutLine: {'line': b'writing entry points to ../../build/log_data_pkg/log_data_pkg.egg-info/entry_points.txt\n'}
[52.778881] (log_data_pkg) StdoutLine: {'line': b'writing requirements to ../../build/log_data_pkg/log_data_pkg.egg-info/requires.txt\n'}
[52.779578] (log_data_pkg) StdoutLine: {'line': b'writing top-level names to ../../build/log_data_pkg/log_data_pkg.egg-info/top_level.txt\n'}
[52.781007] (log_data_pkg) StdoutLine: {'line': b"writing manifest file '../../build/log_data_pkg/log_data_pkg.egg-info/SOURCES.txt'\n"}
[52.782089] (flask_pkg) StdoutLine: {'line': b'copying /home/dron/Praca-magisterska/ros2_ws/build/flask_pkg/build/lib/flask_pkg/flask_server copy.py -> /home/dron/Praca-magisterska/ros2_ws/install/flask_pkg/lib/python3.10/site-packages/flask_pkg\n'}
[52.786804] (flask_pkg) StdoutLine: {'line': b'byte-compiling /home/dron/Praca-magisterska/ros2_ws/install/flask_pkg/lib/python3.10/site-packages/flask_pkg/__init__.py to __init__.cpython-310.pyc\n'}
[52.790351] (flask_pkg) StdoutLine: {'line': b'byte-compiling /home/dron/Praca-magisterska/ros2_ws/install/flask_pkg/lib/python3.10/site-packages/flask_pkg/flask_server.py to flask_server.cpython-310.pyc\n'}
[52.791359] (log_data_pkg) StdoutLine: {'line': b"reading manifest file '../../build/log_data_pkg/log_data_pkg.egg-info/SOURCES.txt'\n"}
[52.795798] (log_data_pkg) StdoutLine: {'line': b"writing manifest file '../../build/log_data_pkg/log_data_pkg.egg-info/SOURCES.txt'\n"}
[52.796896] (log_data_pkg) StdoutLine: {'line': b'running build\n'}
[52.797544] (log_data_pkg) StdoutLine: {'line': b'running build_py\n'}
[52.798518] (log_data_pkg) StdoutLine: {'line': b'creating /home/dron/Praca-magisterska/ros2_ws/build/log_data_pkg/build\n'}
[52.799279] (log_data_pkg) StdoutLine: {'line': b'creating /home/dron/Praca-magisterska/ros2_ws/build/log_data_pkg/build/lib\n'}
[52.799924] (log_data_pkg) StdoutLine: {'line': b'creating /home/dron/Praca-magisterska/ros2_ws/build/log_data_pkg/build/lib/log_data_pkg\n'}
[52.800719] (log_data_pkg) StdoutLine: {'line': b'copying log_data_pkg/__init__.py -> /home/dron/Praca-magisterska/ros2_ws/build/log_data_pkg/build/lib/log_data_pkg\n'}
[52.801894] (log_data_pkg) StdoutLine: {'line': b'copying log_data_pkg/save_to_csv.py -> /home/dron/Praca-magisterska/ros2_ws/build/log_data_pkg/build/lib/log_data_pkg\n'}
[52.803636] (log_data_pkg) StdoutLine: {'line': b'running install\n'}
[52.805719] (log_data_pkg) StdoutLine: {'line': b'running install_lib\n'}
[52.807582] (flask_pkg) StdoutLine: {'line': b'byte-compiling /home/dron/Praca-magisterska/ros2_ws/install/flask_pkg/lib/python3.10/site-packages/flask_pkg/flask_server_old.py to flask_server_old.cpython-310.pyc\n'}
[52.810202] (log_data_pkg) StdoutLine: {'line': b'creating /home/dron/Praca-magisterska/ros2_ws/install/log_data_pkg/lib/python3.10/site-packages/log_data_pkg\n'}
[52.811173] (log_data_pkg) StdoutLine: {'line': b'copying /home/dron/Praca-magisterska/ros2_ws/build/log_data_pkg/build/lib/log_data_pkg/__init__.py -> /home/dron/Praca-magisterska/ros2_ws/install/log_data_pkg/lib/python3.10/site-packages/log_data_pkg\n'}
[52.812303] (estimator_pkg) StdoutLine: {'line': b'Installing estimator_node script to /home/dron/Praca-magisterska/ros2_ws/install/estimator_pkg/lib/estimator_pkg\n'}
[52.812996] (log_data_pkg) StdoutLine: {'line': b'copying /home/dron/Praca-magisterska/ros2_ws/build/log_data_pkg/build/lib/log_data_pkg/save_to_csv.py -> /home/dron/Praca-magisterska/ros2_ws/install/log_data_pkg/lib/python3.10/site-packages/log_data_pkg\n'}
[52.813900] (estimator_pkg) StdoutLine: {'line': b"writing list of installed files to '/home/dron/Praca-magisterska/ros2_ws/build/estimator_pkg/install.log'\n"}
[52.818281] (log_data_pkg) StdoutLine: {'line': b'byte-compiling /home/dron/Praca-magisterska/ros2_ws/install/log_data_pkg/lib/python3.10/site-packages/log_data_pkg/__init__.py to __init__.cpython-310.pyc\n'}
[52.820837] (flask_pkg) StdoutLine: {'line': b'byte-compiling /home/dron/Praca-magisterska/ros2_ws/install/flask_pkg/lib/python3.10/site-packages/flask_pkg/flask_server copy.py to flask_server copy.cpython-310.pyc\n'}
[52.822533] (log_data_pkg) StdoutLine: {'line': b'byte-compiling /home/dron/Praca-magisterska/ros2_ws/install/log_data_pkg/lib/python3.10/site-packages/log_data_pkg/save_to_csv.py to save_to_csv.cpython-310.pyc\n'}
[52.828588] (flask_pkg) StdoutLine: {'line': b'running install_data\n'}
[52.830339] (log_data_pkg) StdoutLine: {'line': b'running install_data\n'}
[52.832268] (log_data_pkg) StdoutLine: {'line': b'copying resource/log_data_pkg -> /home/dron/Praca-magisterska/ros2_ws/install/log_data_pkg/share/ament_index/resource_index/packages\n'}
[52.834155] (log_data_pkg) StdoutLine: {'line': b'copying package.xml -> /home/dron/Praca-magisterska/ros2_ws/install/log_data_pkg/share/log_data_pkg\n'}
[52.835795] (log_data_pkg) StdoutLine: {'line': b'running install_egg_info\n'}
[52.840357] (flask_pkg) StdoutLine: {'line': b'copying resource/flask_pkg -> /home/dron/Praca-magisterska/ros2_ws/install/flask_pkg/share/ament_index/resource_index/packages\n'}
[52.844331] (flask_pkg) StdoutLine: {'line': b'copying package.xml -> /home/dron/Praca-magisterska/ros2_ws/install/flask_pkg/share/flask_pkg\n'}
[52.846619] (flask_pkg) StdoutLine: {'line': b'running install_egg_info\n'}
[52.848224] (-) TimerEvent: {}
[52.852581] (log_data_pkg) StdoutLine: {'line': b'Copying ../../build/log_data_pkg/log_data_pkg.egg-info to /home/dron/Praca-magisterska/ros2_ws/install/log_data_pkg/lib/python3.10/site-packages/log_data_pkg-0.0.0-py3.10.egg-info\n'}
[52.865152] (flask_pkg) StdoutLine: {'line': b'Copying ../../build/flask_pkg/flask_pkg.egg-info to /home/dron/Praca-magisterska/ros2_ws/install/flask_pkg/lib/python3.10/site-packages/flask_pkg-0.0.0-py3.10.egg-info\n'}
[52.868539] (log_data_pkg) StdoutLine: {'line': b'running install_scripts\n'}
[52.879966] (flask_pkg) StdoutLine: {'line': b'running install_scripts\n'}
[52.948422] (-) TimerEvent: {}
[52.989240] (estimator_pkg) CommandEnded: {'returncode': 0}
[53.014324] (log_data_pkg) StdoutLine: {'line': b'Installing data_collector script to /home/dron/Praca-magisterska/ros2_ws/install/log_data_pkg/lib/log_data_pkg\n'}
[53.016388] (log_data_pkg) StdoutLine: {'line': b"writing list of installed files to '/home/dron/Praca-magisterska/ros2_ws/build/log_data_pkg/install.log'\n"}
[53.020136] (flask_pkg) StdoutLine: {'line': b'Installing flask_server script to /home/dron/Praca-magisterska/ros2_ws/install/flask_pkg/lib/flask_pkg\n'}
[53.031742] (flask_pkg) StdoutLine: {'line': b"writing list of installed files to '/home/dron/Praca-magisterska/ros2_ws/build/flask_pkg/install.log'\n"}
[53.050575] (-) TimerEvent: {}
[53.121127] (estimator_pkg) JobEnded: {'identifier': 'estimator_pkg', 'rc': 0}
[53.133348] (um7_pkg) JobStarted: {'identifier': 'um7_pkg'}
[53.151624] (-) TimerEvent: {}
[53.214049] (flight_controller_pkg) StdoutLine: {'line': b'running egg_info\n'}
[53.218052] (flight_controller_pkg) StdoutLine: {'line': b'creating ../../build/flight_controller_pkg/flight_controller_pkg.egg-info\n'}
[53.220537] (flight_controller_pkg) StdoutLine: {'line': b'writing ../../build/flight_controller_pkg/flight_controller_pkg.egg-info/PKG-INFO\n'}
[53.222173] (flight_controller_pkg) StdoutLine: {'line': b'writing dependency_links to ../../build/flight_controller_pkg/flight_controller_pkg.egg-info/dependency_links.txt\n'}
[53.223551] (flight_controller_pkg) StdoutLine: {'line': b'writing entry points to ../../build/flight_controller_pkg/flight_controller_pkg.egg-info/entry_points.txt\n'}
[53.225019] (flight_controller_pkg) StdoutLine: {'line': b'writing requirements to ../../build/flight_controller_pkg/flight_controller_pkg.egg-info/requires.txt\n'}
[53.226285] (flight_controller_pkg) StdoutLine: {'line': b'writing top-level names to ../../build/flight_controller_pkg/flight_controller_pkg.egg-info/top_level.txt\n'}
[53.227409] (flight_controller_pkg) StdoutLine: {'line': b"writing manifest file '../../build/flight_controller_pkg/flight_controller_pkg.egg-info/SOURCES.txt'\n"}
[53.242247] (flight_controller_pkg) StdoutLine: {'line': b"reading manifest file '../../build/flight_controller_pkg/flight_controller_pkg.egg-info/SOURCES.txt'\n"}
[53.250416] (flight_controller_pkg) StdoutLine: {'line': b"writing manifest file '../../build/flight_controller_pkg/flight_controller_pkg.egg-info/SOURCES.txt'\n"}
[53.252285] (-) TimerEvent: {}
[53.255171] (flight_controller_pkg) StdoutLine: {'line': b'running build\n'}
[53.258606] (flight_controller_pkg) StdoutLine: {'line': b'running build_py\n'}
[53.265624] (flight_controller_pkg) StdoutLine: {'line': b'creating /home/dron/Praca-magisterska/ros2_ws/build/flight_controller_pkg/build\n'}
[53.266578] (flight_controller_pkg) StdoutLine: {'line': b'creating /home/dron/Praca-magisterska/ros2_ws/build/flight_controller_pkg/build/lib\n'}
[53.268141] (flight_controller_pkg) StdoutLine: {'line': b'creating /home/dron/Praca-magisterska/ros2_ws/build/flight_controller_pkg/build/lib/flight_controller_pkg\n'}
[53.268759] (flight_controller_pkg) StdoutLine: {'line': b'copying flight_controller_pkg/__init__.py -> /home/dron/Praca-magisterska/ros2_ws/build/flight_controller_pkg/build/lib/flight_controller_pkg\n'}
[53.269408] (flight_controller_pkg) StdoutLine: {'line': b'copying flight_controller_pkg/imu_reader.py -> /home/dron/Praca-magisterska/ros2_ws/build/flight_controller_pkg/build/lib/flight_controller_pkg\n'}
[53.269777] (flight_controller_pkg) StdoutLine: {'line': b'copying flight_controller_pkg/MavlinkHz.py -> /home/dron/Praca-magisterska/ros2_ws/build/flight_controller_pkg/build/lib/flight_controller_pkg\n'}
[53.270099] (flight_controller_pkg) StdoutLine: {'line': b'running install\n'}
[53.270400] (flight_controller_pkg) StdoutLine: {'line': b'running install_lib\n'}
[53.270684] (flight_controller_pkg) StdoutLine: {'line': b'creating /home/dron/Praca-magisterska/ros2_ws/install/flight_controller_pkg/lib/python3.10/site-packages/flight_controller_pkg\n'}
[53.270998] (flight_controller_pkg) StdoutLine: {'line': b'copying /home/dron/Praca-magisterska/ros2_ws/build/flight_controller_pkg/build/lib/flight_controller_pkg/__init__.py -> /home/dron/Praca-magisterska/ros2_ws/install/flight_controller_pkg/lib/python3.10/site-packages/flight_controller_pkg\n'}
[53.271366] (flight_controller_pkg) StdoutLine: {'line': b'copying /home/dron/Praca-magisterska/ros2_ws/build/flight_controller_pkg/build/lib/flight_controller_pkg/imu_reader.py -> /home/dron/Praca-magisterska/ros2_ws/install/flight_controller_pkg/lib/python3.10/site-packages/flight_controller_pkg\n'}
[53.271708] (flight_controller_pkg) StdoutLine: {'line': b'copying /home/dron/Praca-magisterska/ros2_ws/build/flight_controller_pkg/build/lib/flight_controller_pkg/MavlinkHz.py -> /home/dron/Praca-magisterska/ros2_ws/install/flight_controller_pkg/lib/python3.10/site-packages/flight_controller_pkg\n'}
[53.272542] (flight_controller_pkg) StdoutLine: {'line': b'byte-compiling /home/dron/Praca-magisterska/ros2_ws/install/flight_controller_pkg/lib/python3.10/site-packages/flight_controller_pkg/__init__.py to __init__.cpython-310.pyc\n'}
[53.273986] (flight_controller_pkg) StdoutLine: {'line': b'byte-compiling /home/dron/Praca-magisterska/ros2_ws/install/flight_controller_pkg/lib/python3.10/site-packages/flight_controller_pkg/imu_reader.py to imu_reader.cpython-310.pyc\n'}
[53.278164] (flight_controller_pkg) StdoutLine: {'line': b'byte-compiling /home/dron/Praca-magisterska/ros2_ws/install/flight_controller_pkg/lib/python3.10/site-packages/flight_controller_pkg/MavlinkHz.py to MavlinkHz.cpython-310.pyc\n'}
[53.279575] (flight_controller_pkg) StdoutLine: {'line': b'running install_data\n'}
[53.280530] (flight_controller_pkg) StdoutLine: {'line': b'copying resource/flight_controller_pkg -> /home/dron/Praca-magisterska/ros2_ws/install/flight_controller_pkg/share/ament_index/resource_index/packages\n'}
[53.281320] (flight_controller_pkg) StdoutLine: {'line': b'copying package.xml -> /home/dron/Praca-magisterska/ros2_ws/install/flight_controller_pkg/share/flight_controller_pkg\n'}
[53.282362] (flight_controller_pkg) StdoutLine: {'line': b'running install_egg_info\n'}
[53.290983] (flight_controller_pkg) StdoutLine: {'line': b'Copying ../../build/flight_controller_pkg/flight_controller_pkg.egg-info to /home/dron/Praca-magisterska/ros2_ws/install/flight_controller_pkg/lib/python3.10/site-packages/flight_controller_pkg-0.0.0-py3.10.egg-info\n'}
[53.297197] (flight_controller_pkg) StdoutLine: {'line': b'running install_scripts\n'}
[53.352617] (-) TimerEvent: {}
[53.386591] (flight_controller_pkg) StdoutLine: {'line': b'Installing imu_reader script to /home/dron/Praca-magisterska/ros2_ws/install/flight_controller_pkg/lib/flight_controller_pkg\n'}
[53.388527] (flight_controller_pkg) StdoutLine: {'line': b"writing list of installed files to '/home/dron/Praca-magisterska/ros2_ws/build/flight_controller_pkg/install.log'\n"}
[53.452852] (-) TimerEvent: {}
[53.553920] (-) TimerEvent: {}
[53.654635] (-) TimerEvent: {}
[53.755439] (-) TimerEvent: {}
[53.856184] (-) TimerEvent: {}
[53.956882] (-) TimerEvent: {}
[54.057545] (-) TimerEvent: {}
[54.158225] (-) TimerEvent: {}
[54.258945] (-) TimerEvent: {}
[54.359716] (-) TimerEvent: {}
[54.438087] (log_data_pkg) CommandEnded: {'returncode': 0}
[54.460377] (-) TimerEvent: {}
[54.472515] (log_data_pkg) JobEnded: {'identifier': 'log_data_pkg', 'rc': 0}
[54.478288] (flask_pkg) CommandEnded: {'returncode': 0}
[54.513094] (flask_pkg) JobEnded: {'identifier': 'flask_pkg', 'rc': 0}
[54.515341] (flight_controller_pkg) CommandEnded: {'returncode': 0}
[54.545853] (flight_controller_pkg) JobEnded: {'identifier': 'flight_controller_pkg', 'rc': 0}
[54.560605] (-) TimerEvent: {}
[54.661369] (-) TimerEvent: {}
[54.761995] (-) TimerEvent: {}
[54.862659] (-) TimerEvent: {}
[54.963329] (-) TimerEvent: {}
[55.064001] (-) TimerEvent: {}
[55.164673] (-) TimerEvent: {}
[55.265346] (-) TimerEvent: {}
[55.366018] (-) TimerEvent: {}
[55.466721] (-) TimerEvent: {}
[55.567598] (-) TimerEvent: {}
[55.668329] (-) TimerEvent: {}
[55.768987] (-) TimerEvent: {}
[55.869606] (-) TimerEvent: {}
[55.970370] (-) TimerEvent: {}
[56.034520] (um7_pkg) Command: {'cmd': ['/usr/bin/python3', '-W', 'ignore:setup.py install is deprecated', '-W', 'ignore:easy_install command is deprecated', 'setup.py', 'egg_info', '--egg-base', '../../build/um7_pkg', 'build', '--build-base', '/home/dron/Praca-magisterska/ros2_ws/build/um7_pkg/build', 'install', '--record', '/home/dron/Praca-magisterska/ros2_ws/build/um7_pkg/install.log', '--single-version-externally-managed', 'install_data'], 'cwd': '/home/dron/Praca-magisterska/ros2_ws/src/um7_pkg', 'env': {'LESSOPEN': '| /usr/bin/lesspipe %s', 'USER': 'dron', 'SSH_CLIENT': 'fe80::73bc:b5b3:a668:f352%wlan0 51701 22', 'XDG_SESSION_TYPE': 'tty', 'SHLVL': '1', 'LD_LIBRARY_PATH': '/home/dron/Praca-magisterska/ros2_ws/install/custom_msgs/lib:/opt/ros/humble/lib/aarch64-linux-gnu:/opt/ros/humble/lib', 'MOTD_SHOWN': 'pam', 'HOME': '/home/dron', 'OLDPWD': '/home/dron/Praca-magisterska/ros2_ws/install', 'SSH_TTY': '/dev/pts/0', 'ROS_PYTHON_VERSION': '3', 'PS1': '(venv) \\[\\e]0;\\u@\\h: \\w\\a\\]${debian_chroot:+($debian_chroot)}\\u@\\h:\\w\\$', 'DBUS_SESSION_BUS_ADDRESS': 'unix:path=/run/user/1000/bus', 'COLCON_PREFIX_PATH': '/home/dron/Praca-magisterska/ros2_ws/install', 'ROS_DISTRO': 'humble', 'LOGNAME': 'dron', '_': '/usr/bin/colcon', 'ROS_VERSION': '2', 'XDG_SESSION_CLASS': 'user', 'TERM': 'xterm', 'XDG_SESSION_ID': '1', 'ROS_LOCALHOST_ONLY': '0', 'PATH': '/opt/ros/humble/bin:/home/rosbot/ros2_ws/venv/bin:/usr/local/sbin:/usr/local/bin:/usr/sbin:/usr/bin:/sbin:/bin:/usr/games:/usr/local/games:/snap/bin', 'XDG_RUNTIME_DIR': '/run/user/1000', 'LANG': 'C.UTF-8', 'VIRTUAL_ENV_PROMPT': '(venv)', 'LS_COLORS': 'rs=0:di=01;34:ln=01;36:mh=00:pi=40;33:so=01;35:do=01;35:bd=40;33;01:cd=40;33;01:or=40;31;01:mi=00:su=37;41:sg=30;43:ca=30;41:tw=30;42:ow=34;42:st=37;44:ex=01;32:*.tar=01;31:*.tgz=01;31:*.arc=01;31:*.arj=01;31:*.taz=01;31:*.lha=01;31:*.lz4=01;31:*.lzh=01;31:*.lzma=01;31:*.tlz=01;31:*.txz=01;31:*.tzo=01;31:*.t7z=01;31:*.zip=01;31:*.z=01;31:*.dz=01;31:*.gz=01;31:*.lrz=01;31:*.lz=01;31:*.lzo=01;31:*.xz=01;31:*.zst=01;31:*.tzst=01;31:*.bz2=01;31:*.bz=01;31:*.tbz=01;31:*.tbz2=01;31:*.tz=01;31:*.deb=01;31:*.rpm=01;31:*.jar=01;31:*.war=01;31:*.ear=01;31:*.sar=01;31:*.rar=01;31:*.alz=01;31:*.ace=01;31:*.zoo=01;31:*.cpio=01;31:*.7z=01;31:*.rz=01;31:*.cab=01;31:*.wim=01;31:*.swm=01;31:*.dwm=01;31:*.esd=01;31:*.jpg=01;35:*.jpeg=01;35:*.mjpg=01;35:*.mjpeg=01;35:*.gif=01;35:*.bmp=01;35:*.pbm=01;35:*.pgm=01;35:*.ppm=01;35:*.tga=01;35:*.xbm=01;35:*.xpm=01;35:*.tif=01;35:*.tiff=01;35:*.png=01;35:*.svg=01;35:*.svgz=01;35:*.mng=01;35:*.pcx=01;35:*.mov=01;35:*.mpg=01;35:*.mpeg=01;35:*.m2v=01;35:*.mkv=01;35:*.webm=01;35:*.webp=01;35:*.ogm=01;35:*.mp4=01;35:*.m4v=01;35:*.mp4v=01;35:*.vob=01;35:*.qt=01;35:*.nuv=01;35:*.wmv=01;35:*.asf=01;35:*.rm=01;35:*.rmvb=01;35:*.flc=01;35:*.avi=01;35:*.fli=01;35:*.flv=01;35:*.gl=01;35:*.dl=01;35:*.xcf=01;35:*.xwd=01;35:*.yuv=01;35:*.cgm=01;35:*.emf=01;35:*.ogv=01;35:*.ogx=01;35:*.aac=00;36:*.au=00;36:*.flac=00;36:*.m4a=00;36:*.mid=00;36:*.midi=00;36:*.mka=00;36:*.mp3=00;36:*.mpc=00;36:*.ogg=00;36:*.ra=00;36:*.wav=00;36:*.oga=00;36:*.opus=00;36:*.spx=00;36:*.xspf=00;36:', 'AMENT_PREFIX_PATH': '/opt/ros/humble:/home/dron/Praca-magisterska/ros2_ws/install/um7_pkg:/home/dron/Praca-magisterska/ros2_ws/install/my_py_pkg:/home/dron/Praca-magisterska/ros2_ws/install/my_cpp_pkg:/home/dron/Praca-magisterska/ros2_ws/install/log_data_pkg:/home/dron/Praca-magisterska/ros2_ws/install/flight_controller_pkg:/home/dron/Praca-magisterska/ros2_ws/install/flask_pkg:/home/dron/Praca-magisterska/ros2_ws/install/estimator_pkg:/home/dron/Praca-magisterska/ros2_ws/install/custom_msgs', 'SHELL': '/bin/bash', 'LESSCLOSE': '/usr/bin/lesspipe %s %s', 'VIRTUAL_ENV': '/home/rosbot/ros2_ws/venv', 'PWD': '/home/dron/Praca-magisterska/ros2_ws/build/um7_pkg', 'SSH_CONNECTION': 'fe80::73bc:b5b3:a668:f352%wlan0 51701 fe80::da3a:ddff:fe3f:f331%wlan0 22', 'XDG_DATA_DIRS': '/usr/local/share:/usr/share:/var/lib/snapd/desktop', 'PYTHONPATH': '/home/dron/Praca-magisterska/ros2_ws/build/um7_pkg/prefix_override:/usr/lib/python3/dist-packages/colcon_core/task/python/colcon_distutils_commands:/home/dron/Praca-magisterska/ros2_ws/install/um7_pkg/lib/python3.10/site-packages:/home/dron/Praca-magisterska/ros2_ws/install/custom_msgs/local/lib/python3.10/dist-packages:/opt/ros/humble/lib/python3.10/site-packages:/opt/ros/humble/local/lib/python3.10/dist-packages:/home/dron/Praca-magisterska/ros2_ws/install/um7_pkg/lib/python3.12/site-packages:/home/dron/Praca-magisterska/ros2_ws/install/my_py_pkg/lib/python3.12/site-packages:/home/dron/Praca-magisterska/ros2_ws/install/log_data_pkg/lib/python3.12/site-packages:/home/dron/Praca-magisterska/ros2_ws/install/flight_controller_pkg/lib/python3.12/site-packages:/home/dron/Praca-magisterska/ros2_ws/install/flask_pkg/lib/python3.12/site-packages:/home/dron/Praca-magisterska/ros2_ws/install/estimator_pkg/lib/python3.12/site-packages:/home/dron/Praca-magisterska/ros2_ws/install/custom_msgs/lib/python3.12/site-packages', 'COLCON': '1', 'CMAKE_PREFIX_PATH': '/home/dron/Praca-magisterska/ros2_ws/install/custom_msgs:/home/dron/Praca-magisterska/ros2_ws/install/my_cpp_pkg'}, 'shell': False}
[56.070511] (-) TimerEvent: {}
[56.171214] (-) TimerEvent: {}
[56.271898] (-) TimerEvent: {}
[56.372570] (-) TimerEvent: {}
[56.473228] (-) TimerEvent: {}
[56.573874] (-) TimerEvent: {}
[56.674526] (-) TimerEvent: {}
[56.775156] (-) TimerEvent: {}
[56.875817] (-) TimerEvent: {}
[56.976535] (-) TimerEvent: {}
[57.021830] (um7_pkg) StdoutLine: {'line': b'running egg_info\n'}
[57.024171] (um7_pkg) StdoutLine: {'line': b'creating ../../build/um7_pkg/um7_pkg.egg-info\n'}
[57.024880] (um7_pkg) StdoutLine: {'line': b'writing ../../build/um7_pkg/um7_pkg.egg-info/PKG-INFO\n'}
[57.026256] (um7_pkg) StdoutLine: {'line': b'writing dependency_links to ../../build/um7_pkg/um7_pkg.egg-info/dependency_links.txt\n'}
[57.026882] (um7_pkg) StdoutLine: {'line': b'writing entry points to ../../build/um7_pkg/um7_pkg.egg-info/entry_points.txt\n'}
[57.027436] (um7_pkg) StdoutLine: {'line': b'writing requirements to ../../build/um7_pkg/um7_pkg.egg-info/requires.txt\n'}
[57.027940] (um7_pkg) StdoutLine: {'line': b'writing top-level names to ../../build/um7_pkg/um7_pkg.egg-info/top_level.txt\n'}
[57.028699] (um7_pkg) StdoutLine: {'line': b"writing manifest file '../../build/um7_pkg/um7_pkg.egg-info/SOURCES.txt'\n"}
[57.035445] (um7_pkg) StdoutLine: {'line': b"reading manifest file '../../build/um7_pkg/um7_pkg.egg-info/SOURCES.txt'\n"}
[57.038410] (um7_pkg) StdoutLine: {'line': b"writing manifest file '../../build/um7_pkg/um7_pkg.egg-info/SOURCES.txt'\n"}
[57.039037] (um7_pkg) StdoutLine: {'line': b'running build\n'}
[57.039503] (um7_pkg) StdoutLine: {'line': b'running build_py\n'}
[57.039975] (um7_pkg) StdoutLine: {'line': b'creating /home/dron/Praca-magisterska/ros2_ws/build/um7_pkg/build\n'}
[57.040646] (um7_pkg) StdoutLine: {'line': b'creating /home/dron/Praca-magisterska/ros2_ws/build/um7_pkg/build/lib\n'}
[57.041175] (um7_pkg) StdoutLine: {'line': b'creating /home/dron/Praca-magisterska/ros2_ws/build/um7_pkg/build/lib/um7_pkg\n'}
[57.041620] (um7_pkg) StdoutLine: {'line': b'copying um7_pkg/__init__.py -> /home/dron/Praca-magisterska/ros2_ws/build/um7_pkg/build/lib/um7_pkg\n'}
[57.041995] (um7_pkg) StdoutLine: {'line': b'copying um7_pkg/imu_reader.py -> /home/dron/Praca-magisterska/ros2_ws/build/um7_pkg/build/lib/um7_pkg\n'}
[57.042593] (um7_pkg) StdoutLine: {'line': b'running install\n'}
[57.043816] (um7_pkg) StdoutLine: {'line': b'running install_lib\n'}
[57.046684] (um7_pkg) StdoutLine: {'line': b'creating /home/dron/Praca-magisterska/ros2_ws/install/um7_pkg/lib/python3.10/site-packages/um7_pkg\n'}
[57.047287] (um7_pkg) StdoutLine: {'line': b'copying /home/dron/Praca-magisterska/ros2_ws/build/um7_pkg/build/lib/um7_pkg/__init__.py -> /home/dron/Praca-magisterska/ros2_ws/install/um7_pkg/lib/python3.10/site-packages/um7_pkg\n'}
[57.047859] (um7_pkg) StdoutLine: {'line': b'copying /home/dron/Praca-magisterska/ros2_ws/build/um7_pkg/build/lib/um7_pkg/imu_reader.py -> /home/dron/Praca-magisterska/ros2_ws/install/um7_pkg/lib/python3.10/site-packages/um7_pkg\n'}
[57.050723] (um7_pkg) StdoutLine: {'line': b'byte-compiling /home/dron/Praca-magisterska/ros2_ws/install/um7_pkg/lib/python3.10/site-packages/um7_pkg/__init__.py to __init__.cpython-310.pyc\n'}
[57.052010] (um7_pkg) StdoutLine: {'line': b'byte-compiling /home/dron/Praca-magisterska/ros2_ws/install/um7_pkg/lib/python3.10/site-packages/um7_pkg/imu_reader.py to imu_reader.cpython-310.pyc\n'}
[57.055032] (um7_pkg) StdoutLine: {'line': b'running install_data\n'}
[57.055607] (um7_pkg) StdoutLine: {'line': b'copying resource/um7_pkg -> /home/dron/Praca-magisterska/ros2_ws/install/um7_pkg/share/ament_index/resource_index/packages\n'}
[57.056418] (um7_pkg) StdoutLine: {'line': b'copying package.xml -> /home/dron/Praca-magisterska/ros2_ws/install/um7_pkg/share/um7_pkg\n'}
[57.057298] (um7_pkg) StdoutLine: {'line': b'running install_egg_info\n'}
[57.064432] (um7_pkg) StdoutLine: {'line': b'Copying ../../build/um7_pkg/um7_pkg.egg-info to /home/dron/Praca-magisterska/ros2_ws/install/um7_pkg/lib/python3.10/site-packages/um7_pkg-0.0.0-py3.10.egg-info\n'}
[57.069471] (um7_pkg) StdoutLine: {'line': b'running install_scripts\n'}
[57.076669] (-) TimerEvent: {}
[57.150460] (um7_pkg) StdoutLine: {'line': b'Installing imu_reader script to /home/dron/Praca-magisterska/ros2_ws/install/um7_pkg/lib/um7_pkg\n'}
[57.152033] (um7_pkg) StdoutLine: {'line': b"writing list of installed files to '/home/dron/Praca-magisterska/ros2_ws/build/um7_pkg/install.log'\n"}
[57.176991] (-) TimerEvent: {}
[57.266861] (um7_pkg) CommandEnded: {'returncode': 0}
[57.277596] (-) TimerEvent: {}
[57.300857] (um7_pkg) JobEnded: {'identifier': 'um7_pkg', 'rc': 0}
[57.304192] (-) EventReactorShutdown: {}
