[0.000000] (-) TimerEvent: {}
[0.001771] (custom_msgs) JobQueued: {'identifier': 'custom_msgs', 'dependencies': OrderedDict()}
[0.002355] (my_cpp_pkg) JobQueued: {'identifier': 'my_cpp_pkg', 'dependencies': OrderedDict()}
[0.003044] (my_py_pkg) JobQueued: {'identifier': 'my_py_pkg', 'dependencies': OrderedDict()}
[0.003255] (estimator_pkg) JobQueued: {'identifier': 'estimator_pkg', 'dependencies': OrderedDict([('custom_msgs', '/home/dron/Praca-magisterska/ros2_ws/install/custom_msgs')])}
[0.003569] (flask_pkg) JobQueued: {'identifier': 'flask_pkg', 'dependencies': OrderedDict([('custom_msgs', '/home/dron/Praca-magisterska/ros2_ws/install/custom_msgs')])}
[0.003745] (flight_controller_pkg) JobQueued: {'identifier': 'flight_controller_pkg', 'dependencies': OrderedDict([('custom_msgs', '/home/dron/Praca-magisterska/ros2_ws/install/custom_msgs')])}
[0.003847] (log_data_pkg) JobQueued: {'identifier': 'log_data_pkg', 'dependencies': OrderedDict([('custom_msgs', '/home/dron/Praca-magisterska/ros2_ws/install/custom_msgs')])}
[0.003944] (um7_pkg) JobQueued: {'identifier': 'um7_pkg', 'dependencies': OrderedDict([('custom_msgs', '/home/dron/Praca-magisterska/ros2_ws/install/custom_msgs')])}
[0.004074] (custom_msgs) JobStarted: {'identifier': 'custom_msgs'}
[0.049469] (my_cpp_pkg) JobStarted: {'identifier': 'my_cpp_pkg'}
[0.071187] (my_py_pkg) JobStarted: {'identifier': 'my_py_pkg'}
[0.098899] (-) TimerEvent: {}
[0.110746] (custom_msgs) JobProgress: {'identifier': 'custom_msgs', 'progress': 'cmake'}
[0.115771] (custom_msgs) JobProgress: {'identifier': 'custom_msgs', 'progress': 'build'}
[0.118717] (custom_msgs) Command: {'cmd': ['/usr/bin/cmake', '--build', '/home/dron/Praca-magisterska/ros2_ws/build/custom_msgs', '--', '-j4', '-l4'], 'cwd': '/home/dron/Praca-magisterska/ros2_ws/build/custom_msgs', 'env': OrderedDict([('LESSOPEN', '| /usr/bin/lesspipe %s'), ('USER', 'dron'), ('SSH_CLIENT', 'fe80::73bc:b5b3:a668:f352%wlan0 52816 22'), ('XDG_SESSION_TYPE', 'tty'), ('SHLVL', '1'), ('LD_LIBRARY_PATH', '/home/dron/Praca-magisterska/ros2_ws/install/custom_msgs/lib:/opt/ros/humble/lib/aarch64-linux-gnu:/opt/ros/humble/lib'), ('MOTD_SHOWN', 'pam'), ('HOME', '/home/dron'), ('OLDPWD', '/home/dron'), ('SSH_TTY', '/dev/pts/0'), ('ROS_PYTHON_VERSION', '3'), ('PS1', '(venv) \\[\\e]0;\\u@\\h: \\w\\a\\]${debian_chroot:+($debian_chroot)}\\u@\\h:\\w\\$'), ('DBUS_SESSION_BUS_ADDRESS', 'unix:path=/run/user/1000/bus'), ('COLCON_PREFIX_PATH', '/home/dron/Praca-magisterska/ros2_ws/install'), ('ROS_DISTRO', 'humble'), ('LOGNAME', 'dron'), ('_', '/usr/bin/colcon'), ('ROS_VERSION', '2'), ('XDG_SESSION_CLASS', 'user'), ('TERM', 'xterm'), ('XDG_SESSION_ID', '1'), ('ROS_LOCALHOST_ONLY', '0'), ('PATH', '/opt/ros/humble/bin:/home/rosbot/ros2_ws/venv/bin:/usr/local/sbin:/usr/local/bin:/usr/sbin:/usr/bin:/sbin:/bin:/usr/games:/usr/local/games:/snap/bin'), ('XDG_RUNTIME_DIR', '/run/user/1000'), ('LANG', 'C.UTF-8'), ('VIRTUAL_ENV_PROMPT', '(venv)'), ('LS_COLORS', 'rs=0:di=01;34:ln=01;36:mh=00:pi=40;33:so=01;35:do=01;35:bd=40;33;01:cd=40;33;01:or=40;31;01:mi=00:su=37;41:sg=30;43:ca=30;41:tw=30;42:ow=34;42:st=37;44:ex=01;32:*.tar=01;31:*.tgz=01;31:*.arc=01;31:*.arj=01;31:*.taz=01;31:*.lha=01;31:*.lz4=01;31:*.lzh=01;31:*.lzma=01;31:*.tlz=01;31:*.txz=01;31:*.tzo=01;31:*.t7z=01;31:*.zip=01;31:*.z=01;31:*.dz=01;31:*.gz=01;31:*.lrz=01;31:*.lz=01;31:*.lzo=01;31:*.xz=01;31:*.zst=01;31:*.tzst=01;31:*.bz2=01;31:*.bz=01;31:*.tbz=01;31:*.tbz2=01;31:*.tz=01;31:*.deb=01;31:*.rpm=01;31:*.jar=01;31:*.war=01;31:*.ear=01;31:*.sar=01;31:*.rar=01;31:*.alz=01;31:*.ace=01;31:*.zoo=01;31:*.cpio=01;31:*.7z=01;31:*.rz=01;31:*.cab=01;31:*.wim=01;31:*.swm=01;31:*.dwm=01;31:*.esd=01;31:*.jpg=01;35:*.jpeg=01;35:*.mjpg=01;35:*.mjpeg=01;35:*.gif=01;35:*.bmp=01;35:*.pbm=01;35:*.pgm=01;35:*.ppm=01;35:*.tga=01;35:*.xbm=01;35:*.xpm=01;35:*.tif=01;35:*.tiff=01;35:*.png=01;35:*.svg=01;35:*.svgz=01;35:*.mng=01;35:*.pcx=01;35:*.mov=01;35:*.mpg=01;35:*.mpeg=01;35:*.m2v=01;35:*.mkv=01;35:*.webm=01;35:*.webp=01;35:*.ogm=01;35:*.mp4=01;35:*.m4v=01;35:*.mp4v=01;35:*.vob=01;35:*.qt=01;35:*.nuv=01;35:*.wmv=01;35:*.asf=01;35:*.rm=01;35:*.rmvb=01;35:*.flc=01;35:*.avi=01;35:*.fli=01;35:*.flv=01;35:*.gl=01;35:*.dl=01;35:*.xcf=01;35:*.xwd=01;35:*.yuv=01;35:*.cgm=01;35:*.emf=01;35:*.ogv=01;35:*.ogx=01;35:*.aac=00;36:*.au=00;36:*.flac=00;36:*.m4a=00;36:*.mid=00;36:*.midi=00;36:*.mka=00;36:*.mp3=00;36:*.mpc=00;36:*.ogg=00;36:*.ra=00;36:*.wav=00;36:*.oga=00;36:*.opus=00;36:*.spx=00;36:*.xspf=00;36:'), ('AMENT_PREFIX_PATH', '/home/dron/Praca-magisterska/ros2_ws/install/um7_pkg:/home/dron/Praca-magisterska/ros2_ws/install/my_py_pkg:/home/dron/Praca-magisterska/ros2_ws/install/my_cpp_pkg:/home/dron/Praca-magisterska/ros2_ws/install/log_data_pkg:/home/dron/Praca-magisterska/ros2_ws/install/flight_controller_pkg:/home/dron/Praca-magisterska/ros2_ws/install/flask_pkg:/home/dron/Praca-magisterska/ros2_ws/install/estimator_pkg:/home/dron/Praca-magisterska/ros2_ws/install/custom_msgs:/opt/ros/humble'), ('SHELL', '/bin/bash'), ('LESSCLOSE', '/usr/bin/lesspipe %s %s'), ('VIRTUAL_ENV', '/home/rosbot/ros2_ws/venv'), ('PWD', '/home/dron/Praca-magisterska/ros2_ws/build/custom_msgs'), ('SSH_CONNECTION', 'fe80::73bc:b5b3:a668:f352%wlan0 52816 fe80::da3a:ddff:fe3f:f331%wlan0 22'), ('XDG_DATA_DIRS', '/usr/local/share:/usr/share:/var/lib/snapd/desktop'), ('PYTHONPATH', '/home/dron/Praca-magisterska/ros2_ws/install/um7_pkg/lib/python3.10/site-packages:/home/dron/Praca-magisterska/ros2_ws/install/my_py_pkg/lib/python3.10/site-packages:/home/dron/Praca-magisterska/ros2_ws/install/log_data_pkg/lib/python3.10/site-packages:/home/dron/Praca-magisterska/ros2_ws/install/flight_controller_pkg/lib/python3.10/site-packages:/home/dron/Praca-magisterska/ros2_ws/install/flask_pkg/lib/python3.10/site-packages:/home/dron/Praca-magisterska/ros2_ws/install/estimator_pkg/lib/python3.10/site-packages:/home/dron/Praca-magisterska/ros2_ws/install/custom_msgs/local/lib/python3.10/dist-packages:/opt/ros/humble/lib/python3.10/site-packages:/opt/ros/humble/local/lib/python3.10/dist-packages::/home/dron/Praca-magisterska/ros2_ws/venv/lib/python3.12/site-packages'), ('COLCON', '1'), ('CMAKE_PREFIX_PATH', '/home/dron/Praca-magisterska/ros2_ws/install/my_cpp_pkg:/home/dron/Praca-magisterska/ros2_ws/install/custom_msgs:/home/dron/Praca-magisterska/ros2_ws/install/um7_pkg:/home/dron/Praca-magisterska/ros2_ws/install/my_py_pkg:/home/dron/Praca-magisterska/ros2_ws/install/log_data_pkg:/home/dron/Praca-magisterska/ros2_ws/install/flight_controller_pkg:/home/dron/Praca-magisterska/ros2_ws/install/flask_pkg:/home/dron/Praca-magisterska/ros2_ws/install/estimator_pkg:/opt/ros/humble')]), 'shell': False}
[0.134753] (my_cpp_pkg) JobProgress: {'identifier': 'my_cpp_pkg', 'progress': 'cmake'}
[0.141034] (my_cpp_pkg) JobProgress: {'identifier': 'my_cpp_pkg', 'progress': 'build'}
[0.142499] (my_cpp_pkg) Command: {'cmd': ['/usr/bin/cmake', '--build', '/home/dron/Praca-magisterska/ros2_ws/build/my_cpp_pkg', '--', '-j4', '-l4'], 'cwd': '/home/dron/Praca-magisterska/ros2_ws/build/my_cpp_pkg', 'env': OrderedDict([('LESSOPEN', '| /usr/bin/lesspipe %s'), ('USER', 'dron'), ('SSH_CLIENT', 'fe80::73bc:b5b3:a668:f352%wlan0 52816 22'), ('XDG_SESSION_TYPE', 'tty'), ('SHLVL', '1'), ('LD_LIBRARY_PATH', '/home/dron/Praca-magisterska/ros2_ws/install/custom_msgs/lib:/opt/ros/humble/lib/aarch64-linux-gnu:/opt/ros/humble/lib'), ('MOTD_SHOWN', 'pam'), ('HOME', '/home/dron'), ('OLDPWD', '/home/dron'), ('SSH_TTY', '/dev/pts/0'), ('ROS_PYTHON_VERSION', '3'), ('PS1', '(venv) \\[\\e]0;\\u@\\h: \\w\\a\\]${debian_chroot:+($debian_chroot)}\\u@\\h:\\w\\$'), ('DBUS_SESSION_BUS_ADDRESS', 'unix:path=/run/user/1000/bus'), ('COLCON_PREFIX_PATH', '/home/dron/Praca-magisterska/ros2_ws/install'), ('ROS_DISTRO', 'humble'), ('LOGNAME', 'dron'), ('_', '/usr/bin/colcon'), ('ROS_VERSION', '2'), ('XDG_SESSION_CLASS', 'user'), ('TERM', 'xterm'), ('XDG_SESSION_ID', '1'), ('ROS_LOCALHOST_ONLY', '0'), ('PATH', '/opt/ros/humble/bin:/home/rosbot/ros2_ws/venv/bin:/usr/local/sbin:/usr/local/bin:/usr/sbin:/usr/bin:/sbin:/bin:/usr/games:/usr/local/games:/snap/bin'), ('XDG_RUNTIME_DIR', '/run/user/1000'), ('LANG', 'C.UTF-8'), ('VIRTUAL_ENV_PROMPT', '(venv)'), ('LS_COLORS', 'rs=0:di=01;34:ln=01;36:mh=00:pi=40;33:so=01;35:do=01;35:bd=40;33;01:cd=40;33;01:or=40;31;01:mi=00:su=37;41:sg=30;43:ca=30;41:tw=30;42:ow=34;42:st=37;44:ex=01;32:*.tar=01;31:*.tgz=01;31:*.arc=01;31:*.arj=01;31:*.taz=01;31:*.lha=01;31:*.lz4=01;31:*.lzh=01;31:*.lzma=01;31:*.tlz=01;31:*.txz=01;31:*.tzo=01;31:*.t7z=01;31:*.zip=01;31:*.z=01;31:*.dz=01;31:*.gz=01;31:*.lrz=01;31:*.lz=01;31:*.lzo=01;31:*.xz=01;31:*.zst=01;31:*.tzst=01;31:*.bz2=01;31:*.bz=01;31:*.tbz=01;31:*.tbz2=01;31:*.tz=01;31:*.deb=01;31:*.rpm=01;31:*.jar=01;31:*.war=01;31:*.ear=01;31:*.sar=01;31:*.rar=01;31:*.alz=01;31:*.ace=01;31:*.zoo=01;31:*.cpio=01;31:*.7z=01;31:*.rz=01;31:*.cab=01;31:*.wim=01;31:*.swm=01;31:*.dwm=01;31:*.esd=01;31:*.jpg=01;35:*.jpeg=01;35:*.mjpg=01;35:*.mjpeg=01;35:*.gif=01;35:*.bmp=01;35:*.pbm=01;35:*.pgm=01;35:*.ppm=01;35:*.tga=01;35:*.xbm=01;35:*.xpm=01;35:*.tif=01;35:*.tiff=01;35:*.png=01;35:*.svg=01;35:*.svgz=01;35:*.mng=01;35:*.pcx=01;35:*.mov=01;35:*.mpg=01;35:*.mpeg=01;35:*.m2v=01;35:*.mkv=01;35:*.webm=01;35:*.webp=01;35:*.ogm=01;35:*.mp4=01;35:*.m4v=01;35:*.mp4v=01;35:*.vob=01;35:*.qt=01;35:*.nuv=01;35:*.wmv=01;35:*.asf=01;35:*.rm=01;35:*.rmvb=01;35:*.flc=01;35:*.avi=01;35:*.fli=01;35:*.flv=01;35:*.gl=01;35:*.dl=01;35:*.xcf=01;35:*.xwd=01;35:*.yuv=01;35:*.cgm=01;35:*.emf=01;35:*.ogv=01;35:*.ogx=01;35:*.aac=00;36:*.au=00;36:*.flac=00;36:*.m4a=00;36:*.mid=00;36:*.midi=00;36:*.mka=00;36:*.mp3=00;36:*.mpc=00;36:*.ogg=00;36:*.ra=00;36:*.wav=00;36:*.oga=00;36:*.opus=00;36:*.spx=00;36:*.xspf=00;36:'), ('AMENT_PREFIX_PATH', '/home/dron/Praca-magisterska/ros2_ws/install/um7_pkg:/home/dron/Praca-magisterska/ros2_ws/install/my_py_pkg:/home/dron/Praca-magisterska/ros2_ws/install/my_cpp_pkg:/home/dron/Praca-magisterska/ros2_ws/install/log_data_pkg:/home/dron/Praca-magisterska/ros2_ws/install/flight_controller_pkg:/home/dron/Praca-magisterska/ros2_ws/install/flask_pkg:/home/dron/Praca-magisterska/ros2_ws/install/estimator_pkg:/home/dron/Praca-magisterska/ros2_ws/install/custom_msgs:/opt/ros/humble'), ('SHELL', '/bin/bash'), ('LESSCLOSE', '/usr/bin/lesspipe %s %s'), ('VIRTUAL_ENV', '/home/rosbot/ros2_ws/venv'), ('PWD', '/home/dron/Praca-magisterska/ros2_ws/build/my_cpp_pkg'), ('SSH_CONNECTION', 'fe80::73bc:b5b3:a668:f352%wlan0 52816 fe80::da3a:ddff:fe3f:f331%wlan0 22'), ('XDG_DATA_DIRS', '/usr/local/share:/usr/share:/var/lib/snapd/desktop'), ('PYTHONPATH', '/home/dron/Praca-magisterska/ros2_ws/install/um7_pkg/lib/python3.10/site-packages:/home/dron/Praca-magisterska/ros2_ws/install/my_py_pkg/lib/python3.10/site-packages:/home/dron/Praca-magisterska/ros2_ws/install/log_data_pkg/lib/python3.10/site-packages:/home/dron/Praca-magisterska/ros2_ws/install/flight_controller_pkg/lib/python3.10/site-packages:/home/dron/Praca-magisterska/ros2_ws/install/flask_pkg/lib/python3.10/site-packages:/home/dron/Praca-magisterska/ros2_ws/install/estimator_pkg/lib/python3.10/site-packages:/home/dron/Praca-magisterska/ros2_ws/install/custom_msgs/local/lib/python3.10/dist-packages:/opt/ros/humble/lib/python3.10/site-packages:/opt/ros/humble/local/lib/python3.10/dist-packages::/home/dron/Praca-magisterska/ros2_ws/venv/lib/python3.12/site-packages'), ('COLCON', '1'), ('CMAKE_PREFIX_PATH', '/home/dron/Praca-magisterska/ros2_ws/install/my_cpp_pkg:/home/dron/Praca-magisterska/ros2_ws/install/custom_msgs:/home/dron/Praca-magisterska/ros2_ws/install/um7_pkg:/home/dron/Praca-magisterska/ros2_ws/install/my_py_pkg:/home/dron/Praca-magisterska/ros2_ws/install/log_data_pkg:/home/dron/Praca-magisterska/ros2_ws/install/flight_controller_pkg:/home/dron/Praca-magisterska/ros2_ws/install/flask_pkg:/home/dron/Praca-magisterska/ros2_ws/install/estimator_pkg:/opt/ros/humble')]), 'shell': False}
[0.199084] (-) TimerEvent: {}
[0.299843] (-) TimerEvent: {}
[0.400580] (-) TimerEvent: {}
[0.501342] (-) TimerEvent: {}
[0.602124] (-) TimerEvent: {}
[0.702886] (-) TimerEvent: {}
[0.712784] (my_cpp_pkg) StdoutLine: {'line': b'\x1b[35m\x1b[1mConsolidate compiler generated dependencies of target cpp_node\x1b[0m\n'}
[0.765945] (custom_msgs) StdoutLine: {'line': b'\x1b[35m\x1b[1mConsolidate compiler generated dependencies of target custom_msgs__rosidl_generator_c\x1b[0m\n'}
[0.803073] (-) TimerEvent: {}
[0.804802] (custom_msgs) StdoutLine: {'line': b'[  1%] Built target custom_msgs__cpp\n'}
[0.903297] (-) TimerEvent: {}
[0.909902] (custom_msgs) StdoutLine: {'line': b'[ 12%] Built target custom_msgs__rosidl_generator_c\n'}
[0.916126] (custom_msgs) StdoutLine: {'line': b'\x1b[35m\x1b[1mConsolidate compiler generated dependencies of target custom_msgs__rosidl_typesupport_fastrtps_cpp\x1b[0m\n'}
[0.930767] (custom_msgs) StdoutLine: {'line': b'\x1b[35m\x1b[1mConsolidate compiler generated dependencies of target custom_msgs__rosidl_typesupport_cpp\x1b[0m\n'}
[0.944678] (custom_msgs) StdoutLine: {'line': b'[ 12%] Built target ament_cmake_python_copy_custom_msgs\n'}
[0.972479] (my_cpp_pkg) StdoutLine: {'line': b'[100%] Built target cpp_node\n'}
[1.003473] (-) TimerEvent: {}
[1.053901] (custom_msgs) StdoutLine: {'line': b'\x1b[35m\x1b[1mConsolidate compiler generated dependencies of target custom_msgs__rosidl_typesupport_introspection_cpp\x1b[0m\n'}
[1.089228] (custom_msgs) StdoutLine: {'line': b'\x1b[35m\x1b[1mConsolidate compiler generated dependencies of target custom_msgs__rosidl_typesupport_fastrtps_c\x1b[0m\n'}
[1.103672] (-) TimerEvent: {}
[1.115052] (custom_msgs) StdoutLine: {'line': b'[ 24%] Built target custom_msgs__rosidl_typesupport_cpp\n'}
[1.153150] (custom_msgs) StdoutLine: {'line': b'[ 35%] Built target custom_msgs__rosidl_typesupport_fastrtps_cpp\n'}
[1.203885] (-) TimerEvent: {}
[1.228214] (custom_msgs) StdoutLine: {'line': b'[ 46%] Built target custom_msgs__rosidl_typesupport_introspection_cpp\n'}
[1.235287] (custom_msgs) StdoutLine: {'line': b'\x1b[35m\x1b[1mConsolidate compiler generated dependencies of target custom_msgs__rosidl_typesupport_introspection_c\x1b[0m\n'}
[1.258838] (custom_msgs) StdoutLine: {'line': b'\x1b[35m\x1b[1mConsolidate compiler generated dependencies of target custom_msgs__rosidl_typesupport_c\x1b[0m\n'}
[1.277513] (custom_msgs) StdoutLine: {'line': b'[ 58%] Built target custom_msgs__rosidl_typesupport_fastrtps_c\n'}
[1.304063] (-) TimerEvent: {}
[1.333119] (custom_msgs) StdoutLine: {'line': b'[ 69%] Built target custom_msgs__rosidl_typesupport_c\n'}
[1.345149] (custom_msgs) StdoutLine: {'line': b'[ 81%] Built target custom_msgs__rosidl_typesupport_introspection_c\n'}
[1.404302] (-) TimerEvent: {}
[1.445041] (custom_msgs) StdoutLine: {'line': b'[ 81%] Built target custom_msgs\n'}
[1.504516] (-) TimerEvent: {}
[1.549386] (custom_msgs) StdoutLine: {'line': b'[ 82%] Built target custom_msgs__py\n'}
[1.604795] (-) TimerEvent: {}
[1.637574] (custom_msgs) StdoutLine: {'line': b'\x1b[35m\x1b[1mConsolidate compiler generated dependencies of target custom_msgs__rosidl_generator_py\x1b[0m\n'}
[1.705021] (-) TimerEvent: {}
[1.732346] (my_cpp_pkg) CommandEnded: {'returncode': 0}
[1.743411] (my_cpp_pkg) JobProgress: {'identifier': 'my_cpp_pkg', 'progress': 'install'}
[1.775676] (custom_msgs) StdoutLine: {'line': b'[ 92%] Built target custom_msgs__rosidl_generator_py\n'}
[1.790850] (my_cpp_pkg) Command: {'cmd': ['/usr/bin/cmake', '--install', '/home/dron/Praca-magisterska/ros2_ws/build/my_cpp_pkg'], 'cwd': '/home/dron/Praca-magisterska/ros2_ws/build/my_cpp_pkg', 'env': OrderedDict([('LESSOPEN', '| /usr/bin/lesspipe %s'), ('USER', 'dron'), ('SSH_CLIENT', 'fe80::73bc:b5b3:a668:f352%wlan0 52816 22'), ('XDG_SESSION_TYPE', 'tty'), ('SHLVL', '1'), ('LD_LIBRARY_PATH', '/home/dron/Praca-magisterska/ros2_ws/install/custom_msgs/lib:/opt/ros/humble/lib/aarch64-linux-gnu:/opt/ros/humble/lib'), ('MOTD_SHOWN', 'pam'), ('HOME', '/home/dron'), ('OLDPWD', '/home/dron'), ('SSH_TTY', '/dev/pts/0'), ('ROS_PYTHON_VERSION', '3'), ('PS1', '(venv) \\[\\e]0;\\u@\\h: \\w\\a\\]${debian_chroot:+($debian_chroot)}\\u@\\h:\\w\\$'), ('DBUS_SESSION_BUS_ADDRESS', 'unix:path=/run/user/1000/bus'), ('COLCON_PREFIX_PATH', '/home/dron/Praca-magisterska/ros2_ws/install'), ('ROS_DISTRO', 'humble'), ('LOGNAME', 'dron'), ('_', '/usr/bin/colcon'), ('ROS_VERSION', '2'), ('XDG_SESSION_CLASS', 'user'), ('TERM', 'xterm'), ('XDG_SESSION_ID', '1'), ('ROS_LOCALHOST_ONLY', '0'), ('PATH', '/opt/ros/humble/bin:/home/rosbot/ros2_ws/venv/bin:/usr/local/sbin:/usr/local/bin:/usr/sbin:/usr/bin:/sbin:/bin:/usr/games:/usr/local/games:/snap/bin'), ('XDG_RUNTIME_DIR', '/run/user/1000'), ('LANG', 'C.UTF-8'), ('VIRTUAL_ENV_PROMPT', '(venv)'), ('LS_COLORS', 'rs=0:di=01;34:ln=01;36:mh=00:pi=40;33:so=01;35:do=01;35:bd=40;33;01:cd=40;33;01:or=40;31;01:mi=00:su=37;41:sg=30;43:ca=30;41:tw=30;42:ow=34;42:st=37;44:ex=01;32:*.tar=01;31:*.tgz=01;31:*.arc=01;31:*.arj=01;31:*.taz=01;31:*.lha=01;31:*.lz4=01;31:*.lzh=01;31:*.lzma=01;31:*.tlz=01;31:*.txz=01;31:*.tzo=01;31:*.t7z=01;31:*.zip=01;31:*.z=01;31:*.dz=01;31:*.gz=01;31:*.lrz=01;31:*.lz=01;31:*.lzo=01;31:*.xz=01;31:*.zst=01;31:*.tzst=01;31:*.bz2=01;31:*.bz=01;31:*.tbz=01;31:*.tbz2=01;31:*.tz=01;31:*.deb=01;31:*.rpm=01;31:*.jar=01;31:*.war=01;31:*.ear=01;31:*.sar=01;31:*.rar=01;31:*.alz=01;31:*.ace=01;31:*.zoo=01;31:*.cpio=01;31:*.7z=01;31:*.rz=01;31:*.cab=01;31:*.wim=01;31:*.swm=01;31:*.dwm=01;31:*.esd=01;31:*.jpg=01;35:*.jpeg=01;35:*.mjpg=01;35:*.mjpeg=01;35:*.gif=01;35:*.bmp=01;35:*.pbm=01;35:*.pgm=01;35:*.ppm=01;35:*.tga=01;35:*.xbm=01;35:*.xpm=01;35:*.tif=01;35:*.tiff=01;35:*.png=01;35:*.svg=01;35:*.svgz=01;35:*.mng=01;35:*.pcx=01;35:*.mov=01;35:*.mpg=01;35:*.mpeg=01;35:*.m2v=01;35:*.mkv=01;35:*.webm=01;35:*.webp=01;35:*.ogm=01;35:*.mp4=01;35:*.m4v=01;35:*.mp4v=01;35:*.vob=01;35:*.qt=01;35:*.nuv=01;35:*.wmv=01;35:*.asf=01;35:*.rm=01;35:*.rmvb=01;35:*.flc=01;35:*.avi=01;35:*.fli=01;35:*.flv=01;35:*.gl=01;35:*.dl=01;35:*.xcf=01;35:*.xwd=01;35:*.yuv=01;35:*.cgm=01;35:*.emf=01;35:*.ogv=01;35:*.ogx=01;35:*.aac=00;36:*.au=00;36:*.flac=00;36:*.m4a=00;36:*.mid=00;36:*.midi=00;36:*.mka=00;36:*.mp3=00;36:*.mpc=00;36:*.ogg=00;36:*.ra=00;36:*.wav=00;36:*.oga=00;36:*.opus=00;36:*.spx=00;36:*.xspf=00;36:'), ('AMENT_PREFIX_PATH', '/home/dron/Praca-magisterska/ros2_ws/install/um7_pkg:/home/dron/Praca-magisterska/ros2_ws/install/my_py_pkg:/home/dron/Praca-magisterska/ros2_ws/install/my_cpp_pkg:/home/dron/Praca-magisterska/ros2_ws/install/log_data_pkg:/home/dron/Praca-magisterska/ros2_ws/install/flight_controller_pkg:/home/dron/Praca-magisterska/ros2_ws/install/flask_pkg:/home/dron/Praca-magisterska/ros2_ws/install/estimator_pkg:/home/dron/Praca-magisterska/ros2_ws/install/custom_msgs:/opt/ros/humble'), ('SHELL', '/bin/bash'), ('LESSCLOSE', '/usr/bin/lesspipe %s %s'), ('VIRTUAL_ENV', '/home/rosbot/ros2_ws/venv'), ('PWD', '/home/dron/Praca-magisterska/ros2_ws/build/my_cpp_pkg'), ('SSH_CONNECTION', 'fe80::73bc:b5b3:a668:f352%wlan0 52816 fe80::da3a:ddff:fe3f:f331%wlan0 22'), ('XDG_DATA_DIRS', '/usr/local/share:/usr/share:/var/lib/snapd/desktop'), ('PYTHONPATH', '/home/dron/Praca-magisterska/ros2_ws/install/um7_pkg/lib/python3.10/site-packages:/home/dron/Praca-magisterska/ros2_ws/install/my_py_pkg/lib/python3.10/site-packages:/home/dron/Praca-magisterska/ros2_ws/install/log_data_pkg/lib/python3.10/site-packages:/home/dron/Praca-magisterska/ros2_ws/install/flight_controller_pkg/lib/python3.10/site-packages:/home/dron/Praca-magisterska/ros2_ws/install/flask_pkg/lib/python3.10/site-packages:/home/dron/Praca-magisterska/ros2_ws/install/estimator_pkg/lib/python3.10/site-packages:/home/dron/Praca-magisterska/ros2_ws/install/custom_msgs/local/lib/python3.10/dist-packages:/opt/ros/humble/lib/python3.10/site-packages:/opt/ros/humble/local/lib/python3.10/dist-packages::/home/dron/Praca-magisterska/ros2_ws/venv/lib/python3.12/site-packages'), ('COLCON', '1'), ('CMAKE_PREFIX_PATH', '/home/dron/Praca-magisterska/ros2_ws/install/my_cpp_pkg:/home/dron/Praca-magisterska/ros2_ws/install/custom_msgs:/home/dron/Praca-magisterska/ros2_ws/install/um7_pkg:/home/dron/Praca-magisterska/ros2_ws/install/my_py_pkg:/home/dron/Praca-magisterska/ros2_ws/install/log_data_pkg:/home/dron/Praca-magisterska/ros2_ws/install/flight_controller_pkg:/home/dron/Praca-magisterska/ros2_ws/install/flask_pkg:/home/dron/Praca-magisterska/ros2_ws/install/estimator_pkg:/opt/ros/humble')]), 'shell': False}
[1.807306] (-) TimerEvent: {}
[1.842668] (my_cpp_pkg) StdoutLine: {'line': b'-- Install configuration: ""\n'}
[1.850212] (my_cpp_pkg) StdoutLine: {'line': b'-- Up-to-date: /home/dron/Praca-magisterska/ros2_ws/install/my_cpp_pkg/lib/my_cpp_pkg/cpp_node\n'}
[1.852343] (my_cpp_pkg) StdoutLine: {'line': b'-- Up-to-date: /home/dron/Praca-magisterska/ros2_ws/install/my_cpp_pkg/share/ament_index/resource_index/package_run_dependencies/my_cpp_pkg\n'}
[1.853211] (my_cpp_pkg) StdoutLine: {'line': b'-- Up-to-date: /home/dron/Praca-magisterska/ros2_ws/install/my_cpp_pkg/share/ament_index/resource_index/parent_prefix_path/my_cpp_pkg\n'}
[1.854084] (my_cpp_pkg) StdoutLine: {'line': b'-- Up-to-date: /home/dron/Praca-magisterska/ros2_ws/install/my_cpp_pkg/share/my_cpp_pkg/environment/ament_prefix_path.sh\n'}
[1.854990] (my_cpp_pkg) StdoutLine: {'line': b'-- Up-to-date: /home/dron/Praca-magisterska/ros2_ws/install/my_cpp_pkg/share/my_cpp_pkg/environment/ament_prefix_path.dsv\n'}
[1.855959] (my_cpp_pkg) StdoutLine: {'line': b'-- Up-to-date: /home/dron/Praca-magisterska/ros2_ws/install/my_cpp_pkg/share/my_cpp_pkg/environment/path.sh\n'}
[1.856720] (my_cpp_pkg) StdoutLine: {'line': b'-- Up-to-date: /home/dron/Praca-magisterska/ros2_ws/install/my_cpp_pkg/share/my_cpp_pkg/environment/path.dsv\n'}
[1.857322] (my_cpp_pkg) StdoutLine: {'line': b'-- Up-to-date: /home/dron/Praca-magisterska/ros2_ws/install/my_cpp_pkg/share/my_cpp_pkg/local_setup.bash\n'}
[1.857798] (my_cpp_pkg) StdoutLine: {'line': b'-- Up-to-date: /home/dron/Praca-magisterska/ros2_ws/install/my_cpp_pkg/share/my_cpp_pkg/local_setup.sh\n'}
[1.858557] (my_cpp_pkg) StdoutLine: {'line': b'-- Up-to-date: /home/dron/Praca-magisterska/ros2_ws/install/my_cpp_pkg/share/my_cpp_pkg/local_setup.zsh\n'}
[1.859829] (my_cpp_pkg) StdoutLine: {'line': b'-- Up-to-date: /home/dron/Praca-magisterska/ros2_ws/install/my_cpp_pkg/share/my_cpp_pkg/local_setup.dsv\n'}
[1.860630] (my_cpp_pkg) StdoutLine: {'line': b'-- Installing: /home/dron/Praca-magisterska/ros2_ws/install/my_cpp_pkg/share/my_cpp_pkg/package.dsv\n'}
[1.861078] (my_cpp_pkg) StdoutLine: {'line': b'-- Up-to-date: /home/dron/Praca-magisterska/ros2_ws/install/my_cpp_pkg/share/ament_index/resource_index/packages/my_cpp_pkg\n'}
[1.861586] (my_cpp_pkg) StdoutLine: {'line': b'-- Up-to-date: /home/dron/Praca-magisterska/ros2_ws/install/my_cpp_pkg/share/my_cpp_pkg/cmake/my_cpp_pkgConfig.cmake\n'}
[1.862054] (my_cpp_pkg) StdoutLine: {'line': b'-- Up-to-date: /home/dron/Praca-magisterska/ros2_ws/install/my_cpp_pkg/share/my_cpp_pkg/cmake/my_cpp_pkgConfig-version.cmake\n'}
[1.862602] (my_cpp_pkg) StdoutLine: {'line': b'-- Up-to-date: /home/dron/Praca-magisterska/ros2_ws/install/my_cpp_pkg/share/my_cpp_pkg/package.xml\n'}
[1.869128] (custom_msgs) StdoutLine: {'line': b'\x1b[35m\x1b[1mConsolidate compiler generated dependencies of target custom_msgs__rosidl_typesupport_fastrtps_c__pyext\x1b[0m\n'}
[1.877688] (my_cpp_pkg) CommandEnded: {'returncode': 0}
[1.894165] (custom_msgs) StdoutLine: {'line': b'\x1b[35m\x1b[1mConsolidate compiler generated dependencies of target custom_msgs__rosidl_typesupport_introspection_c__pyext\x1b[0m\n'}
[1.907528] (-) TimerEvent: {}
[1.910571] (custom_msgs) StdoutLine: {'line': b'\x1b[35m\x1b[1mConsolidate compiler generated dependencies of target custom_msgs__rosidl_typesupport_c__pyext\x1b[0m\n'}
[1.956552] (custom_msgs) StdoutLine: {'line': b'[ 94%] Built target custom_msgs__rosidl_typesupport_fastrtps_c__pyext\n'}
[2.004983] (custom_msgs) StdoutLine: {'line': b'[ 97%] Built target custom_msgs__rosidl_typesupport_introspection_c__pyext\n'}
[2.011006] (-) TimerEvent: {}
[2.023362] (custom_msgs) StdoutLine: {'line': b'[100%] Built target custom_msgs__rosidl_typesupport_c__pyext\n'}
[2.087349] (my_cpp_pkg) JobEnded: {'identifier': 'my_cpp_pkg', 'rc': 0}
[2.111131] (-) TimerEvent: {}
[2.211853] (-) TimerEvent: {}
[2.312570] (-) TimerEvent: {}
[2.413296] (-) TimerEvent: {}
[2.514012] (-) TimerEvent: {}
[2.614930] (-) TimerEvent: {}
[2.695895] (custom_msgs) StdoutLine: {'line': b'running egg_info\n'}
[2.698824] (custom_msgs) StdoutLine: {'line': b'writing custom_msgs.egg-info/PKG-INFO\n'}
[2.700222] (custom_msgs) StdoutLine: {'line': b'writing dependency_links to custom_msgs.egg-info/dependency_links.txt\n'}
[2.701575] (custom_msgs) StdoutLine: {'line': b'writing top-level names to custom_msgs.egg-info/top_level.txt\n'}
[2.715205] (custom_msgs) StdoutLine: {'line': b"reading manifest file 'custom_msgs.egg-info/SOURCES.txt'\n"}
[2.715770] (-) TimerEvent: {}
[2.718804] (custom_msgs) StdoutLine: {'line': b"writing manifest file 'custom_msgs.egg-info/SOURCES.txt'\n"}
[2.816040] (-) TimerEvent: {}
[2.856305] (custom_msgs) StdoutLine: {'line': b'[100%] Built target ament_cmake_python_build_custom_msgs_egg\n'}
[2.905563] (custom_msgs) CommandEnded: {'returncode': 0}
[2.916164] (-) TimerEvent: {}
[2.925424] (custom_msgs) JobProgress: {'identifier': 'custom_msgs', 'progress': 'install'}
[2.926457] (custom_msgs) Command: {'cmd': ['/usr/bin/cmake', '--install', '/home/dron/Praca-magisterska/ros2_ws/build/custom_msgs'], 'cwd': '/home/dron/Praca-magisterska/ros2_ws/build/custom_msgs', 'env': OrderedDict([('LESSOPEN', '| /usr/bin/lesspipe %s'), ('USER', 'dron'), ('SSH_CLIENT', 'fe80::73bc:b5b3:a668:f352%wlan0 52816 22'), ('XDG_SESSION_TYPE', 'tty'), ('SHLVL', '1'), ('LD_LIBRARY_PATH', '/home/dron/Praca-magisterska/ros2_ws/install/custom_msgs/lib:/opt/ros/humble/lib/aarch64-linux-gnu:/opt/ros/humble/lib'), ('MOTD_SHOWN', 'pam'), ('HOME', '/home/dron'), ('OLDPWD', '/home/dron'), ('SSH_TTY', '/dev/pts/0'), ('ROS_PYTHON_VERSION', '3'), ('PS1', '(venv) \\[\\e]0;\\u@\\h: \\w\\a\\]${debian_chroot:+($debian_chroot)}\\u@\\h:\\w\\$'), ('DBUS_SESSION_BUS_ADDRESS', 'unix:path=/run/user/1000/bus'), ('COLCON_PREFIX_PATH', '/home/dron/Praca-magisterska/ros2_ws/install'), ('ROS_DISTRO', 'humble'), ('LOGNAME', 'dron'), ('_', '/usr/bin/colcon'), ('ROS_VERSION', '2'), ('XDG_SESSION_CLASS', 'user'), ('TERM', 'xterm'), ('XDG_SESSION_ID', '1'), ('ROS_LOCALHOST_ONLY', '0'), ('PATH', '/opt/ros/humble/bin:/home/rosbot/ros2_ws/venv/bin:/usr/local/sbin:/usr/local/bin:/usr/sbin:/usr/bin:/sbin:/bin:/usr/games:/usr/local/games:/snap/bin'), ('XDG_RUNTIME_DIR', '/run/user/1000'), ('LANG', 'C.UTF-8'), ('VIRTUAL_ENV_PROMPT', '(venv)'), ('LS_COLORS', 'rs=0:di=01;34:ln=01;36:mh=00:pi=40;33:so=01;35:do=01;35:bd=40;33;01:cd=40;33;01:or=40;31;01:mi=00:su=37;41:sg=30;43:ca=30;41:tw=30;42:ow=34;42:st=37;44:ex=01;32:*.tar=01;31:*.tgz=01;31:*.arc=01;31:*.arj=01;31:*.taz=01;31:*.lha=01;31:*.lz4=01;31:*.lzh=01;31:*.lzma=01;31:*.tlz=01;31:*.txz=01;31:*.tzo=01;31:*.t7z=01;31:*.zip=01;31:*.z=01;31:*.dz=01;31:*.gz=01;31:*.lrz=01;31:*.lz=01;31:*.lzo=01;31:*.xz=01;31:*.zst=01;31:*.tzst=01;31:*.bz2=01;31:*.bz=01;31:*.tbz=01;31:*.tbz2=01;31:*.tz=01;31:*.deb=01;31:*.rpm=01;31:*.jar=01;31:*.war=01;31:*.ear=01;31:*.sar=01;31:*.rar=01;31:*.alz=01;31:*.ace=01;31:*.zoo=01;31:*.cpio=01;31:*.7z=01;31:*.rz=01;31:*.cab=01;31:*.wim=01;31:*.swm=01;31:*.dwm=01;31:*.esd=01;31:*.jpg=01;35:*.jpeg=01;35:*.mjpg=01;35:*.mjpeg=01;35:*.gif=01;35:*.bmp=01;35:*.pbm=01;35:*.pgm=01;35:*.ppm=01;35:*.tga=01;35:*.xbm=01;35:*.xpm=01;35:*.tif=01;35:*.tiff=01;35:*.png=01;35:*.svg=01;35:*.svgz=01;35:*.mng=01;35:*.pcx=01;35:*.mov=01;35:*.mpg=01;35:*.mpeg=01;35:*.m2v=01;35:*.mkv=01;35:*.webm=01;35:*.webp=01;35:*.ogm=01;35:*.mp4=01;35:*.m4v=01;35:*.mp4v=01;35:*.vob=01;35:*.qt=01;35:*.nuv=01;35:*.wmv=01;35:*.asf=01;35:*.rm=01;35:*.rmvb=01;35:*.flc=01;35:*.avi=01;35:*.fli=01;35:*.flv=01;35:*.gl=01;35:*.dl=01;35:*.xcf=01;35:*.xwd=01;35:*.yuv=01;35:*.cgm=01;35:*.emf=01;35:*.ogv=01;35:*.ogx=01;35:*.aac=00;36:*.au=00;36:*.flac=00;36:*.m4a=00;36:*.mid=00;36:*.midi=00;36:*.mka=00;36:*.mp3=00;36:*.mpc=00;36:*.ogg=00;36:*.ra=00;36:*.wav=00;36:*.oga=00;36:*.opus=00;36:*.spx=00;36:*.xspf=00;36:'), ('AMENT_PREFIX_PATH', '/home/dron/Praca-magisterska/ros2_ws/install/um7_pkg:/home/dron/Praca-magisterska/ros2_ws/install/my_py_pkg:/home/dron/Praca-magisterska/ros2_ws/install/my_cpp_pkg:/home/dron/Praca-magisterska/ros2_ws/install/log_data_pkg:/home/dron/Praca-magisterska/ros2_ws/install/flight_controller_pkg:/home/dron/Praca-magisterska/ros2_ws/install/flask_pkg:/home/dron/Praca-magisterska/ros2_ws/install/estimator_pkg:/home/dron/Praca-magisterska/ros2_ws/install/custom_msgs:/opt/ros/humble'), ('SHELL', '/bin/bash'), ('LESSCLOSE', '/usr/bin/lesspipe %s %s'), ('VIRTUAL_ENV', '/home/rosbot/ros2_ws/venv'), ('PWD', '/home/dron/Praca-magisterska/ros2_ws/build/custom_msgs'), ('SSH_CONNECTION', 'fe80::73bc:b5b3:a668:f352%wlan0 52816 fe80::da3a:ddff:fe3f:f331%wlan0 22'), ('XDG_DATA_DIRS', '/usr/local/share:/usr/share:/var/lib/snapd/desktop'), ('PYTHONPATH', '/home/dron/Praca-magisterska/ros2_ws/install/um7_pkg/lib/python3.10/site-packages:/home/dron/Praca-magisterska/ros2_ws/install/my_py_pkg/lib/python3.10/site-packages:/home/dron/Praca-magisterska/ros2_ws/install/log_data_pkg/lib/python3.10/site-packages:/home/dron/Praca-magisterska/ros2_ws/install/flight_controller_pkg/lib/python3.10/site-packages:/home/dron/Praca-magisterska/ros2_ws/install/flask_pkg/lib/python3.10/site-packages:/home/dron/Praca-magisterska/ros2_ws/install/estimator_pkg/lib/python3.10/site-packages:/home/dron/Praca-magisterska/ros2_ws/install/custom_msgs/local/lib/python3.10/dist-packages:/opt/ros/humble/lib/python3.10/site-packages:/opt/ros/humble/local/lib/python3.10/dist-packages::/home/dron/Praca-magisterska/ros2_ws/venv/lib/python3.12/site-packages'), ('COLCON', '1'), ('CMAKE_PREFIX_PATH', '/home/dron/Praca-magisterska/ros2_ws/install/my_cpp_pkg:/home/dron/Praca-magisterska/ros2_ws/install/custom_msgs:/home/dron/Praca-magisterska/ros2_ws/install/um7_pkg:/home/dron/Praca-magisterska/ros2_ws/install/my_py_pkg:/home/dron/Praca-magisterska/ros2_ws/install/log_data_pkg:/home/dron/Praca-magisterska/ros2_ws/install/flight_controller_pkg:/home/dron/Praca-magisterska/ros2_ws/install/flask_pkg:/home/dron/Praca-magisterska/ros2_ws/install/estimator_pkg:/opt/ros/humble')]), 'shell': False}
[2.976132] (custom_msgs) StdoutLine: {'line': b'-- Install configuration: ""\n'}
[2.977102] (custom_msgs) StdoutLine: {'line': b'-- Up-to-date: /home/dron/Praca-magisterska/ros2_ws/install/custom_msgs/share/ament_index/resource_index/rosidl_interfaces/custom_msgs\n'}
[2.977719] (custom_msgs) StdoutLine: {'line': b'-- Up-to-date: /home/dron/Praca-magisterska/ros2_ws/install/custom_msgs/include/custom_msgs/custom_msgs\n'}
[2.978705] (custom_msgs) StdoutLine: {'line': b'-- Up-to-date: /home/dron/Praca-magisterska/ros2_ws/install/custom_msgs/include/custom_msgs/custom_msgs/msg\n'}
[2.979886] (custom_msgs) StdoutLine: {'line': b'-- Up-to-date: /home/dron/Praca-magisterska/ros2_ws/install/custom_msgs/include/custom_msgs/custom_msgs/msg/imu_data.h\n'}
[2.980614] (custom_msgs) StdoutLine: {'line': b'-- Up-to-date: /home/dron/Praca-magisterska/ros2_ws/install/custom_msgs/include/custom_msgs/custom_msgs/msg/data_xyz.h\n'}
[2.981288] (custom_msgs) StdoutLine: {'line': b'-- Up-to-date: /home/dron/Praca-magisterska/ros2_ws/install/custom_msgs/include/custom_msgs/custom_msgs/msg/gyro_data.h\n'}
[2.982285] (custom_msgs) StdoutLine: {'line': b'-- Up-to-date: /home/dron/Praca-magisterska/ros2_ws/install/custom_msgs/include/custom_msgs/custom_msgs/msg/estimator_data.h\n'}
[2.983333] (custom_msgs) StdoutLine: {'line': b'-- Up-to-date: /home/dron/Praca-magisterska/ros2_ws/install/custom_msgs/include/custom_msgs/custom_msgs/msg/accel_data.h\n'}
[2.984615] (custom_msgs) StdoutLine: {'line': b'-- Up-to-date: /home/dron/Praca-magisterska/ros2_ws/install/custom_msgs/include/custom_msgs/custom_msgs/msg/possition_data.h\n'}
[2.988645] (custom_msgs) StdoutLine: {'line': b'-- Up-to-date: /home/dron/Praca-magisterska/ros2_ws/install/custom_msgs/include/custom_msgs/custom_msgs/msg/rosidl_generator_c__visibility_control.h\n'}
[2.990027] (custom_msgs) StdoutLine: {'line': b'-- Up-to-date: /home/dron/Praca-magisterska/ros2_ws/install/custom_msgs/include/custom_msgs/custom_msgs/msg/detail\n'}
[2.991188] (custom_msgs) StdoutLine: {'line': b'-- Up-to-date: /home/dron/Praca-magisterska/ros2_ws/install/custom_msgs/include/custom_msgs/custom_msgs/msg/detail/accel_data__type_support.h\n'}
[2.992186] (custom_msgs) StdoutLine: {'line': b'-- Up-to-date: /home/dron/Praca-magisterska/ros2_ws/install/custom_msgs/include/custom_msgs/custom_msgs/msg/detail/data_xyz__functions.h\n'}
[2.992802] (custom_msgs) StdoutLine: {'line': b'-- Up-to-date: /home/dron/Praca-magisterska/ros2_ws/install/custom_msgs/include/custom_msgs/custom_msgs/msg/detail/possition_data__struct.h\n'}
[2.993246] (custom_msgs) StdoutLine: {'line': b'-- Up-to-date: /home/dron/Praca-magisterska/ros2_ws/install/custom_msgs/include/custom_msgs/custom_msgs/msg/detail/estimator_data__functions.c\n'}
[2.993607] (custom_msgs) StdoutLine: {'line': b'-- Up-to-date: /home/dron/Praca-magisterska/ros2_ws/install/custom_msgs/include/custom_msgs/custom_msgs/msg/detail/speed_data__type_support.h\n'}
[2.993989] (custom_msgs) StdoutLine: {'line': b'-- Up-to-date: /home/dron/Praca-magisterska/ros2_ws/install/custom_msgs/include/custom_msgs/custom_msgs/msg/detail/imu_data__functions.h\n'}
[2.994356] (custom_msgs) StdoutLine: {'line': b'-- Up-to-date: /home/dron/Praca-magisterska/ros2_ws/install/custom_msgs/include/custom_msgs/custom_msgs/msg/detail/imu_data__type_support.h\n'}
[2.994755] (custom_msgs) StdoutLine: {'line': b'-- Up-to-date: /home/dron/Praca-magisterska/ros2_ws/install/custom_msgs/include/custom_msgs/custom_msgs/msg/detail/accel_data__functions.c\n'}
[2.995065] (custom_msgs) StdoutLine: {'line': b'-- Up-to-date: /home/dron/Praca-magisterska/ros2_ws/install/custom_msgs/include/custom_msgs/custom_msgs/msg/detail/possition_data__type_support.h\n'}
[2.995408] (custom_msgs) StdoutLine: {'line': b'-- Up-to-date: /home/dron/Praca-magisterska/ros2_ws/install/custom_msgs/include/custom_msgs/custom_msgs/msg/detail/gyro_data__functions.c\n'}
[2.995747] (custom_msgs) StdoutLine: {'line': b'-- Up-to-date: /home/dron/Praca-magisterska/ros2_ws/install/custom_msgs/include/custom_msgs/custom_msgs/msg/detail/estimator_data__struct.h\n'}
[2.996125] (custom_msgs) StdoutLine: {'line': b'-- Up-to-date: /home/dron/Praca-magisterska/ros2_ws/install/custom_msgs/include/custom_msgs/custom_msgs/msg/detail/estimator_data__type_support.h\n'}
[2.996493] (custom_msgs) StdoutLine: {'line': b'-- Up-to-date: /home/dron/Praca-magisterska/ros2_ws/install/custom_msgs/include/custom_msgs/custom_msgs/msg/detail/possition_data__functions.h\n'}
[2.996828] (custom_msgs) StdoutLine: {'line': b'-- Up-to-date: /home/dron/Praca-magisterska/ros2_ws/install/custom_msgs/include/custom_msgs/custom_msgs/msg/detail/gyro_data__struct.h\n'}
[2.997199] (custom_msgs) StdoutLine: {'line': b'-- Up-to-date: /home/dron/Praca-magisterska/ros2_ws/install/custom_msgs/include/custom_msgs/custom_msgs/msg/detail/data_xyz__functions.c\n'}
[2.997737] (custom_msgs) StdoutLine: {'line': b'-- Up-to-date: /home/dron/Praca-magisterska/ros2_ws/install/custom_msgs/include/custom_msgs/custom_msgs/msg/detail/speed_data__functions.c\n'}
[2.998214] (custom_msgs) StdoutLine: {'line': b'-- Up-to-date: /home/dron/Praca-magisterska/ros2_ws/install/custom_msgs/include/custom_msgs/custom_msgs/msg/detail/speed_data__functions.h\n'}
[2.998640] (custom_msgs) StdoutLine: {'line': b'-- Up-to-date: /home/dron/Praca-magisterska/ros2_ws/install/custom_msgs/include/custom_msgs/custom_msgs/msg/detail/data_xyz__type_support.h\n'}
[2.999014] (custom_msgs) StdoutLine: {'line': b'-- Up-to-date: /home/dron/Praca-magisterska/ros2_ws/install/custom_msgs/include/custom_msgs/custom_msgs/msg/detail/imu_data__functions.c\n'}
[2.999363] (custom_msgs) StdoutLine: {'line': b'-- Up-to-date: /home/dron/Praca-magisterska/ros2_ws/install/custom_msgs/include/custom_msgs/custom_msgs/msg/detail/accel_data__functions.h\n'}
[2.999726] (custom_msgs) StdoutLine: {'line': b'-- Up-to-date: /home/dron/Praca-magisterska/ros2_ws/install/custom_msgs/include/custom_msgs/custom_msgs/msg/detail/imu_data__struct.h\n'}
[3.000111] (custom_msgs) StdoutLine: {'line': b'-- Up-to-date: /home/dron/Praca-magisterska/ros2_ws/install/custom_msgs/include/custom_msgs/custom_msgs/msg/detail/speed_data__struct.h\n'}
[3.000461] (custom_msgs) StdoutLine: {'line': b'-- Up-to-date: /home/dron/Praca-magisterska/ros2_ws/install/custom_msgs/include/custom_msgs/custom_msgs/msg/detail/gyro_data__type_support.h\n'}
[3.000823] (custom_msgs) StdoutLine: {'line': b'-- Up-to-date: /home/dron/Praca-magisterska/ros2_ws/install/custom_msgs/include/custom_msgs/custom_msgs/msg/detail/possition_data__functions.c\n'}
[3.001283] (custom_msgs) StdoutLine: {'line': b'-- Up-to-date: /home/dron/Praca-magisterska/ros2_ws/install/custom_msgs/include/custom_msgs/custom_msgs/msg/detail/estimator_data__functions.h\n'}
[3.001675] (custom_msgs) StdoutLine: {'line': b'-- Up-to-date: /home/dron/Praca-magisterska/ros2_ws/install/custom_msgs/include/custom_msgs/custom_msgs/msg/detail/accel_data__struct.h\n'}
[3.002093] (custom_msgs) StdoutLine: {'line': b'-- Up-to-date: /home/dron/Praca-magisterska/ros2_ws/install/custom_msgs/include/custom_msgs/custom_msgs/msg/detail/gyro_data__functions.h\n'}
[3.002489] (custom_msgs) StdoutLine: {'line': b'-- Up-to-date: /home/dron/Praca-magisterska/ros2_ws/install/custom_msgs/include/custom_msgs/custom_msgs/msg/detail/data_xyz__struct.h\n'}
[3.002980] (custom_msgs) StdoutLine: {'line': b'-- Up-to-date: /home/dron/Praca-magisterska/ros2_ws/install/custom_msgs/include/custom_msgs/custom_msgs/msg/speed_data.h\n'}
[3.003325] (custom_msgs) StdoutLine: {'line': b'-- Up-to-date: /home/dron/Praca-magisterska/ros2_ws/install/custom_msgs/share/custom_msgs/environment/library_path.sh\n'}
[3.003628] (custom_msgs) StdoutLine: {'line': b'-- Up-to-date: /home/dron/Praca-magisterska/ros2_ws/install/custom_msgs/share/custom_msgs/environment/library_path.dsv\n'}
[3.016327] (-) TimerEvent: {}
[3.022313] (custom_msgs) StdoutLine: {'line': b'-- Up-to-date: /home/dron/Praca-magisterska/ros2_ws/install/custom_msgs/lib/libcustom_msgs__rosidl_generator_c.so\n'}
[3.023902] (custom_msgs) StdoutLine: {'line': b'-- Up-to-date: /home/dron/Praca-magisterska/ros2_ws/install/custom_msgs/include/custom_msgs/custom_msgs\n'}
[3.024973] (custom_msgs) StdoutLine: {'line': b'-- Up-to-date: /home/dron/Praca-magisterska/ros2_ws/install/custom_msgs/include/custom_msgs/custom_msgs/msg\n'}
[3.025788] (custom_msgs) StdoutLine: {'line': b'-- Up-to-date: /home/dron/Praca-magisterska/ros2_ws/install/custom_msgs/include/custom_msgs/custom_msgs/msg/rosidl_typesupport_fastrtps_c__visibility_control.h\n'}
[3.027024] (custom_msgs) StdoutLine: {'line': b'-- Up-to-date: /home/dron/Praca-magisterska/ros2_ws/install/custom_msgs/include/custom_msgs/custom_msgs/msg/detail\n'}
[3.028091] (custom_msgs) StdoutLine: {'line': b'-- Up-to-date: /home/dron/Praca-magisterska/ros2_ws/install/custom_msgs/include/custom_msgs/custom_msgs/msg/detail/speed_data__rosidl_typesupport_fastrtps_c.h\n'}
[3.028832] (custom_msgs) StdoutLine: {'line': b'-- Up-to-date: /home/dron/Praca-magisterska/ros2_ws/install/custom_msgs/include/custom_msgs/custom_msgs/msg/detail/imu_data__rosidl_typesupport_fastrtps_c.h\n'}
[3.029196] (custom_msgs) StdoutLine: {'line': b'-- Up-to-date: /home/dron/Praca-magisterska/ros2_ws/install/custom_msgs/include/custom_msgs/custom_msgs/msg/detail/gyro_data__rosidl_typesupport_fastrtps_c.h\n'}
[3.029502] (custom_msgs) StdoutLine: {'line': b'-- Up-to-date: /home/dron/Praca-magisterska/ros2_ws/install/custom_msgs/include/custom_msgs/custom_msgs/msg/detail/accel_data__rosidl_typesupport_fastrtps_c.h\n'}
[3.029918] (custom_msgs) StdoutLine: {'line': b'-- Up-to-date: /home/dron/Praca-magisterska/ros2_ws/install/custom_msgs/include/custom_msgs/custom_msgs/msg/detail/data_xyz__rosidl_typesupport_fastrtps_c.h\n'}
[3.030542] (custom_msgs) StdoutLine: {'line': b'-- Up-to-date: /home/dron/Praca-magisterska/ros2_ws/install/custom_msgs/include/custom_msgs/custom_msgs/msg/detail/possition_data__rosidl_typesupport_fastrtps_c.h\n'}
[3.031121] (custom_msgs) StdoutLine: {'line': b'-- Up-to-date: /home/dron/Praca-magisterska/ros2_ws/install/custom_msgs/include/custom_msgs/custom_msgs/msg/detail/estimator_data__rosidl_typesupport_fastrtps_c.h\n'}
[3.053731] (custom_msgs) StdoutLine: {'line': b'-- Up-to-date: /home/dron/Praca-magisterska/ros2_ws/install/custom_msgs/lib/libcustom_msgs__rosidl_typesupport_fastrtps_c.so\n'}
[3.056246] (custom_msgs) StdoutLine: {'line': b'-- Up-to-date: /home/dron/Praca-magisterska/ros2_ws/install/custom_msgs/include/custom_msgs/custom_msgs\n'}
[3.057293] (custom_msgs) StdoutLine: {'line': b'-- Up-to-date: /home/dron/Praca-magisterska/ros2_ws/install/custom_msgs/include/custom_msgs/custom_msgs/msg\n'}
[3.058199] (custom_msgs) StdoutLine: {'line': b'-- Up-to-date: /home/dron/Praca-magisterska/ros2_ws/install/custom_msgs/include/custom_msgs/custom_msgs/msg/detail\n'}
[3.059177] (custom_msgs) StdoutLine: {'line': b'-- Up-to-date: /home/dron/Praca-magisterska/ros2_ws/install/custom_msgs/include/custom_msgs/custom_msgs/msg/detail/estimator_data__rosidl_typesupport_introspection_c.h\n'}
[3.059799] (custom_msgs) StdoutLine: {'line': b'-- Up-to-date: /home/dron/Praca-magisterska/ros2_ws/install/custom_msgs/include/custom_msgs/custom_msgs/msg/detail/speed_data__type_support.c\n'}
[3.060747] (custom_msgs) StdoutLine: {'line': b'-- Up-to-date: /home/dron/Praca-magisterska/ros2_ws/install/custom_msgs/include/custom_msgs/custom_msgs/msg/detail/possition_data__rosidl_typesupport_introspection_c.h\n'}
[3.061547] (custom_msgs) StdoutLine: {'line': b'-- Up-to-date: /home/dron/Praca-magisterska/ros2_ws/install/custom_msgs/include/custom_msgs/custom_msgs/msg/detail/data_xyz__type_support.c\n'}
[3.071667] (custom_msgs) StdoutLine: {'line': b'-- Up-to-date: /home/dron/Praca-magisterska/ros2_ws/install/custom_msgs/include/custom_msgs/custom_msgs/msg/detail/data_xyz__rosidl_typesupport_introspection_c.h\n'}
[3.072210] (custom_msgs) StdoutLine: {'line': b'-- Up-to-date: /home/dron/Praca-magisterska/ros2_ws/install/custom_msgs/include/custom_msgs/custom_msgs/msg/detail/imu_data__rosidl_typesupport_introspection_c.h\n'}
[3.072590] (custom_msgs) StdoutLine: {'line': b'-- Up-to-date: /home/dron/Praca-magisterska/ros2_ws/install/custom_msgs/include/custom_msgs/custom_msgs/msg/detail/possition_data__type_support.c\n'}
[3.072922] (custom_msgs) StdoutLine: {'line': b'-- Up-to-date: /home/dron/Praca-magisterska/ros2_ws/install/custom_msgs/include/custom_msgs/custom_msgs/msg/detail/imu_data__type_support.c\n'}
[3.073233] (custom_msgs) StdoutLine: {'line': b'-- Up-to-date: /home/dron/Praca-magisterska/ros2_ws/install/custom_msgs/include/custom_msgs/custom_msgs/msg/detail/accel_data__rosidl_typesupport_introspection_c.h\n'}
[3.073532] (custom_msgs) StdoutLine: {'line': b'-- Up-to-date: /home/dron/Praca-magisterska/ros2_ws/install/custom_msgs/include/custom_msgs/custom_msgs/msg/detail/gyro_data__rosidl_typesupport_introspection_c.h\n'}
[3.073974] (custom_msgs) StdoutLine: {'line': b'-- Up-to-date: /home/dron/Praca-magisterska/ros2_ws/install/custom_msgs/include/custom_msgs/custom_msgs/msg/detail/estimator_data__type_support.c\n'}
[3.074974] (custom_msgs) StdoutLine: {'line': b'-- Up-to-date: /home/dron/Praca-magisterska/ros2_ws/install/custom_msgs/include/custom_msgs/custom_msgs/msg/detail/accel_data__type_support.c\n'}
[3.076086] (custom_msgs) StdoutLine: {'line': b'-- Up-to-date: /home/dron/Praca-magisterska/ros2_ws/install/custom_msgs/include/custom_msgs/custom_msgs/msg/detail/gyro_data__type_support.c\n'}
[3.077178] (custom_msgs) StdoutLine: {'line': b'-- Up-to-date: /home/dron/Praca-magisterska/ros2_ws/install/custom_msgs/include/custom_msgs/custom_msgs/msg/detail/speed_data__rosidl_typesupport_introspection_c.h\n'}
[3.077859] (custom_msgs) StdoutLine: {'line': b'-- Up-to-date: /home/dron/Praca-magisterska/ros2_ws/install/custom_msgs/include/custom_msgs/custom_msgs/msg/rosidl_typesupport_introspection_c__visibility_control.h\n'}
[3.083252] (custom_msgs) StdoutLine: {'line': b'-- Up-to-date: /home/dron/Praca-magisterska/ros2_ws/install/custom_msgs/lib/libcustom_msgs__rosidl_typesupport_introspection_c.so\n'}
[3.088665] (custom_msgs) StdoutLine: {'line': b'-- Up-to-date: /home/dron/Praca-magisterska/ros2_ws/install/custom_msgs/lib/libcustom_msgs__rosidl_typesupport_c.so\n'}
[3.091065] (custom_msgs) StdoutLine: {'line': b'-- Up-to-date: /home/dron/Praca-magisterska/ros2_ws/install/custom_msgs/include/custom_msgs/custom_msgs\n'}
[3.093001] (custom_msgs) StdoutLine: {'line': b'-- Up-to-date: /home/dron/Praca-magisterska/ros2_ws/install/custom_msgs/include/custom_msgs/custom_msgs/msg\n'}
[3.094611] (custom_msgs) StdoutLine: {'line': b'-- Up-to-date: /home/dron/Praca-magisterska/ros2_ws/install/custom_msgs/include/custom_msgs/custom_msgs/msg/accel_data.hpp\n'}
[3.095980] (custom_msgs) StdoutLine: {'line': b'-- Up-to-date: /home/dron/Praca-magisterska/ros2_ws/install/custom_msgs/include/custom_msgs/custom_msgs/msg/data_xyz.hpp\n'}
[3.096522] (custom_msgs) StdoutLine: {'line': b'-- Up-to-date: /home/dron/Praca-magisterska/ros2_ws/install/custom_msgs/include/custom_msgs/custom_msgs/msg/possition_data.hpp\n'}
[3.097061] (custom_msgs) StdoutLine: {'line': b'-- Up-to-date: /home/dron/Praca-magisterska/ros2_ws/install/custom_msgs/include/custom_msgs/custom_msgs/msg/gyro_data.hpp\n'}
[3.099043] (custom_msgs) StdoutLine: {'line': b'-- Up-to-date: /home/dron/Praca-magisterska/ros2_ws/install/custom_msgs/include/custom_msgs/custom_msgs/msg/estimator_data.hpp\n'}
[3.099807] (custom_msgs) StdoutLine: {'line': b'-- Up-to-date: /home/dron/Praca-magisterska/ros2_ws/install/custom_msgs/include/custom_msgs/custom_msgs/msg/detail\n'}
[3.100595] (custom_msgs) StdoutLine: {'line': b'-- Up-to-date: /home/dron/Praca-magisterska/ros2_ws/install/custom_msgs/include/custom_msgs/custom_msgs/msg/detail/possition_data__traits.hpp\n'}
[3.101239] (custom_msgs) StdoutLine: {'line': b'-- Up-to-date: /home/dron/Praca-magisterska/ros2_ws/install/custom_msgs/include/custom_msgs/custom_msgs/msg/detail/speed_data__struct.hpp\n'}
[3.101998] (custom_msgs) StdoutLine: {'line': b'-- Up-to-date: /home/dron/Praca-magisterska/ros2_ws/install/custom_msgs/include/custom_msgs/custom_msgs/msg/detail/gyro_data__struct.hpp\n'}
[3.103024] (custom_msgs) StdoutLine: {'line': b'-- Up-to-date: /home/dron/Praca-magisterska/ros2_ws/install/custom_msgs/include/custom_msgs/custom_msgs/msg/detail/data_xyz__builder.hpp\n'}
[3.104051] (custom_msgs) StdoutLine: {'line': b'-- Up-to-date: /home/dron/Praca-magisterska/ros2_ws/install/custom_msgs/include/custom_msgs/custom_msgs/msg/detail/gyro_data__traits.hpp\n'}
[3.104960] (custom_msgs) StdoutLine: {'line': b'-- Up-to-date: /home/dron/Praca-magisterska/ros2_ws/install/custom_msgs/include/custom_msgs/custom_msgs/msg/detail/speed_data__type_support.hpp\n'}
[3.105991] (custom_msgs) StdoutLine: {'line': b'-- Up-to-date: /home/dron/Praca-magisterska/ros2_ws/install/custom_msgs/include/custom_msgs/custom_msgs/msg/detail/data_xyz__type_support.hpp\n'}
[3.106902] (custom_msgs) StdoutLine: {'line': b'-- Up-to-date: /home/dron/Praca-magisterska/ros2_ws/install/custom_msgs/include/custom_msgs/custom_msgs/msg/detail/possition_data__builder.hpp\n'}
[3.107831] (custom_msgs) StdoutLine: {'line': b'-- Up-to-date: /home/dron/Praca-magisterska/ros2_ws/install/custom_msgs/include/custom_msgs/custom_msgs/msg/detail/gyro_data__builder.hpp\n'}
[3.108757] (custom_msgs) StdoutLine: {'line': b'-- Up-to-date: /home/dron/Praca-magisterska/ros2_ws/install/custom_msgs/include/custom_msgs/custom_msgs/msg/detail/estimator_data__traits.hpp\n'}
[3.109757] (custom_msgs) StdoutLine: {'line': b'-- Up-to-date: /home/dron/Praca-magisterska/ros2_ws/install/custom_msgs/include/custom_msgs/custom_msgs/msg/detail/speed_data__builder.hpp\n'}
[3.110774] (custom_msgs) StdoutLine: {'line': b'-- Up-to-date: /home/dron/Praca-magisterska/ros2_ws/install/custom_msgs/include/custom_msgs/custom_msgs/msg/detail/estimator_data__type_support.hpp\n'}
[3.111812] (custom_msgs) StdoutLine: {'line': b'-- Up-to-date: /home/dron/Praca-magisterska/ros2_ws/install/custom_msgs/include/custom_msgs/custom_msgs/msg/detail/possition_data__type_support.hpp\n'}
[3.112550] (custom_msgs) StdoutLine: {'line': b'-- Up-to-date: /home/dron/Praca-magisterska/ros2_ws/install/custom_msgs/include/custom_msgs/custom_msgs/msg/detail/accel_data__struct.hpp\n'}
[3.112973] (custom_msgs) StdoutLine: {'line': b'-- Up-to-date: /home/dron/Praca-magisterska/ros2_ws/install/custom_msgs/include/custom_msgs/custom_msgs/msg/detail/imu_data__struct.hpp\n'}
[3.113869] (custom_msgs) StdoutLine: {'line': b'-- Up-to-date: /home/dron/Praca-magisterska/ros2_ws/install/custom_msgs/include/custom_msgs/custom_msgs/msg/detail/estimator_data__struct.hpp\n'}
[3.114902] (custom_msgs) StdoutLine: {'line': b'-- Up-to-date: /home/dron/Praca-magisterska/ros2_ws/install/custom_msgs/include/custom_msgs/custom_msgs/msg/detail/speed_data__traits.hpp\n'}
[3.115636] (custom_msgs) StdoutLine: {'line': b'-- Up-to-date: /home/dron/Praca-magisterska/ros2_ws/install/custom_msgs/include/custom_msgs/custom_msgs/msg/detail/imu_data__type_support.hpp\n'}
[3.116037] (custom_msgs) StdoutLine: {'line': b'-- Up-to-date: /home/dron/Praca-magisterska/ros2_ws/install/custom_msgs/include/custom_msgs/custom_msgs/msg/detail/possition_data__struct.hpp\n'}
[3.116739] (-) TimerEvent: {}
[3.117356] (custom_msgs) StdoutLine: {'line': b'-- Up-to-date: /home/dron/Praca-magisterska/ros2_ws/install/custom_msgs/include/custom_msgs/custom_msgs/msg/detail/data_xyz__traits.hpp\n'}
[3.118205] (custom_msgs) StdoutLine: {'line': b'-- Up-to-date: /home/dron/Praca-magisterska/ros2_ws/install/custom_msgs/include/custom_msgs/custom_msgs/msg/detail/accel_data__traits.hpp\n'}
[3.118769] (custom_msgs) StdoutLine: {'line': b'-- Up-to-date: /home/dron/Praca-magisterska/ros2_ws/install/custom_msgs/include/custom_msgs/custom_msgs/msg/detail/data_xyz__struct.hpp\n'}
[3.119432] (custom_msgs) StdoutLine: {'line': b'-- Up-to-date: /home/dron/Praca-magisterska/ros2_ws/install/custom_msgs/include/custom_msgs/custom_msgs/msg/detail/gyro_data__type_support.hpp\n'}
[3.119961] (custom_msgs) StdoutLine: {'line': b'-- Up-to-date: /home/dron/Praca-magisterska/ros2_ws/install/custom_msgs/include/custom_msgs/custom_msgs/msg/detail/estimator_data__builder.hpp\n'}
[3.120427] (custom_msgs) StdoutLine: {'line': b'-- Up-to-date: /home/dron/Praca-magisterska/ros2_ws/install/custom_msgs/include/custom_msgs/custom_msgs/msg/detail/imu_data__traits.hpp\n'}
[3.121018] (custom_msgs) StdoutLine: {'line': b'-- Up-to-date: /home/dron/Praca-magisterska/ros2_ws/install/custom_msgs/include/custom_msgs/custom_msgs/msg/detail/accel_data__builder.hpp\n'}
[3.121729] (custom_msgs) StdoutLine: {'line': b'-- Up-to-date: /home/dron/Praca-magisterska/ros2_ws/install/custom_msgs/include/custom_msgs/custom_msgs/msg/detail/accel_data__type_support.hpp\n'}
[3.122181] (custom_msgs) StdoutLine: {'line': b'-- Up-to-date: /home/dron/Praca-magisterska/ros2_ws/install/custom_msgs/include/custom_msgs/custom_msgs/msg/detail/imu_data__builder.hpp\n'}
[3.122834] (custom_msgs) StdoutLine: {'line': b'-- Up-to-date: /home/dron/Praca-magisterska/ros2_ws/install/custom_msgs/include/custom_msgs/custom_msgs/msg/speed_data.hpp\n'}
[3.123395] (custom_msgs) StdoutLine: {'line': b'-- Up-to-date: /home/dron/Praca-magisterska/ros2_ws/install/custom_msgs/include/custom_msgs/custom_msgs/msg/imu_data.hpp\n'}
[3.123841] (custom_msgs) StdoutLine: {'line': b'-- Up-to-date: /home/dron/Praca-magisterska/ros2_ws/install/custom_msgs/include/custom_msgs/custom_msgs/msg/rosidl_generator_cpp__visibility_control.hpp\n'}
[3.124406] (custom_msgs) StdoutLine: {'line': b'-- Up-to-date: /home/dron/Praca-magisterska/ros2_ws/install/custom_msgs/include/custom_msgs/custom_msgs\n'}
[3.124922] (custom_msgs) StdoutLine: {'line': b'-- Up-to-date: /home/dron/Praca-magisterska/ros2_ws/install/custom_msgs/include/custom_msgs/custom_msgs/msg\n'}
[3.125442] (custom_msgs) StdoutLine: {'line': b'-- Up-to-date: /home/dron/Praca-magisterska/ros2_ws/install/custom_msgs/include/custom_msgs/custom_msgs/msg/rosidl_typesupport_fastrtps_cpp__visibility_control.h\n'}
[3.125983] (custom_msgs) StdoutLine: {'line': b'-- Up-to-date: /home/dron/Praca-magisterska/ros2_ws/install/custom_msgs/include/custom_msgs/custom_msgs/msg/detail\n'}
[3.126564] (custom_msgs) StdoutLine: {'line': b'-- Up-to-date: /home/dron/Praca-magisterska/ros2_ws/install/custom_msgs/include/custom_msgs/custom_msgs/msg/detail/estimator_data__rosidl_typesupport_fastrtps_cpp.hpp\n'}
[3.127142] (custom_msgs) StdoutLine: {'line': b'-- Up-to-date: /home/dron/Praca-magisterska/ros2_ws/install/custom_msgs/include/custom_msgs/custom_msgs/msg/detail/dds_fastrtps\n'}
[3.127680] (custom_msgs) StdoutLine: {'line': b'-- Up-to-date: /home/dron/Praca-magisterska/ros2_ws/install/custom_msgs/include/custom_msgs/custom_msgs/msg/detail/speed_data__rosidl_typesupport_fastrtps_cpp.hpp\n'}
[3.128336] (custom_msgs) StdoutLine: {'line': b'-- Up-to-date: /home/dron/Praca-magisterska/ros2_ws/install/custom_msgs/include/custom_msgs/custom_msgs/msg/detail/gyro_data__rosidl_typesupport_fastrtps_cpp.hpp\n'}
[3.128885] (custom_msgs) StdoutLine: {'line': b'-- Up-to-date: /home/dron/Praca-magisterska/ros2_ws/install/custom_msgs/include/custom_msgs/custom_msgs/msg/detail/imu_data__rosidl_typesupport_fastrtps_cpp.hpp\n'}
[3.129437] (custom_msgs) StdoutLine: {'line': b'-- Up-to-date: /home/dron/Praca-magisterska/ros2_ws/install/custom_msgs/include/custom_msgs/custom_msgs/msg/detail/accel_data__rosidl_typesupport_fastrtps_cpp.hpp\n'}
[3.129879] (custom_msgs) StdoutLine: {'line': b'-- Up-to-date: /home/dron/Praca-magisterska/ros2_ws/install/custom_msgs/include/custom_msgs/custom_msgs/msg/detail/data_xyz__rosidl_typesupport_fastrtps_cpp.hpp\n'}
[3.130520] (custom_msgs) StdoutLine: {'line': b'-- Up-to-date: /home/dron/Praca-magisterska/ros2_ws/install/custom_msgs/include/custom_msgs/custom_msgs/msg/detail/possition_data__rosidl_typesupport_fastrtps_cpp.hpp\n'}
[3.131120] (custom_msgs) StdoutLine: {'line': b'-- Up-to-date: /home/dron/Praca-magisterska/ros2_ws/install/custom_msgs/lib/libcustom_msgs__rosidl_typesupport_fastrtps_cpp.so\n'}
[3.131753] (custom_msgs) StdoutLine: {'line': b'-- Up-to-date: /home/dron/Praca-magisterska/ros2_ws/install/custom_msgs/include/custom_msgs/custom_msgs\n'}
[3.132262] (custom_msgs) StdoutLine: {'line': b'-- Up-to-date: /home/dron/Praca-magisterska/ros2_ws/install/custom_msgs/include/custom_msgs/custom_msgs/msg\n'}
[3.132668] (custom_msgs) StdoutLine: {'line': b'-- Up-to-date: /home/dron/Praca-magisterska/ros2_ws/install/custom_msgs/include/custom_msgs/custom_msgs/msg/detail\n'}
[3.133293] (custom_msgs) StdoutLine: {'line': b'-- Up-to-date: /home/dron/Praca-magisterska/ros2_ws/install/custom_msgs/include/custom_msgs/custom_msgs/msg/detail/imu_data__rosidl_typesupport_introspection_cpp.hpp\n'}
[3.133968] (custom_msgs) StdoutLine: {'line': b'-- Up-to-date: /home/dron/Praca-magisterska/ros2_ws/install/custom_msgs/include/custom_msgs/custom_msgs/msg/detail/possition_data__rosidl_typesupport_introspection_cpp.hpp\n'}
[3.134593] (custom_msgs) StdoutLine: {'line': b'-- Up-to-date: /home/dron/Praca-magisterska/ros2_ws/install/custom_msgs/include/custom_msgs/custom_msgs/msg/detail/data_xyz__type_support.cpp\n'}
[3.135221] (custom_msgs) StdoutLine: {'line': b'-- Up-to-date: /home/dron/Praca-magisterska/ros2_ws/install/custom_msgs/include/custom_msgs/custom_msgs/msg/detail/accel_data__rosidl_typesupport_introspection_cpp.hpp\n'}
[3.135688] (custom_msgs) StdoutLine: {'line': b'-- Up-to-date: /home/dron/Praca-magisterska/ros2_ws/install/custom_msgs/include/custom_msgs/custom_msgs/msg/detail/estimator_data__type_support.cpp\n'}
[3.136383] (custom_msgs) StdoutLine: {'line': b'-- Up-to-date: /home/dron/Praca-magisterska/ros2_ws/install/custom_msgs/include/custom_msgs/custom_msgs/msg/detail/gyro_data__rosidl_typesupport_introspection_cpp.hpp\n'}
[3.136851] (custom_msgs) StdoutLine: {'line': b'-- Up-to-date: /home/dron/Praca-magisterska/ros2_ws/install/custom_msgs/include/custom_msgs/custom_msgs/msg/detail/imu_data__type_support.cpp\n'}
[3.137249] (custom_msgs) StdoutLine: {'line': b'-- Up-to-date: /home/dron/Praca-magisterska/ros2_ws/install/custom_msgs/include/custom_msgs/custom_msgs/msg/detail/gyro_data__type_support.cpp\n'}
[3.137722] (custom_msgs) StdoutLine: {'line': b'-- Up-to-date: /home/dron/Praca-magisterska/ros2_ws/install/custom_msgs/include/custom_msgs/custom_msgs/msg/detail/speed_data__rosidl_typesupport_introspection_cpp.hpp\n'}
[3.138095] (custom_msgs) StdoutLine: {'line': b'-- Up-to-date: /home/dron/Praca-magisterska/ros2_ws/install/custom_msgs/include/custom_msgs/custom_msgs/msg/detail/estimator_data__rosidl_typesupport_introspection_cpp.hpp\n'}
[3.138931] (custom_msgs) StdoutLine: {'line': b'-- Up-to-date: /home/dron/Praca-magisterska/ros2_ws/install/custom_msgs/include/custom_msgs/custom_msgs/msg/detail/speed_data__type_support.cpp\n'}
[3.139632] (custom_msgs) StdoutLine: {'line': b'-- Up-to-date: /home/dron/Praca-magisterska/ros2_ws/install/custom_msgs/include/custom_msgs/custom_msgs/msg/detail/accel_data__type_support.cpp\n'}
[3.140110] (custom_msgs) StdoutLine: {'line': b'-- Up-to-date: /home/dron/Praca-magisterska/ros2_ws/install/custom_msgs/include/custom_msgs/custom_msgs/msg/detail/possition_data__type_support.cpp\n'}
[3.140524] (custom_msgs) StdoutLine: {'line': b'-- Up-to-date: /home/dron/Praca-magisterska/ros2_ws/install/custom_msgs/include/custom_msgs/custom_msgs/msg/detail/data_xyz__rosidl_typesupport_introspection_cpp.hpp\n'}
[3.141093] (custom_msgs) StdoutLine: {'line': b'-- Up-to-date: /home/dron/Praca-magisterska/ros2_ws/install/custom_msgs/lib/libcustom_msgs__rosidl_typesupport_introspection_cpp.so\n'}
[3.141588] (custom_msgs) StdoutLine: {'line': b'-- Up-to-date: /home/dron/Praca-magisterska/ros2_ws/install/custom_msgs/lib/libcustom_msgs__rosidl_typesupport_cpp.so\n'}
[3.142681] (custom_msgs) StdoutLine: {'line': b'-- Up-to-date: /home/dron/Praca-magisterska/ros2_ws/install/custom_msgs/share/custom_msgs/environment/pythonpath.sh\n'}
[3.143491] (custom_msgs) StdoutLine: {'line': b'-- Up-to-date: /home/dron/Praca-magisterska/ros2_ws/install/custom_msgs/share/custom_msgs/environment/pythonpath.dsv\n'}
[3.144102] (custom_msgs) StdoutLine: {'line': b'-- Up-to-date: /home/dron/Praca-magisterska/ros2_ws/install/custom_msgs/local/lib/python3.10/dist-packages/custom_msgs-0.0.0-py3.10.egg-info\n'}
[3.144767] (custom_msgs) StdoutLine: {'line': b'-- Installing: /home/dron/Praca-magisterska/ros2_ws/install/custom_msgs/local/lib/python3.10/dist-packages/custom_msgs-0.0.0-py3.10.egg-info/PKG-INFO\n'}
[3.147259] (custom_msgs) StdoutLine: {'line': b'-- Installing: /home/dron/Praca-magisterska/ros2_ws/install/custom_msgs/local/lib/python3.10/dist-packages/custom_msgs-0.0.0-py3.10.egg-info/top_level.txt\n'}
[3.148715] (custom_msgs) StdoutLine: {'line': b'-- Installing: /home/dron/Praca-magisterska/ros2_ws/install/custom_msgs/local/lib/python3.10/dist-packages/custom_msgs-0.0.0-py3.10.egg-info/SOURCES.txt\n'}
[3.150102] (custom_msgs) StdoutLine: {'line': b'-- Installing: /home/dron/Praca-magisterska/ros2_ws/install/custom_msgs/local/lib/python3.10/dist-packages/custom_msgs-0.0.0-py3.10.egg-info/dependency_links.txt\n'}
[3.151725] (custom_msgs) StdoutLine: {'line': b'-- Up-to-date: /home/dron/Praca-magisterska/ros2_ws/install/custom_msgs/local/lib/python3.10/dist-packages/custom_msgs\n'}
[3.152384] (custom_msgs) StdoutLine: {'line': b'-- Up-to-date: /home/dron/Praca-magisterska/ros2_ws/install/custom_msgs/local/lib/python3.10/dist-packages/custom_msgs/_custom_msgs_s.ep.rosidl_typesupport_introspection_c.c\n'}
[3.152932] (custom_msgs) StdoutLine: {'line': b'-- Up-to-date: /home/dron/Praca-magisterska/ros2_ws/install/custom_msgs/local/lib/python3.10/dist-packages/custom_msgs/__init__.py\n'}
[3.153516] (custom_msgs) StdoutLine: {'line': b'-- Up-to-date: /home/dron/Praca-magisterska/ros2_ws/install/custom_msgs/local/lib/python3.10/dist-packages/custom_msgs/custom_msgs_s__rosidl_typesupport_introspection_c.cpython-310-aarch64-linux-gnu.so\n'}
[3.154014] (custom_msgs) StdoutLine: {'line': b'-- Up-to-date: /home/dron/Praca-magisterska/ros2_ws/install/custom_msgs/local/lib/python3.10/dist-packages/custom_msgs/_custom_msgs_s.ep.rosidl_typesupport_c.c\n'}
[3.154710] (custom_msgs) StdoutLine: {'line': b'-- Up-to-date: /home/dron/Praca-magisterska/ros2_ws/install/custom_msgs/local/lib/python3.10/dist-packages/custom_msgs/custom_msgs_s__rosidl_typesupport_c.cpython-310-aarch64-linux-gnu.so\n'}
[3.155388] (custom_msgs) StdoutLine: {'line': b'-- Up-to-date: /home/dron/Praca-magisterska/ros2_ws/install/custom_msgs/local/lib/python3.10/dist-packages/custom_msgs/_custom_msgs_s.ep.rosidl_typesupport_fastrtps_c.c\n'}
[3.156011] (custom_msgs) StdoutLine: {'line': b'-- Up-to-date: /home/dron/Praca-magisterska/ros2_ws/install/custom_msgs/local/lib/python3.10/dist-packages/custom_msgs/libcustom_msgs__rosidl_generator_py.so\n'}
[3.156549] (custom_msgs) StdoutLine: {'line': b'-- Up-to-date: /home/dron/Praca-magisterska/ros2_ws/install/custom_msgs/local/lib/python3.10/dist-packages/custom_msgs/msg\n'}
[3.157095] (custom_msgs) StdoutLine: {'line': b'-- Up-to-date: /home/dron/Praca-magisterska/ros2_ws/install/custom_msgs/local/lib/python3.10/dist-packages/custom_msgs/msg/_speed_data.py\n'}
[3.157660] (custom_msgs) StdoutLine: {'line': b'-- Up-to-date: /home/dron/Praca-magisterska/ros2_ws/install/custom_msgs/local/lib/python3.10/dist-packages/custom_msgs/msg/__init__.py\n'}
[3.158166] (custom_msgs) StdoutLine: {'line': b'-- Up-to-date: /home/dron/Praca-magisterska/ros2_ws/install/custom_msgs/local/lib/python3.10/dist-packages/custom_msgs/msg/_data_xyz_s.c\n'}
[3.158928] (custom_msgs) StdoutLine: {'line': b'-- Up-to-date: /home/dron/Praca-magisterska/ros2_ws/install/custom_msgs/local/lib/python3.10/dist-packages/custom_msgs/msg/_imu_data_s.c\n'}
[3.159551] (custom_msgs) StdoutLine: {'line': b'-- Up-to-date: /home/dron/Praca-magisterska/ros2_ws/install/custom_msgs/local/lib/python3.10/dist-packages/custom_msgs/msg/_estimator_data_s.c\n'}
[3.160080] (custom_msgs) StdoutLine: {'line': b'-- Up-to-date: /home/dron/Praca-magisterska/ros2_ws/install/custom_msgs/local/lib/python3.10/dist-packages/custom_msgs/msg/_accel_data_s.c\n'}
[3.160738] (custom_msgs) StdoutLine: {'line': b'-- Up-to-date: /home/dron/Praca-magisterska/ros2_ws/install/custom_msgs/local/lib/python3.10/dist-packages/custom_msgs/msg/_imu_data.py\n'}
[3.161284] (custom_msgs) StdoutLine: {'line': b'-- Up-to-date: /home/dron/Praca-magisterska/ros2_ws/install/custom_msgs/local/lib/python3.10/dist-packages/custom_msgs/msg/_data_xyz.py\n'}
[3.161852] (custom_msgs) StdoutLine: {'line': b'-- Up-to-date: /home/dron/Praca-magisterska/ros2_ws/install/custom_msgs/local/lib/python3.10/dist-packages/custom_msgs/msg/_speed_data_s.c\n'}
[3.162606] (custom_msgs) StdoutLine: {'line': b'-- Up-to-date: /home/dron/Praca-magisterska/ros2_ws/install/custom_msgs/local/lib/python3.10/dist-packages/custom_msgs/msg/_gyro_data.py\n'}
[3.163043] (custom_msgs) StdoutLine: {'line': b'-- Up-to-date: /home/dron/Praca-magisterska/ros2_ws/install/custom_msgs/local/lib/python3.10/dist-packages/custom_msgs/msg/_possition_data_s.c\n'}
[3.163554] (custom_msgs) StdoutLine: {'line': b'-- Up-to-date: /home/dron/Praca-magisterska/ros2_ws/install/custom_msgs/local/lib/python3.10/dist-packages/custom_msgs/msg/_gyro_data_s.c\n'}
[3.164168] (custom_msgs) StdoutLine: {'line': b'-- Up-to-date: /home/dron/Praca-magisterska/ros2_ws/install/custom_msgs/local/lib/python3.10/dist-packages/custom_msgs/msg/_estimator_data.py\n'}
[3.164662] (custom_msgs) StdoutLine: {'line': b'-- Up-to-date: /home/dron/Praca-magisterska/ros2_ws/install/custom_msgs/local/lib/python3.10/dist-packages/custom_msgs/msg/_possition_data.py\n'}
[3.164975] (custom_msgs) StdoutLine: {'line': b'-- Up-to-date: /home/dron/Praca-magisterska/ros2_ws/install/custom_msgs/local/lib/python3.10/dist-packages/custom_msgs/msg/_accel_data.py\n'}
[3.165280] (custom_msgs) StdoutLine: {'line': b'-- Up-to-date: /home/dron/Praca-magisterska/ros2_ws/install/custom_msgs/local/lib/python3.10/dist-packages/custom_msgs/custom_msgs_s__rosidl_typesupport_fastrtps_c.cpython-310-aarch64-linux-gnu.so\n'}
[3.216931] (-) TimerEvent: {}
[3.317714] (-) TimerEvent: {}
[3.363922] (custom_msgs) StdoutLine: {'line': b"Listing '/home/dron/Praca-magisterska/ros2_ws/install/custom_msgs/local/lib/python3.10/dist-packages/custom_msgs'...\n"}
[3.365665] (custom_msgs) StdoutLine: {'line': b"Listing '/home/dron/Praca-magisterska/ros2_ws/install/custom_msgs/local/lib/python3.10/dist-packages/custom_msgs/msg'...\n"}
[3.395557] (custom_msgs) StdoutLine: {'line': b'-- Up-to-date: /home/dron/Praca-magisterska/ros2_ws/install/custom_msgs/local/lib/python3.10/dist-packages/custom_msgs/custom_msgs_s__rosidl_typesupport_fastrtps_c.cpython-310-aarch64-linux-gnu.so\n'}
[3.400443] (custom_msgs) StdoutLine: {'line': b'-- Up-to-date: /home/dron/Praca-magisterska/ros2_ws/install/custom_msgs/local/lib/python3.10/dist-packages/custom_msgs/custom_msgs_s__rosidl_typesupport_introspection_c.cpython-310-aarch64-linux-gnu.so\n'}
[3.406282] (custom_msgs) StdoutLine: {'line': b'-- Up-to-date: /home/dron/Praca-magisterska/ros2_ws/install/custom_msgs/local/lib/python3.10/dist-packages/custom_msgs/custom_msgs_s__rosidl_typesupport_c.cpython-310-aarch64-linux-gnu.so\n'}
[3.412026] (custom_msgs) StdoutLine: {'line': b'-- Up-to-date: /home/dron/Praca-magisterska/ros2_ws/install/custom_msgs/lib/libcustom_msgs__rosidl_generator_py.so\n'}
[3.413701] (custom_msgs) StdoutLine: {'line': b'-- Up-to-date: /home/dron/Praca-magisterska/ros2_ws/install/custom_msgs/share/custom_msgs/msg/AccelData.idl\n'}
[3.414745] (custom_msgs) StdoutLine: {'line': b'-- Up-to-date: /home/dron/Praca-magisterska/ros2_ws/install/custom_msgs/share/custom_msgs/msg/GyroData.idl\n'}
[3.415394] (custom_msgs) StdoutLine: {'line': b'-- Up-to-date: /home/dron/Praca-magisterska/ros2_ws/install/custom_msgs/share/custom_msgs/msg/ImuData.idl\n'}
[3.416083] (custom_msgs) StdoutLine: {'line': b'-- Up-to-date: /home/dron/Praca-magisterska/ros2_ws/install/custom_msgs/share/custom_msgs/msg/EstimatorData.idl\n'}
[3.416964] (custom_msgs) StdoutLine: {'line': b'-- Up-to-date: /home/dron/Praca-magisterska/ros2_ws/install/custom_msgs/share/custom_msgs/msg/PossitionData.idl\n'}
[3.417833] (-) TimerEvent: {}
[3.418884] (custom_msgs) StdoutLine: {'line': b'-- Up-to-date: /home/dron/Praca-magisterska/ros2_ws/install/custom_msgs/share/custom_msgs/msg/SpeedData.idl\n'}
[3.419906] (custom_msgs) StdoutLine: {'line': b'-- Up-to-date: /home/dron/Praca-magisterska/ros2_ws/install/custom_msgs/share/custom_msgs/msg/DataXYZ.idl\n'}
[3.420677] (custom_msgs) StdoutLine: {'line': b'-- Up-to-date: /home/dron/Praca-magisterska/ros2_ws/install/custom_msgs/share/custom_msgs/msg/AccelData.msg\n'}
[3.421284] (custom_msgs) StdoutLine: {'line': b'-- Up-to-date: /home/dron/Praca-magisterska/ros2_ws/install/custom_msgs/share/custom_msgs/msg/GyroData.msg\n'}
[3.421799] (custom_msgs) StdoutLine: {'line': b'-- Up-to-date: /home/dron/Praca-magisterska/ros2_ws/install/custom_msgs/share/custom_msgs/msg/ImuData.msg\n'}
[3.422332] (custom_msgs) StdoutLine: {'line': b'-- Up-to-date: /home/dron/Praca-magisterska/ros2_ws/install/custom_msgs/share/custom_msgs/msg/EstimatorData.msg\n'}
[3.423222] (custom_msgs) StdoutLine: {'line': b'-- Up-to-date: /home/dron/Praca-magisterska/ros2_ws/install/custom_msgs/share/custom_msgs/msg/PossitionData.msg\n'}
[3.423962] (custom_msgs) StdoutLine: {'line': b'-- Up-to-date: /home/dron/Praca-magisterska/ros2_ws/install/custom_msgs/share/custom_msgs/msg/SpeedData.msg\n'}
[3.424713] (custom_msgs) StdoutLine: {'line': b'-- Up-to-date: /home/dron/Praca-magisterska/ros2_ws/install/custom_msgs/share/custom_msgs/msg/DataXYZ.msg\n'}
[3.425465] (custom_msgs) StdoutLine: {'line': b'-- Up-to-date: /home/dron/Praca-magisterska/ros2_ws/install/custom_msgs/share/ament_index/resource_index/package_run_dependencies/custom_msgs\n'}
[3.426074] (custom_msgs) StdoutLine: {'line': b'-- Up-to-date: /home/dron/Praca-magisterska/ros2_ws/install/custom_msgs/share/ament_index/resource_index/parent_prefix_path/custom_msgs\n'}
[3.426917] (custom_msgs) StdoutLine: {'line': b'-- Up-to-date: /home/dron/Praca-magisterska/ros2_ws/install/custom_msgs/share/custom_msgs/environment/ament_prefix_path.sh\n'}
[3.427662] (custom_msgs) StdoutLine: {'line': b'-- Up-to-date: /home/dron/Praca-magisterska/ros2_ws/install/custom_msgs/share/custom_msgs/environment/ament_prefix_path.dsv\n'}
[3.428266] (custom_msgs) StdoutLine: {'line': b'-- Up-to-date: /home/dron/Praca-magisterska/ros2_ws/install/custom_msgs/share/custom_msgs/environment/path.sh\n'}
[3.428698] (custom_msgs) StdoutLine: {'line': b'-- Up-to-date: /home/dron/Praca-magisterska/ros2_ws/install/custom_msgs/share/custom_msgs/environment/path.dsv\n'}
[3.429091] (custom_msgs) StdoutLine: {'line': b'-- Up-to-date: /home/dron/Praca-magisterska/ros2_ws/install/custom_msgs/share/custom_msgs/local_setup.bash\n'}
[3.429713] (custom_msgs) StdoutLine: {'line': b'-- Up-to-date: /home/dron/Praca-magisterska/ros2_ws/install/custom_msgs/share/custom_msgs/local_setup.sh\n'}
[3.430132] (custom_msgs) StdoutLine: {'line': b'-- Up-to-date: /home/dron/Praca-magisterska/ros2_ws/install/custom_msgs/share/custom_msgs/local_setup.zsh\n'}
[3.430504] (custom_msgs) StdoutLine: {'line': b'-- Up-to-date: /home/dron/Praca-magisterska/ros2_ws/install/custom_msgs/share/custom_msgs/local_setup.dsv\n'}
[3.430843] (custom_msgs) StdoutLine: {'line': b'-- Installing: /home/dron/Praca-magisterska/ros2_ws/install/custom_msgs/share/custom_msgs/package.dsv\n'}
[3.431189] (custom_msgs) StdoutLine: {'line': b'-- Up-to-date: /home/dron/Praca-magisterska/ros2_ws/install/custom_msgs/share/ament_index/resource_index/packages/custom_msgs\n'}
[3.432127] (custom_msgs) StdoutLine: {'line': b'-- Up-to-date: /home/dron/Praca-magisterska/ros2_ws/install/custom_msgs/share/custom_msgs/cmake/export_custom_msgs__rosidl_generator_cExport.cmake\n'}
[3.432757] (custom_msgs) StdoutLine: {'line': b'-- Up-to-date: /home/dron/Praca-magisterska/ros2_ws/install/custom_msgs/share/custom_msgs/cmake/export_custom_msgs__rosidl_generator_cExport-noconfig.cmake\n'}
[3.435697] (custom_msgs) StdoutLine: {'line': b'-- Up-to-date: /home/dron/Praca-magisterska/ros2_ws/install/custom_msgs/share/custom_msgs/cmake/export_custom_msgs__rosidl_typesupport_fastrtps_cExport.cmake\n'}
[3.436389] (custom_msgs) StdoutLine: {'line': b'-- Up-to-date: /home/dron/Praca-magisterska/ros2_ws/install/custom_msgs/share/custom_msgs/cmake/export_custom_msgs__rosidl_typesupport_fastrtps_cExport-noconfig.cmake\n'}
[3.440018] (custom_msgs) StdoutLine: {'line': b'-- Up-to-date: /home/dron/Praca-magisterska/ros2_ws/install/custom_msgs/share/custom_msgs/cmake/custom_msgs__rosidl_typesupport_introspection_cExport.cmake\n'}
[3.440850] (custom_msgs) StdoutLine: {'line': b'-- Up-to-date: /home/dron/Praca-magisterska/ros2_ws/install/custom_msgs/share/custom_msgs/cmake/custom_msgs__rosidl_typesupport_introspection_cExport-noconfig.cmake\n'}
[3.444220] (custom_msgs) StdoutLine: {'line': b'-- Up-to-date: /home/dron/Praca-magisterska/ros2_ws/install/custom_msgs/share/custom_msgs/cmake/custom_msgs__rosidl_typesupport_cExport.cmake\n'}
[3.444918] (custom_msgs) StdoutLine: {'line': b'-- Up-to-date: /home/dron/Praca-magisterska/ros2_ws/install/custom_msgs/share/custom_msgs/cmake/custom_msgs__rosidl_typesupport_cExport-noconfig.cmake\n'}
[3.448340] (custom_msgs) StdoutLine: {'line': b'-- Up-to-date: /home/dron/Praca-magisterska/ros2_ws/install/custom_msgs/share/custom_msgs/cmake/export_custom_msgs__rosidl_generator_cppExport.cmake\n'}
[3.451511] (custom_msgs) StdoutLine: {'line': b'-- Up-to-date: /home/dron/Praca-magisterska/ros2_ws/install/custom_msgs/share/custom_msgs/cmake/export_custom_msgs__rosidl_typesupport_fastrtps_cppExport.cmake\n'}
[3.452466] (custom_msgs) StdoutLine: {'line': b'-- Up-to-date: /home/dron/Praca-magisterska/ros2_ws/install/custom_msgs/share/custom_msgs/cmake/export_custom_msgs__rosidl_typesupport_fastrtps_cppExport-noconfig.cmake\n'}
[3.455750] (custom_msgs) StdoutLine: {'line': b'-- Up-to-date: /home/dron/Praca-magisterska/ros2_ws/install/custom_msgs/share/custom_msgs/cmake/custom_msgs__rosidl_typesupport_introspection_cppExport.cmake\n'}
[3.457234] (custom_msgs) StdoutLine: {'line': b'-- Up-to-date: /home/dron/Praca-magisterska/ros2_ws/install/custom_msgs/share/custom_msgs/cmake/custom_msgs__rosidl_typesupport_introspection_cppExport-noconfig.cmake\n'}
[3.463398] (custom_msgs) StdoutLine: {'line': b'-- Up-to-date: /home/dron/Praca-magisterska/ros2_ws/install/custom_msgs/share/custom_msgs/cmake/custom_msgs__rosidl_typesupport_cppExport.cmake\n'}
[3.464344] (custom_msgs) StdoutLine: {'line': b'-- Up-to-date: /home/dron/Praca-magisterska/ros2_ws/install/custom_msgs/share/custom_msgs/cmake/custom_msgs__rosidl_typesupport_cppExport-noconfig.cmake\n'}
[3.467461] (custom_msgs) StdoutLine: {'line': b'-- Up-to-date: /home/dron/Praca-magisterska/ros2_ws/install/custom_msgs/share/custom_msgs/cmake/export_custom_msgs__rosidl_generator_pyExport.cmake\n'}
[3.468669] (custom_msgs) StdoutLine: {'line': b'-- Up-to-date: /home/dron/Praca-magisterska/ros2_ws/install/custom_msgs/share/custom_msgs/cmake/export_custom_msgs__rosidl_generator_pyExport-noconfig.cmake\n'}
[3.469771] (custom_msgs) StdoutLine: {'line': b'-- Up-to-date: /home/dron/Praca-magisterska/ros2_ws/install/custom_msgs/share/custom_msgs/cmake/rosidl_cmake-extras.cmake\n'}
[3.471162] (custom_msgs) StdoutLine: {'line': b'-- Up-to-date: /home/dron/Praca-magisterska/ros2_ws/install/custom_msgs/share/custom_msgs/cmake/ament_cmake_export_include_directories-extras.cmake\n'}
[3.472230] (custom_msgs) StdoutLine: {'line': b'-- Up-to-date: /home/dron/Praca-magisterska/ros2_ws/install/custom_msgs/share/custom_msgs/cmake/ament_cmake_export_libraries-extras.cmake\n'}
[3.473460] (custom_msgs) StdoutLine: {'line': b'-- Up-to-date: /home/dron/Praca-magisterska/ros2_ws/install/custom_msgs/share/custom_msgs/cmake/ament_cmake_export_targets-extras.cmake\n'}
[3.474602] (custom_msgs) StdoutLine: {'line': b'-- Up-to-date: /home/dron/Praca-magisterska/ros2_ws/install/custom_msgs/share/custom_msgs/cmake/rosidl_cmake_export_typesupport_targets-extras.cmake\n'}
[3.475815] (custom_msgs) StdoutLine: {'line': b'-- Up-to-date: /home/dron/Praca-magisterska/ros2_ws/install/custom_msgs/share/custom_msgs/cmake/ament_cmake_export_dependencies-extras.cmake\n'}
[3.476816] (custom_msgs) StdoutLine: {'line': b'-- Up-to-date: /home/dron/Praca-magisterska/ros2_ws/install/custom_msgs/share/custom_msgs/cmake/rosidl_cmake_export_typesupport_libraries-extras.cmake\n'}
[3.477405] (custom_msgs) StdoutLine: {'line': b'-- Up-to-date: /home/dron/Praca-magisterska/ros2_ws/install/custom_msgs/share/custom_msgs/cmake/custom_msgsConfig.cmake\n'}
[3.478172] (custom_msgs) StdoutLine: {'line': b'-- Up-to-date: /home/dron/Praca-magisterska/ros2_ws/install/custom_msgs/share/custom_msgs/cmake/custom_msgsConfig-version.cmake\n'}
[3.478857] (custom_msgs) StdoutLine: {'line': b'-- Up-to-date: /home/dron/Praca-magisterska/ros2_ws/install/custom_msgs/share/custom_msgs/package.xml\n'}
[3.484273] (custom_msgs) CommandEnded: {'returncode': 0}
[3.518407] (-) TimerEvent: {}
[3.580576] (custom_msgs) JobEnded: {'identifier': 'custom_msgs', 'rc': 0}
[3.585323] (estimator_pkg) JobStarted: {'identifier': 'estimator_pkg'}
[3.612158] (flask_pkg) JobStarted: {'identifier': 'flask_pkg'}
[3.618669] (-) TimerEvent: {}
[3.645416] (flight_controller_pkg) JobStarted: {'identifier': 'flight_controller_pkg'}
[3.718872] (-) TimerEvent: {}
[3.819792] (-) TimerEvent: {}
[3.921050] (-) TimerEvent: {}
[4.022216] (-) TimerEvent: {}
[4.123030] (-) TimerEvent: {}
[4.223763] (-) TimerEvent: {}
[4.324478] (-) TimerEvent: {}
[4.425175] (-) TimerEvent: {}
[4.525894] (-) TimerEvent: {}
[4.626680] (-) TimerEvent: {}
[4.727510] (-) TimerEvent: {}
[4.828346] (-) TimerEvent: {}
[4.929399] (-) TimerEvent: {}
[5.030275] (-) TimerEvent: {}
[5.131095] (-) TimerEvent: {}
[5.231837] (-) TimerEvent: {}
[5.332628] (-) TimerEvent: {}
[5.433375] (-) TimerEvent: {}
[5.534095] (-) TimerEvent: {}
[5.634822] (-) TimerEvent: {}
[5.735547] (-) TimerEvent: {}
[5.836275] (-) TimerEvent: {}
[5.937101] (-) TimerEvent: {}
[6.038151] (-) TimerEvent: {}
[6.138919] (-) TimerEvent: {}
[6.239675] (-) TimerEvent: {}
[6.340401] (-) TimerEvent: {}
[6.441093] (-) TimerEvent: {}
[6.541823] (-) TimerEvent: {}
[6.642646] (-) TimerEvent: {}
[6.743325] (-) TimerEvent: {}
[6.844003] (-) TimerEvent: {}
[6.944725] (-) TimerEvent: {}
[7.045576] (-) TimerEvent: {}
[7.129471] (my_py_pkg) Command: {'cmd': ['/usr/bin/python3', '-W', 'ignore:setup.py install is deprecated', '-W', 'ignore:easy_install command is deprecated', 'setup.py', 'egg_info', '--egg-base', '../../build/my_py_pkg', 'build', '--build-base', '/home/dron/Praca-magisterska/ros2_ws/build/my_py_pkg/build', 'install', '--record', '/home/dron/Praca-magisterska/ros2_ws/build/my_py_pkg/install.log', '--single-version-externally-managed', 'install_data'], 'cwd': '/home/dron/Praca-magisterska/ros2_ws/src/my_py_pkg', 'env': {'LESSOPEN': '| /usr/bin/lesspipe %s', 'USER': 'dron', 'SSH_CLIENT': 'fe80::73bc:b5b3:a668:f352%wlan0 52816 22', 'XDG_SESSION_TYPE': 'tty', 'SHLVL': '1', 'LD_LIBRARY_PATH': '/home/dron/Praca-magisterska/ros2_ws/install/custom_msgs/lib:/opt/ros/humble/lib/aarch64-linux-gnu:/opt/ros/humble/lib', 'MOTD_SHOWN': 'pam', 'HOME': '/home/dron', 'OLDPWD': '/home/dron', 'SSH_TTY': '/dev/pts/0', 'ROS_PYTHON_VERSION': '3', 'PS1': '(venv) \\[\\e]0;\\u@\\h: \\w\\a\\]${debian_chroot:+($debian_chroot)}\\u@\\h:\\w\\$', 'DBUS_SESSION_BUS_ADDRESS': 'unix:path=/run/user/1000/bus', 'COLCON_PREFIX_PATH': '/home/dron/Praca-magisterska/ros2_ws/install', 'ROS_DISTRO': 'humble', 'LOGNAME': 'dron', '_': '/usr/bin/colcon', 'ROS_VERSION': '2', 'XDG_SESSION_CLASS': 'user', 'TERM': 'xterm', 'XDG_SESSION_ID': '1', 'ROS_LOCALHOST_ONLY': '0', 'PATH': '/opt/ros/humble/bin:/home/rosbot/ros2_ws/venv/bin:/usr/local/sbin:/usr/local/bin:/usr/sbin:/usr/bin:/sbin:/bin:/usr/games:/usr/local/games:/snap/bin', 'XDG_RUNTIME_DIR': '/run/user/1000', 'LANG': 'C.UTF-8', 'VIRTUAL_ENV_PROMPT': '(venv)', 'LS_COLORS': 'rs=0:di=01;34:ln=01;36:mh=00:pi=40;33:so=01;35:do=01;35:bd=40;33;01:cd=40;33;01:or=40;31;01:mi=00:su=37;41:sg=30;43:ca=30;41:tw=30;42:ow=34;42:st=37;44:ex=01;32:*.tar=01;31:*.tgz=01;31:*.arc=01;31:*.arj=01;31:*.taz=01;31:*.lha=01;31:*.lz4=01;31:*.lzh=01;31:*.lzma=01;31:*.tlz=01;31:*.txz=01;31:*.tzo=01;31:*.t7z=01;31:*.zip=01;31:*.z=01;31:*.dz=01;31:*.gz=01;31:*.lrz=01;31:*.lz=01;31:*.lzo=01;31:*.xz=01;31:*.zst=01;31:*.tzst=01;31:*.bz2=01;31:*.bz=01;31:*.tbz=01;31:*.tbz2=01;31:*.tz=01;31:*.deb=01;31:*.rpm=01;31:*.jar=01;31:*.war=01;31:*.ear=01;31:*.sar=01;31:*.rar=01;31:*.alz=01;31:*.ace=01;31:*.zoo=01;31:*.cpio=01;31:*.7z=01;31:*.rz=01;31:*.cab=01;31:*.wim=01;31:*.swm=01;31:*.dwm=01;31:*.esd=01;31:*.jpg=01;35:*.jpeg=01;35:*.mjpg=01;35:*.mjpeg=01;35:*.gif=01;35:*.bmp=01;35:*.pbm=01;35:*.pgm=01;35:*.ppm=01;35:*.tga=01;35:*.xbm=01;35:*.xpm=01;35:*.tif=01;35:*.tiff=01;35:*.png=01;35:*.svg=01;35:*.svgz=01;35:*.mng=01;35:*.pcx=01;35:*.mov=01;35:*.mpg=01;35:*.mpeg=01;35:*.m2v=01;35:*.mkv=01;35:*.webm=01;35:*.webp=01;35:*.ogm=01;35:*.mp4=01;35:*.m4v=01;35:*.mp4v=01;35:*.vob=01;35:*.qt=01;35:*.nuv=01;35:*.wmv=01;35:*.asf=01;35:*.rm=01;35:*.rmvb=01;35:*.flc=01;35:*.avi=01;35:*.fli=01;35:*.flv=01;35:*.gl=01;35:*.dl=01;35:*.xcf=01;35:*.xwd=01;35:*.yuv=01;35:*.cgm=01;35:*.emf=01;35:*.ogv=01;35:*.ogx=01;35:*.aac=00;36:*.au=00;36:*.flac=00;36:*.m4a=00;36:*.mid=00;36:*.midi=00;36:*.mka=00;36:*.mp3=00;36:*.mpc=00;36:*.ogg=00;36:*.ra=00;36:*.wav=00;36:*.oga=00;36:*.opus=00;36:*.spx=00;36:*.xspf=00;36:', 'AMENT_PREFIX_PATH': '/home/dron/Praca-magisterska/ros2_ws/install/um7_pkg:/home/dron/Praca-magisterska/ros2_ws/install/my_py_pkg:/home/dron/Praca-magisterska/ros2_ws/install/my_cpp_pkg:/home/dron/Praca-magisterska/ros2_ws/install/log_data_pkg:/home/dron/Praca-magisterska/ros2_ws/install/flight_controller_pkg:/home/dron/Praca-magisterska/ros2_ws/install/flask_pkg:/home/dron/Praca-magisterska/ros2_ws/install/estimator_pkg:/home/dron/Praca-magisterska/ros2_ws/install/custom_msgs:/opt/ros/humble', 'SHELL': '/bin/bash', 'LESSCLOSE': '/usr/bin/lesspipe %s %s', 'VIRTUAL_ENV': '/home/rosbot/ros2_ws/venv', 'PWD': '/home/dron/Praca-magisterska/ros2_ws/build/my_py_pkg', 'SSH_CONNECTION': 'fe80::73bc:b5b3:a668:f352%wlan0 52816 fe80::da3a:ddff:fe3f:f331%wlan0 22', 'XDG_DATA_DIRS': '/usr/local/share:/usr/share:/var/lib/snapd/desktop', 'PYTHONPATH': '/home/dron/Praca-magisterska/ros2_ws/build/my_py_pkg/prefix_override:/usr/lib/python3/dist-packages/colcon_core/task/python/colcon_distutils_commands:/home/dron/Praca-magisterska/ros2_ws/install/my_py_pkg/lib/python3.10/site-packages:/home/dron/Praca-magisterska/ros2_ws/install/um7_pkg/lib/python3.10/site-packages:/home/dron/Praca-magisterska/ros2_ws/install/my_py_pkg/lib/python3.10/site-packages:/home/dron/Praca-magisterska/ros2_ws/install/log_data_pkg/lib/python3.10/site-packages:/home/dron/Praca-magisterska/ros2_ws/install/flight_controller_pkg/lib/python3.10/site-packages:/home/dron/Praca-magisterska/ros2_ws/install/flask_pkg/lib/python3.10/site-packages:/home/dron/Praca-magisterska/ros2_ws/install/estimator_pkg/lib/python3.10/site-packages:/home/dron/Praca-magisterska/ros2_ws/install/custom_msgs/local/lib/python3.10/dist-packages:/opt/ros/humble/lib/python3.10/site-packages:/opt/ros/humble/local/lib/python3.10/dist-packages::/home/dron/Praca-magisterska/ros2_ws/venv/lib/python3.12/site-packages', 'COLCON': '1', 'CMAKE_PREFIX_PATH': '/home/dron/Praca-magisterska/ros2_ws/install/my_cpp_pkg:/home/dron/Praca-magisterska/ros2_ws/install/custom_msgs'}, 'shell': False}
[7.145810] (-) TimerEvent: {}
[7.248682] (-) TimerEvent: {}
[7.349634] (-) TimerEvent: {}
[7.450588] (-) TimerEvent: {}
[7.551556] (-) TimerEvent: {}
[7.652559] (-) TimerEvent: {}
[7.753514] (-) TimerEvent: {}
[7.854367] (-) TimerEvent: {}
[7.955300] (-) TimerEvent: {}
[8.056144] (-) TimerEvent: {}
[8.157057] (-) TimerEvent: {}
[8.257995] (-) TimerEvent: {}
[8.358996] (-) TimerEvent: {}
[8.459881] (-) TimerEvent: {}
[8.560807] (-) TimerEvent: {}
[8.597016] (my_py_pkg) StdoutLine: {'line': b'running egg_info\n'}
[8.601462] (my_py_pkg) StdoutLine: {'line': b'writing ../../build/my_py_pkg/my_py_pkg.egg-info/PKG-INFO\n'}
[8.605082] (my_py_pkg) StdoutLine: {'line': b'writing dependency_links to ../../build/my_py_pkg/my_py_pkg.egg-info/dependency_links.txt\n'}
[8.608704] (my_py_pkg) StdoutLine: {'line': b'writing entry points to ../../build/my_py_pkg/my_py_pkg.egg-info/entry_points.txt\n'}
[8.611499] (my_py_pkg) StdoutLine: {'line': b'writing requirements to ../../build/my_py_pkg/my_py_pkg.egg-info/requires.txt\n'}
[8.613907] (my_py_pkg) StdoutLine: {'line': b'writing top-level names to ../../build/my_py_pkg/my_py_pkg.egg-info/top_level.txt\n'}
[8.625819] (my_py_pkg) StdoutLine: {'line': b"reading manifest file '../../build/my_py_pkg/my_py_pkg.egg-info/SOURCES.txt'\n"}
[8.631267] (my_py_pkg) StdoutLine: {'line': b"writing manifest file '../../build/my_py_pkg/my_py_pkg.egg-info/SOURCES.txt'\n"}
[8.633437] (my_py_pkg) StdoutLine: {'line': b'running build\n'}
[8.634111] (my_py_pkg) StdoutLine: {'line': b'running build_py\n'}
[8.637377] (my_py_pkg) StdoutLine: {'line': b'running install\n'}
[8.639938] (my_py_pkg) StdoutLine: {'line': b'running install_lib\n'}
[8.648276] (my_py_pkg) StdoutLine: {'line': b'running install_data\n'}
[8.650107] (my_py_pkg) StdoutLine: {'line': b'running install_egg_info\n'}
[8.660683] (my_py_pkg) StdoutLine: {'line': b"removing '/home/dron/Praca-magisterska/ros2_ws/install/my_py_pkg/lib/python3.10/site-packages/my_py_pkg-0.0.0-py3.10.egg-info' (and everything under it)\n"}
[8.661383] (-) TimerEvent: {}
[8.672930] (my_py_pkg) StdoutLine: {'line': b'Copying ../../build/my_py_pkg/my_py_pkg.egg-info to /home/dron/Praca-magisterska/ros2_ws/install/my_py_pkg/lib/python3.10/site-packages/my_py_pkg-0.0.0-py3.10.egg-info\n'}
[8.690152] (my_py_pkg) StdoutLine: {'line': b'running install_scripts\n'}
[8.761796] (-) TimerEvent: {}
[8.804383] (my_py_pkg) StdoutLine: {'line': b'Installing py_node script to /home/dron/Praca-magisterska/ros2_ws/install/my_py_pkg/lib/my_py_pkg\n'}
[8.809509] (my_py_pkg) StdoutLine: {'line': b"writing list of installed files to '/home/dron/Praca-magisterska/ros2_ws/build/my_py_pkg/install.log'\n"}
[8.862097] (-) TimerEvent: {}
[8.963259] (-) TimerEvent: {}
[8.978553] (my_py_pkg) CommandEnded: {'returncode': 0}
[9.043075] (my_py_pkg) JobEnded: {'identifier': 'my_py_pkg', 'rc': 0}
[9.047206] (log_data_pkg) JobStarted: {'identifier': 'log_data_pkg'}
[9.063736] (-) TimerEvent: {}
[9.165279] (-) TimerEvent: {}
[9.267139] (-) TimerEvent: {}
[9.368815] (-) TimerEvent: {}
[9.470946] (-) TimerEvent: {}
[9.572162] (-) TimerEvent: {}
[9.672972] (-) TimerEvent: {}
[9.773696] (-) TimerEvent: {}
[9.874416] (-) TimerEvent: {}
[9.975112] (-) TimerEvent: {}
[10.075782] (-) TimerEvent: {}
[10.176471] (-) TimerEvent: {}
[10.277182] (-) TimerEvent: {}
[10.377985] (-) TimerEvent: {}
[10.459361] (estimator_pkg) Command: {'cmd': ['/usr/bin/python3', '-W', 'ignore:setup.py install is deprecated', '-W', 'ignore:easy_install command is deprecated', 'setup.py', 'egg_info', '--egg-base', '../../build/estimator_pkg', 'build', '--build-base', '/home/dron/Praca-magisterska/ros2_ws/build/estimator_pkg/build', 'install', '--record', '/home/dron/Praca-magisterska/ros2_ws/build/estimator_pkg/install.log', '--single-version-externally-managed', 'install_data'], 'cwd': '/home/dron/Praca-magisterska/ros2_ws/src/estimator_pkg', 'env': {'LESSOPEN': '| /usr/bin/lesspipe %s', 'USER': 'dron', 'SSH_CLIENT': 'fe80::73bc:b5b3:a668:f352%wlan0 52816 22', 'XDG_SESSION_TYPE': 'tty', 'SHLVL': '1', 'LD_LIBRARY_PATH': '/home/dron/Praca-magisterska/ros2_ws/install/custom_msgs/lib:/opt/ros/humble/lib/aarch64-linux-gnu:/opt/ros/humble/lib', 'MOTD_SHOWN': 'pam', 'HOME': '/home/dron', 'OLDPWD': '/home/dron', 'SSH_TTY': '/dev/pts/0', 'ROS_PYTHON_VERSION': '3', 'PS1': '(venv) \\[\\e]0;\\u@\\h: \\w\\a\\]${debian_chroot:+($debian_chroot)}\\u@\\h:\\w\\$', 'DBUS_SESSION_BUS_ADDRESS': 'unix:path=/run/user/1000/bus', 'COLCON_PREFIX_PATH': '/home/dron/Praca-magisterska/ros2_ws/install', 'ROS_DISTRO': 'humble', 'LOGNAME': 'dron', '_': '/usr/bin/colcon', 'ROS_VERSION': '2', 'XDG_SESSION_CLASS': 'user', 'TERM': 'xterm', 'XDG_SESSION_ID': '1', 'ROS_LOCALHOST_ONLY': '0', 'PATH': '/opt/ros/humble/bin:/home/rosbot/ros2_ws/venv/bin:/usr/local/sbin:/usr/local/bin:/usr/sbin:/usr/bin:/sbin:/bin:/usr/games:/usr/local/games:/snap/bin', 'XDG_RUNTIME_DIR': '/run/user/1000', 'LANG': 'C.UTF-8', 'VIRTUAL_ENV_PROMPT': '(venv)', 'LS_COLORS': 'rs=0:di=01;34:ln=01;36:mh=00:pi=40;33:so=01;35:do=01;35:bd=40;33;01:cd=40;33;01:or=40;31;01:mi=00:su=37;41:sg=30;43:ca=30;41:tw=30;42:ow=34;42:st=37;44:ex=01;32:*.tar=01;31:*.tgz=01;31:*.arc=01;31:*.arj=01;31:*.taz=01;31:*.lha=01;31:*.lz4=01;31:*.lzh=01;31:*.lzma=01;31:*.tlz=01;31:*.txz=01;31:*.tzo=01;31:*.t7z=01;31:*.zip=01;31:*.z=01;31:*.dz=01;31:*.gz=01;31:*.lrz=01;31:*.lz=01;31:*.lzo=01;31:*.xz=01;31:*.zst=01;31:*.tzst=01;31:*.bz2=01;31:*.bz=01;31:*.tbz=01;31:*.tbz2=01;31:*.tz=01;31:*.deb=01;31:*.rpm=01;31:*.jar=01;31:*.war=01;31:*.ear=01;31:*.sar=01;31:*.rar=01;31:*.alz=01;31:*.ace=01;31:*.zoo=01;31:*.cpio=01;31:*.7z=01;31:*.rz=01;31:*.cab=01;31:*.wim=01;31:*.swm=01;31:*.dwm=01;31:*.esd=01;31:*.jpg=01;35:*.jpeg=01;35:*.mjpg=01;35:*.mjpeg=01;35:*.gif=01;35:*.bmp=01;35:*.pbm=01;35:*.pgm=01;35:*.ppm=01;35:*.tga=01;35:*.xbm=01;35:*.xpm=01;35:*.tif=01;35:*.tiff=01;35:*.png=01;35:*.svg=01;35:*.svgz=01;35:*.mng=01;35:*.pcx=01;35:*.mov=01;35:*.mpg=01;35:*.mpeg=01;35:*.m2v=01;35:*.mkv=01;35:*.webm=01;35:*.webp=01;35:*.ogm=01;35:*.mp4=01;35:*.m4v=01;35:*.mp4v=01;35:*.vob=01;35:*.qt=01;35:*.nuv=01;35:*.wmv=01;35:*.asf=01;35:*.rm=01;35:*.rmvb=01;35:*.flc=01;35:*.avi=01;35:*.fli=01;35:*.flv=01;35:*.gl=01;35:*.dl=01;35:*.xcf=01;35:*.xwd=01;35:*.yuv=01;35:*.cgm=01;35:*.emf=01;35:*.ogv=01;35:*.ogx=01;35:*.aac=00;36:*.au=00;36:*.flac=00;36:*.m4a=00;36:*.mid=00;36:*.midi=00;36:*.mka=00;36:*.mp3=00;36:*.mpc=00;36:*.ogg=00;36:*.ra=00;36:*.wav=00;36:*.oga=00;36:*.opus=00;36:*.spx=00;36:*.xspf=00;36:', 'AMENT_PREFIX_PATH': '/home/dron/Praca-magisterska/ros2_ws/install/um7_pkg:/home/dron/Praca-magisterska/ros2_ws/install/my_py_pkg:/home/dron/Praca-magisterska/ros2_ws/install/my_cpp_pkg:/home/dron/Praca-magisterska/ros2_ws/install/log_data_pkg:/home/dron/Praca-magisterska/ros2_ws/install/flight_controller_pkg:/home/dron/Praca-magisterska/ros2_ws/install/flask_pkg:/home/dron/Praca-magisterska/ros2_ws/install/estimator_pkg:/home/dron/Praca-magisterska/ros2_ws/install/custom_msgs:/opt/ros/humble', 'SHELL': '/bin/bash', 'LESSCLOSE': '/usr/bin/lesspipe %s %s', 'VIRTUAL_ENV': '/home/rosbot/ros2_ws/venv', 'PWD': '/home/dron/Praca-magisterska/ros2_ws/build/estimator_pkg', 'SSH_CONNECTION': 'fe80::73bc:b5b3:a668:f352%wlan0 52816 fe80::da3a:ddff:fe3f:f331%wlan0 22', 'XDG_DATA_DIRS': '/usr/local/share:/usr/share:/var/lib/snapd/desktop', 'PYTHONPATH': '/home/dron/Praca-magisterska/ros2_ws/build/estimator_pkg/prefix_override:/usr/lib/python3/dist-packages/colcon_core/task/python/colcon_distutils_commands:/home/dron/Praca-magisterska/ros2_ws/install/estimator_pkg/lib/python3.10/site-packages:/home/dron/Praca-magisterska/ros2_ws/install/um7_pkg/lib/python3.10/site-packages:/home/dron/Praca-magisterska/ros2_ws/install/my_py_pkg/lib/python3.10/site-packages:/home/dron/Praca-magisterska/ros2_ws/install/log_data_pkg/lib/python3.10/site-packages:/home/dron/Praca-magisterska/ros2_ws/install/flight_controller_pkg/lib/python3.10/site-packages:/home/dron/Praca-magisterska/ros2_ws/install/flask_pkg/lib/python3.10/site-packages:/home/dron/Praca-magisterska/ros2_ws/install/estimator_pkg/lib/python3.10/site-packages:/home/dron/Praca-magisterska/ros2_ws/install/custom_msgs/local/lib/python3.10/dist-packages:/opt/ros/humble/lib/python3.10/site-packages:/opt/ros/humble/local/lib/python3.10/dist-packages::/home/dron/Praca-magisterska/ros2_ws/venv/lib/python3.12/site-packages', 'COLCON': '1', 'CMAKE_PREFIX_PATH': '/home/dron/Praca-magisterska/ros2_ws/install/custom_msgs:/home/dron/Praca-magisterska/ros2_ws/install/my_cpp_pkg'}, 'shell': False}
[10.478818] (-) TimerEvent: {}
[10.480966] (flask_pkg) Command: {'cmd': ['/usr/bin/python3', '-W', 'ignore:setup.py install is deprecated', '-W', 'ignore:easy_install command is deprecated', 'setup.py', 'egg_info', '--egg-base', '../../build/flask_pkg', 'build', '--build-base', '/home/dron/Praca-magisterska/ros2_ws/build/flask_pkg/build', 'install', '--record', '/home/dron/Praca-magisterska/ros2_ws/build/flask_pkg/install.log', '--single-version-externally-managed', 'install_data'], 'cwd': '/home/dron/Praca-magisterska/ros2_ws/src/flask_pkg', 'env': {'LESSOPEN': '| /usr/bin/lesspipe %s', 'USER': 'dron', 'SSH_CLIENT': 'fe80::73bc:b5b3:a668:f352%wlan0 52816 22', 'XDG_SESSION_TYPE': 'tty', 'SHLVL': '1', 'LD_LIBRARY_PATH': '/home/dron/Praca-magisterska/ros2_ws/install/custom_msgs/lib:/opt/ros/humble/lib/aarch64-linux-gnu:/opt/ros/humble/lib', 'MOTD_SHOWN': 'pam', 'HOME': '/home/dron', 'OLDPWD': '/home/dron', 'SSH_TTY': '/dev/pts/0', 'ROS_PYTHON_VERSION': '3', 'PS1': '(venv) \\[\\e]0;\\u@\\h: \\w\\a\\]${debian_chroot:+($debian_chroot)}\\u@\\h:\\w\\$', 'DBUS_SESSION_BUS_ADDRESS': 'unix:path=/run/user/1000/bus', 'COLCON_PREFIX_PATH': '/home/dron/Praca-magisterska/ros2_ws/install', 'ROS_DISTRO': 'humble', 'LOGNAME': 'dron', '_': '/usr/bin/colcon', 'ROS_VERSION': '2', 'XDG_SESSION_CLASS': 'user', 'TERM': 'xterm', 'XDG_SESSION_ID': '1', 'ROS_LOCALHOST_ONLY': '0', 'PATH': '/opt/ros/humble/bin:/home/rosbot/ros2_ws/venv/bin:/usr/local/sbin:/usr/local/bin:/usr/sbin:/usr/bin:/sbin:/bin:/usr/games:/usr/local/games:/snap/bin', 'XDG_RUNTIME_DIR': '/run/user/1000', 'LANG': 'C.UTF-8', 'VIRTUAL_ENV_PROMPT': '(venv)', 'LS_COLORS': 'rs=0:di=01;34:ln=01;36:mh=00:pi=40;33:so=01;35:do=01;35:bd=40;33;01:cd=40;33;01:or=40;31;01:mi=00:su=37;41:sg=30;43:ca=30;41:tw=30;42:ow=34;42:st=37;44:ex=01;32:*.tar=01;31:*.tgz=01;31:*.arc=01;31:*.arj=01;31:*.taz=01;31:*.lha=01;31:*.lz4=01;31:*.lzh=01;31:*.lzma=01;31:*.tlz=01;31:*.txz=01;31:*.tzo=01;31:*.t7z=01;31:*.zip=01;31:*.z=01;31:*.dz=01;31:*.gz=01;31:*.lrz=01;31:*.lz=01;31:*.lzo=01;31:*.xz=01;31:*.zst=01;31:*.tzst=01;31:*.bz2=01;31:*.bz=01;31:*.tbz=01;31:*.tbz2=01;31:*.tz=01;31:*.deb=01;31:*.rpm=01;31:*.jar=01;31:*.war=01;31:*.ear=01;31:*.sar=01;31:*.rar=01;31:*.alz=01;31:*.ace=01;31:*.zoo=01;31:*.cpio=01;31:*.7z=01;31:*.rz=01;31:*.cab=01;31:*.wim=01;31:*.swm=01;31:*.dwm=01;31:*.esd=01;31:*.jpg=01;35:*.jpeg=01;35:*.mjpg=01;35:*.mjpeg=01;35:*.gif=01;35:*.bmp=01;35:*.pbm=01;35:*.pgm=01;35:*.ppm=01;35:*.tga=01;35:*.xbm=01;35:*.xpm=01;35:*.tif=01;35:*.tiff=01;35:*.png=01;35:*.svg=01;35:*.svgz=01;35:*.mng=01;35:*.pcx=01;35:*.mov=01;35:*.mpg=01;35:*.mpeg=01;35:*.m2v=01;35:*.mkv=01;35:*.webm=01;35:*.webp=01;35:*.ogm=01;35:*.mp4=01;35:*.m4v=01;35:*.mp4v=01;35:*.vob=01;35:*.qt=01;35:*.nuv=01;35:*.wmv=01;35:*.asf=01;35:*.rm=01;35:*.rmvb=01;35:*.flc=01;35:*.avi=01;35:*.fli=01;35:*.flv=01;35:*.gl=01;35:*.dl=01;35:*.xcf=01;35:*.xwd=01;35:*.yuv=01;35:*.cgm=01;35:*.emf=01;35:*.ogv=01;35:*.ogx=01;35:*.aac=00;36:*.au=00;36:*.flac=00;36:*.m4a=00;36:*.mid=00;36:*.midi=00;36:*.mka=00;36:*.mp3=00;36:*.mpc=00;36:*.ogg=00;36:*.ra=00;36:*.wav=00;36:*.oga=00;36:*.opus=00;36:*.spx=00;36:*.xspf=00;36:', 'AMENT_PREFIX_PATH': '/home/dron/Praca-magisterska/ros2_ws/install/um7_pkg:/home/dron/Praca-magisterska/ros2_ws/install/my_py_pkg:/home/dron/Praca-magisterska/ros2_ws/install/my_cpp_pkg:/home/dron/Praca-magisterska/ros2_ws/install/log_data_pkg:/home/dron/Praca-magisterska/ros2_ws/install/flight_controller_pkg:/home/dron/Praca-magisterska/ros2_ws/install/flask_pkg:/home/dron/Praca-magisterska/ros2_ws/install/estimator_pkg:/home/dron/Praca-magisterska/ros2_ws/install/custom_msgs:/opt/ros/humble', 'SHELL': '/bin/bash', 'LESSCLOSE': '/usr/bin/lesspipe %s %s', 'VIRTUAL_ENV': '/home/rosbot/ros2_ws/venv', 'PWD': '/home/dron/Praca-magisterska/ros2_ws/build/flask_pkg', 'SSH_CONNECTION': 'fe80::73bc:b5b3:a668:f352%wlan0 52816 fe80::da3a:ddff:fe3f:f331%wlan0 22', 'XDG_DATA_DIRS': '/usr/local/share:/usr/share:/var/lib/snapd/desktop', 'PYTHONPATH': '/home/dron/Praca-magisterska/ros2_ws/build/flask_pkg/prefix_override:/usr/lib/python3/dist-packages/colcon_core/task/python/colcon_distutils_commands:/home/dron/Praca-magisterska/ros2_ws/install/flask_pkg/lib/python3.10/site-packages:/home/dron/Praca-magisterska/ros2_ws/install/um7_pkg/lib/python3.10/site-packages:/home/dron/Praca-magisterska/ros2_ws/install/my_py_pkg/lib/python3.10/site-packages:/home/dron/Praca-magisterska/ros2_ws/install/log_data_pkg/lib/python3.10/site-packages:/home/dron/Praca-magisterska/ros2_ws/install/flight_controller_pkg/lib/python3.10/site-packages:/home/dron/Praca-magisterska/ros2_ws/install/flask_pkg/lib/python3.10/site-packages:/home/dron/Praca-magisterska/ros2_ws/install/estimator_pkg/lib/python3.10/site-packages:/home/dron/Praca-magisterska/ros2_ws/install/custom_msgs/local/lib/python3.10/dist-packages:/opt/ros/humble/lib/python3.10/site-packages:/opt/ros/humble/local/lib/python3.10/dist-packages::/home/dron/Praca-magisterska/ros2_ws/venv/lib/python3.12/site-packages', 'COLCON': '1', 'CMAKE_PREFIX_PATH': '/home/dron/Praca-magisterska/ros2_ws/install/custom_msgs:/home/dron/Praca-magisterska/ros2_ws/install/my_cpp_pkg'}, 'shell': False}
[10.492359] (flight_controller_pkg) Command: {'cmd': ['/usr/bin/python3', '-W', 'ignore:setup.py install is deprecated', '-W', 'ignore:easy_install command is deprecated', 'setup.py', 'egg_info', '--egg-base', '../../build/flight_controller_pkg', 'build', '--build-base', '/home/dron/Praca-magisterska/ros2_ws/build/flight_controller_pkg/build', 'install', '--record', '/home/dron/Praca-magisterska/ros2_ws/build/flight_controller_pkg/install.log', '--single-version-externally-managed', 'install_data'], 'cwd': '/home/dron/Praca-magisterska/ros2_ws/src/flight_controller_pkg', 'env': {'LESSOPEN': '| /usr/bin/lesspipe %s', 'USER': 'dron', 'SSH_CLIENT': 'fe80::73bc:b5b3:a668:f352%wlan0 52816 22', 'XDG_SESSION_TYPE': 'tty', 'SHLVL': '1', 'LD_LIBRARY_PATH': '/home/dron/Praca-magisterska/ros2_ws/install/custom_msgs/lib:/opt/ros/humble/lib/aarch64-linux-gnu:/opt/ros/humble/lib', 'MOTD_SHOWN': 'pam', 'HOME': '/home/dron', 'OLDPWD': '/home/dron', 'SSH_TTY': '/dev/pts/0', 'ROS_PYTHON_VERSION': '3', 'PS1': '(venv) \\[\\e]0;\\u@\\h: \\w\\a\\]${debian_chroot:+($debian_chroot)}\\u@\\h:\\w\\$', 'DBUS_SESSION_BUS_ADDRESS': 'unix:path=/run/user/1000/bus', 'COLCON_PREFIX_PATH': '/home/dron/Praca-magisterska/ros2_ws/install', 'ROS_DISTRO': 'humble', 'LOGNAME': 'dron', '_': '/usr/bin/colcon', 'ROS_VERSION': '2', 'XDG_SESSION_CLASS': 'user', 'TERM': 'xterm', 'XDG_SESSION_ID': '1', 'ROS_LOCALHOST_ONLY': '0', 'PATH': '/opt/ros/humble/bin:/home/rosbot/ros2_ws/venv/bin:/usr/local/sbin:/usr/local/bin:/usr/sbin:/usr/bin:/sbin:/bin:/usr/games:/usr/local/games:/snap/bin', 'XDG_RUNTIME_DIR': '/run/user/1000', 'LANG': 'C.UTF-8', 'VIRTUAL_ENV_PROMPT': '(venv)', 'LS_COLORS': 'rs=0:di=01;34:ln=01;36:mh=00:pi=40;33:so=01;35:do=01;35:bd=40;33;01:cd=40;33;01:or=40;31;01:mi=00:su=37;41:sg=30;43:ca=30;41:tw=30;42:ow=34;42:st=37;44:ex=01;32:*.tar=01;31:*.tgz=01;31:*.arc=01;31:*.arj=01;31:*.taz=01;31:*.lha=01;31:*.lz4=01;31:*.lzh=01;31:*.lzma=01;31:*.tlz=01;31:*.txz=01;31:*.tzo=01;31:*.t7z=01;31:*.zip=01;31:*.z=01;31:*.dz=01;31:*.gz=01;31:*.lrz=01;31:*.lz=01;31:*.lzo=01;31:*.xz=01;31:*.zst=01;31:*.tzst=01;31:*.bz2=01;31:*.bz=01;31:*.tbz=01;31:*.tbz2=01;31:*.tz=01;31:*.deb=01;31:*.rpm=01;31:*.jar=01;31:*.war=01;31:*.ear=01;31:*.sar=01;31:*.rar=01;31:*.alz=01;31:*.ace=01;31:*.zoo=01;31:*.cpio=01;31:*.7z=01;31:*.rz=01;31:*.cab=01;31:*.wim=01;31:*.swm=01;31:*.dwm=01;31:*.esd=01;31:*.jpg=01;35:*.jpeg=01;35:*.mjpg=01;35:*.mjpeg=01;35:*.gif=01;35:*.bmp=01;35:*.pbm=01;35:*.pgm=01;35:*.ppm=01;35:*.tga=01;35:*.xbm=01;35:*.xpm=01;35:*.tif=01;35:*.tiff=01;35:*.png=01;35:*.svg=01;35:*.svgz=01;35:*.mng=01;35:*.pcx=01;35:*.mov=01;35:*.mpg=01;35:*.mpeg=01;35:*.m2v=01;35:*.mkv=01;35:*.webm=01;35:*.webp=01;35:*.ogm=01;35:*.mp4=01;35:*.m4v=01;35:*.mp4v=01;35:*.vob=01;35:*.qt=01;35:*.nuv=01;35:*.wmv=01;35:*.asf=01;35:*.rm=01;35:*.rmvb=01;35:*.flc=01;35:*.avi=01;35:*.fli=01;35:*.flv=01;35:*.gl=01;35:*.dl=01;35:*.xcf=01;35:*.xwd=01;35:*.yuv=01;35:*.cgm=01;35:*.emf=01;35:*.ogv=01;35:*.ogx=01;35:*.aac=00;36:*.au=00;36:*.flac=00;36:*.m4a=00;36:*.mid=00;36:*.midi=00;36:*.mka=00;36:*.mp3=00;36:*.mpc=00;36:*.ogg=00;36:*.ra=00;36:*.wav=00;36:*.oga=00;36:*.opus=00;36:*.spx=00;36:*.xspf=00;36:', 'AMENT_PREFIX_PATH': '/home/dron/Praca-magisterska/ros2_ws/install/um7_pkg:/home/dron/Praca-magisterska/ros2_ws/install/my_py_pkg:/home/dron/Praca-magisterska/ros2_ws/install/my_cpp_pkg:/home/dron/Praca-magisterska/ros2_ws/install/log_data_pkg:/home/dron/Praca-magisterska/ros2_ws/install/flight_controller_pkg:/home/dron/Praca-magisterska/ros2_ws/install/flask_pkg:/home/dron/Praca-magisterska/ros2_ws/install/estimator_pkg:/home/dron/Praca-magisterska/ros2_ws/install/custom_msgs:/opt/ros/humble', 'SHELL': '/bin/bash', 'LESSCLOSE': '/usr/bin/lesspipe %s %s', 'VIRTUAL_ENV': '/home/rosbot/ros2_ws/venv', 'PWD': '/home/dron/Praca-magisterska/ros2_ws/build/flight_controller_pkg', 'SSH_CONNECTION': 'fe80::73bc:b5b3:a668:f352%wlan0 52816 fe80::da3a:ddff:fe3f:f331%wlan0 22', 'XDG_DATA_DIRS': '/usr/local/share:/usr/share:/var/lib/snapd/desktop', 'PYTHONPATH': '/home/dron/Praca-magisterska/ros2_ws/build/flight_controller_pkg/prefix_override:/usr/lib/python3/dist-packages/colcon_core/task/python/colcon_distutils_commands:/home/dron/Praca-magisterska/ros2_ws/install/flight_controller_pkg/lib/python3.10/site-packages:/home/dron/Praca-magisterska/ros2_ws/install/um7_pkg/lib/python3.10/site-packages:/home/dron/Praca-magisterska/ros2_ws/install/my_py_pkg/lib/python3.10/site-packages:/home/dron/Praca-magisterska/ros2_ws/install/log_data_pkg/lib/python3.10/site-packages:/home/dron/Praca-magisterska/ros2_ws/install/flight_controller_pkg/lib/python3.10/site-packages:/home/dron/Praca-magisterska/ros2_ws/install/flask_pkg/lib/python3.10/site-packages:/home/dron/Praca-magisterska/ros2_ws/install/estimator_pkg/lib/python3.10/site-packages:/home/dron/Praca-magisterska/ros2_ws/install/custom_msgs/local/lib/python3.10/dist-packages:/opt/ros/humble/lib/python3.10/site-packages:/opt/ros/humble/local/lib/python3.10/dist-packages::/home/dron/Praca-magisterska/ros2_ws/venv/lib/python3.12/site-packages', 'COLCON': '1', 'CMAKE_PREFIX_PATH': '/home/dron/Praca-magisterska/ros2_ws/install/custom_msgs:/home/dron/Praca-magisterska/ros2_ws/install/my_cpp_pkg'}, 'shell': False}
[10.579027] (-) TimerEvent: {}
[10.679978] (-) TimerEvent: {}
[10.780917] (-) TimerEvent: {}
[10.881897] (-) TimerEvent: {}
[10.982867] (-) TimerEvent: {}
[11.084128] (-) TimerEvent: {}
[11.184979] (-) TimerEvent: {}
[11.285795] (-) TimerEvent: {}
[11.386680] (-) TimerEvent: {}
[11.487521] (-) TimerEvent: {}
[11.588384] (-) TimerEvent: {}
[11.689293] (-) TimerEvent: {}
[11.790159] (-) TimerEvent: {}
[11.891099] (-) TimerEvent: {}
[11.925242] (flask_pkg) StdoutLine: {'line': b'running egg_info\n'}
[11.927209] (estimator_pkg) StdoutLine: {'line': b'running egg_info\n'}
[11.928983] (flask_pkg) StdoutLine: {'line': b'writing ../../build/flask_pkg/flask_pkg.egg-info/PKG-INFO\n'}
[11.930779] (flask_pkg) StdoutLine: {'line': b'writing dependency_links to ../../build/flask_pkg/flask_pkg.egg-info/dependency_links.txt\n'}
[11.932305] (flask_pkg) StdoutLine: {'line': b'writing entry points to ../../build/flask_pkg/flask_pkg.egg-info/entry_points.txt\n'}
[11.933787] (flask_pkg) StdoutLine: {'line': b'writing requirements to ../../build/flask_pkg/flask_pkg.egg-info/requires.txt\n'}
[11.935026] (flask_pkg) StdoutLine: {'line': b'writing top-level names to ../../build/flask_pkg/flask_pkg.egg-info/top_level.txt\n'}
[11.939747] (estimator_pkg) StdoutLine: {'line': b'writing ../../build/estimator_pkg/estimator_pkg.egg-info/PKG-INFO\n'}
[11.943449] (estimator_pkg) StdoutLine: {'line': b'writing dependency_links to ../../build/estimator_pkg/estimator_pkg.egg-info/dependency_links.txt\n'}
[11.944535] (flask_pkg) StdoutLine: {'line': b"reading manifest file '../../build/flask_pkg/flask_pkg.egg-info/SOURCES.txt'\n"}
[11.947742] (estimator_pkg) StdoutLine: {'line': b'writing entry points to ../../build/estimator_pkg/estimator_pkg.egg-info/entry_points.txt\n'}
[11.950141] (flask_pkg) StdoutLine: {'line': b"writing manifest file '../../build/flask_pkg/flask_pkg.egg-info/SOURCES.txt'\n"}
[11.950952] (flask_pkg) StdoutLine: {'line': b'running build\n'}
[11.951590] (flask_pkg) StdoutLine: {'line': b'running build_py\n'}
[11.952465] (flask_pkg) StdoutLine: {'line': b'copying flask_pkg/flask_server.py -> /home/dron/Praca-magisterska/ros2_ws/build/flask_pkg/build/lib/flask_pkg\n'}
[11.954594] (flask_pkg) StdoutLine: {'line': b'running install\n'}
[11.956022] (flask_pkg) StdoutLine: {'line': b'running install_lib\n'}
[11.956840] (estimator_pkg) StdoutLine: {'line': b'writing requirements to ../../build/estimator_pkg/estimator_pkg.egg-info/requires.txt\n'}
[11.960065] (estimator_pkg) StdoutLine: {'line': b'writing top-level names to ../../build/estimator_pkg/estimator_pkg.egg-info/top_level.txt\n'}
[11.960795] (flask_pkg) StdoutLine: {'line': b'copying /home/dron/Praca-magisterska/ros2_ws/build/flask_pkg/build/lib/flask_pkg/flask_server.py -> /home/dron/Praca-magisterska/ros2_ws/install/flask_pkg/lib/python3.10/site-packages/flask_pkg\n'}
[11.964225] (flask_pkg) StdoutLine: {'line': b'byte-compiling /home/dron/Praca-magisterska/ros2_ws/install/flask_pkg/lib/python3.10/site-packages/flask_pkg/flask_server.py to flask_server.cpython-310.pyc\n'}
[11.972357] (flask_pkg) StdoutLine: {'line': b'running install_data\n'}
[11.973056] (flask_pkg) StdoutLine: {'line': b'running install_egg_info\n'}
[11.977972] (estimator_pkg) StdoutLine: {'line': b"reading manifest file '../../build/estimator_pkg/estimator_pkg.egg-info/SOURCES.txt'\n"}
[11.981786] (flask_pkg) StdoutLine: {'line': b"removing '/home/dron/Praca-magisterska/ros2_ws/install/flask_pkg/lib/python3.10/site-packages/flask_pkg-0.0.0-py3.10.egg-info' (and everything under it)\n"}
[11.984025] (flask_pkg) StdoutLine: {'line': b'Copying ../../build/flask_pkg/flask_pkg.egg-info to /home/dron/Praca-magisterska/ros2_ws/install/flask_pkg/lib/python3.10/site-packages/flask_pkg-0.0.0-py3.10.egg-info\n'}
[11.991297] (-) TimerEvent: {}
[11.992939] (flight_controller_pkg) StdoutLine: {'line': b'running egg_info\n'}
[11.993965] (flask_pkg) StdoutLine: {'line': b'running install_scripts\n'}
[11.995318] (estimator_pkg) StdoutLine: {'line': b"writing manifest file '../../build/estimator_pkg/estimator_pkg.egg-info/SOURCES.txt'\n"}
[12.000488] (flight_controller_pkg) StdoutLine: {'line': b'writing ../../build/flight_controller_pkg/flight_controller_pkg.egg-info/PKG-INFO\n'}
[12.001306] (estimator_pkg) StdoutLine: {'line': b'running build\n'}
[12.001852] (estimator_pkg) StdoutLine: {'line': b'running build_py\n'}
[12.003850] (estimator_pkg) StdoutLine: {'line': b'running install\n'}
[12.004918] (flight_controller_pkg) StdoutLine: {'line': b'writing dependency_links to ../../build/flight_controller_pkg/flight_controller_pkg.egg-info/dependency_links.txt\n'}
[12.005725] (estimator_pkg) StdoutLine: {'line': b'running install_lib\n'}
[12.011932] (flight_controller_pkg) StdoutLine: {'line': b'writing entry points to ../../build/flight_controller_pkg/flight_controller_pkg.egg-info/entry_points.txt\n'}
[12.014247] (flight_controller_pkg) StdoutLine: {'line': b'writing requirements to ../../build/flight_controller_pkg/flight_controller_pkg.egg-info/requires.txt\n'}
[12.016121] (flight_controller_pkg) StdoutLine: {'line': b'writing top-level names to ../../build/flight_controller_pkg/flight_controller_pkg.egg-info/top_level.txt\n'}
[12.018364] (estimator_pkg) StdoutLine: {'line': b'running install_data\n'}
[12.019405] (estimator_pkg) StdoutLine: {'line': b'running install_egg_info\n'}
[12.027973] (flight_controller_pkg) StdoutLine: {'line': b"reading manifest file '../../build/flight_controller_pkg/flight_controller_pkg.egg-info/SOURCES.txt'\n"}
[12.034861] (estimator_pkg) StdoutLine: {'line': b"removing '/home/dron/Praca-magisterska/ros2_ws/install/estimator_pkg/lib/python3.10/site-packages/estimator_pkg-0.0.0-py3.10.egg-info' (and everything under it)\n"}
[12.036258] (flight_controller_pkg) StdoutLine: {'line': b"writing manifest file '../../build/flight_controller_pkg/flight_controller_pkg.egg-info/SOURCES.txt'\n"}
[12.037792] (flight_controller_pkg) StdoutLine: {'line': b'running build\n'}
[12.038571] (flight_controller_pkg) StdoutLine: {'line': b'running build_py\n'}
[12.041827] (flight_controller_pkg) StdoutLine: {'line': b'running install\n'}
[12.044185] (flight_controller_pkg) StdoutLine: {'line': b'running install_lib\n'}
[12.051316] (estimator_pkg) StdoutLine: {'line': b'Copying ../../build/estimator_pkg/estimator_pkg.egg-info to /home/dron/Praca-magisterska/ros2_ws/install/estimator_pkg/lib/python3.10/site-packages/estimator_pkg-0.0.0-py3.10.egg-info\n'}
[12.054242] (flight_controller_pkg) StdoutLine: {'line': b'running install_data\n'}
[12.055474] (flight_controller_pkg) StdoutLine: {'line': b'running install_egg_info\n'}
[12.067308] (flight_controller_pkg) StdoutLine: {'line': b"removing '/home/dron/Praca-magisterska/ros2_ws/install/flight_controller_pkg/lib/python3.10/site-packages/flight_controller_pkg-0.0.0-py3.10.egg-info' (and everything under it)\n"}
[12.068055] (estimator_pkg) StdoutLine: {'line': b'running install_scripts\n'}
[12.070107] (flight_controller_pkg) StdoutLine: {'line': b'Copying ../../build/flight_controller_pkg/flight_controller_pkg.egg-info to /home/dron/Praca-magisterska/ros2_ws/install/flight_controller_pkg/lib/python3.10/site-packages/flight_controller_pkg-0.0.0-py3.10.egg-info\n'}
[12.080043] (flight_controller_pkg) StdoutLine: {'line': b'running install_scripts\n'}
[12.091530] (-) TimerEvent: {}
[12.111285] (flask_pkg) StdoutLine: {'line': b'Installing flask_server script to /home/dron/Praca-magisterska/ros2_ws/install/flask_pkg/lib/flask_pkg\n'}
[12.115014] (flask_pkg) StdoutLine: {'line': b"writing list of installed files to '/home/dron/Praca-magisterska/ros2_ws/build/flask_pkg/install.log'\n"}
[12.191798] (-) TimerEvent: {}
[12.210729] (estimator_pkg) StdoutLine: {'line': b'Installing estimator_node script to /home/dron/Praca-magisterska/ros2_ws/install/estimator_pkg/lib/estimator_pkg\n'}
[12.214638] (estimator_pkg) StdoutLine: {'line': b"writing list of installed files to '/home/dron/Praca-magisterska/ros2_ws/build/estimator_pkg/install.log'\n"}
[12.224141] (flight_controller_pkg) StdoutLine: {'line': b'Installing imu_reader script to /home/dron/Praca-magisterska/ros2_ws/install/flight_controller_pkg/lib/flight_controller_pkg\n'}
[12.228417] (flight_controller_pkg) StdoutLine: {'line': b"writing list of installed files to '/home/dron/Praca-magisterska/ros2_ws/build/flight_controller_pkg/install.log'\n"}
[12.292225] (-) TimerEvent: {}
[12.386603] (flask_pkg) CommandEnded: {'returncode': 0}
[12.393075] (-) TimerEvent: {}
[12.480608] (flask_pkg) JobEnded: {'identifier': 'flask_pkg', 'rc': 0}
[12.486653] (um7_pkg) JobStarted: {'identifier': 'um7_pkg'}
[12.493490] (-) TimerEvent: {}
[12.522947] (flight_controller_pkg) CommandEnded: {'returncode': 0}
[12.558169] (flight_controller_pkg) JobEnded: {'identifier': 'flight_controller_pkg', 'rc': 0}
[12.564700] (estimator_pkg) CommandEnded: {'returncode': 0}
[12.594660] (-) TimerEvent: {}
[12.604040] (estimator_pkg) JobEnded: {'identifier': 'estimator_pkg', 'rc': 0}
[12.694979] (-) TimerEvent: {}
[12.796182] (-) TimerEvent: {}
[12.897491] (-) TimerEvent: {}
[12.998423] (-) TimerEvent: {}
[13.099168] (-) TimerEvent: {}
[13.199909] (-) TimerEvent: {}
[13.300586] (-) TimerEvent: {}
[13.401283] (-) TimerEvent: {}
[13.501963] (-) TimerEvent: {}
[13.602837] (-) TimerEvent: {}
[13.703986] (-) TimerEvent: {}
[13.795098] (log_data_pkg) Command: {'cmd': ['/usr/bin/python3', '-W', 'ignore:setup.py install is deprecated', '-W', 'ignore:easy_install command is deprecated', 'setup.py', 'egg_info', '--egg-base', '../../build/log_data_pkg', 'build', '--build-base', '/home/dron/Praca-magisterska/ros2_ws/build/log_data_pkg/build', 'install', '--record', '/home/dron/Praca-magisterska/ros2_ws/build/log_data_pkg/install.log', '--single-version-externally-managed', 'install_data'], 'cwd': '/home/dron/Praca-magisterska/ros2_ws/src/log_data_pkg', 'env': {'LESSOPEN': '| /usr/bin/lesspipe %s', 'USER': 'dron', 'SSH_CLIENT': 'fe80::73bc:b5b3:a668:f352%wlan0 52816 22', 'XDG_SESSION_TYPE': 'tty', 'SHLVL': '1', 'LD_LIBRARY_PATH': '/home/dron/Praca-magisterska/ros2_ws/install/custom_msgs/lib:/opt/ros/humble/lib/aarch64-linux-gnu:/opt/ros/humble/lib', 'MOTD_SHOWN': 'pam', 'HOME': '/home/dron', 'OLDPWD': '/home/dron', 'SSH_TTY': '/dev/pts/0', 'ROS_PYTHON_VERSION': '3', 'PS1': '(venv) \\[\\e]0;\\u@\\h: \\w\\a\\]${debian_chroot:+($debian_chroot)}\\u@\\h:\\w\\$', 'DBUS_SESSION_BUS_ADDRESS': 'unix:path=/run/user/1000/bus', 'COLCON_PREFIX_PATH': '/home/dron/Praca-magisterska/ros2_ws/install', 'ROS_DISTRO': 'humble', 'LOGNAME': 'dron', '_': '/usr/bin/colcon', 'ROS_VERSION': '2', 'XDG_SESSION_CLASS': 'user', 'TERM': 'xterm', 'XDG_SESSION_ID': '1', 'ROS_LOCALHOST_ONLY': '0', 'PATH': '/opt/ros/humble/bin:/home/rosbot/ros2_ws/venv/bin:/usr/local/sbin:/usr/local/bin:/usr/sbin:/usr/bin:/sbin:/bin:/usr/games:/usr/local/games:/snap/bin', 'XDG_RUNTIME_DIR': '/run/user/1000', 'LANG': 'C.UTF-8', 'VIRTUAL_ENV_PROMPT': '(venv)', 'LS_COLORS': 'rs=0:di=01;34:ln=01;36:mh=00:pi=40;33:so=01;35:do=01;35:bd=40;33;01:cd=40;33;01:or=40;31;01:mi=00:su=37;41:sg=30;43:ca=30;41:tw=30;42:ow=34;42:st=37;44:ex=01;32:*.tar=01;31:*.tgz=01;31:*.arc=01;31:*.arj=01;31:*.taz=01;31:*.lha=01;31:*.lz4=01;31:*.lzh=01;31:*.lzma=01;31:*.tlz=01;31:*.txz=01;31:*.tzo=01;31:*.t7z=01;31:*.zip=01;31:*.z=01;31:*.dz=01;31:*.gz=01;31:*.lrz=01;31:*.lz=01;31:*.lzo=01;31:*.xz=01;31:*.zst=01;31:*.tzst=01;31:*.bz2=01;31:*.bz=01;31:*.tbz=01;31:*.tbz2=01;31:*.tz=01;31:*.deb=01;31:*.rpm=01;31:*.jar=01;31:*.war=01;31:*.ear=01;31:*.sar=01;31:*.rar=01;31:*.alz=01;31:*.ace=01;31:*.zoo=01;31:*.cpio=01;31:*.7z=01;31:*.rz=01;31:*.cab=01;31:*.wim=01;31:*.swm=01;31:*.dwm=01;31:*.esd=01;31:*.jpg=01;35:*.jpeg=01;35:*.mjpg=01;35:*.mjpeg=01;35:*.gif=01;35:*.bmp=01;35:*.pbm=01;35:*.pgm=01;35:*.ppm=01;35:*.tga=01;35:*.xbm=01;35:*.xpm=01;35:*.tif=01;35:*.tiff=01;35:*.png=01;35:*.svg=01;35:*.svgz=01;35:*.mng=01;35:*.pcx=01;35:*.mov=01;35:*.mpg=01;35:*.mpeg=01;35:*.m2v=01;35:*.mkv=01;35:*.webm=01;35:*.webp=01;35:*.ogm=01;35:*.mp4=01;35:*.m4v=01;35:*.mp4v=01;35:*.vob=01;35:*.qt=01;35:*.nuv=01;35:*.wmv=01;35:*.asf=01;35:*.rm=01;35:*.rmvb=01;35:*.flc=01;35:*.avi=01;35:*.fli=01;35:*.flv=01;35:*.gl=01;35:*.dl=01;35:*.xcf=01;35:*.xwd=01;35:*.yuv=01;35:*.cgm=01;35:*.emf=01;35:*.ogv=01;35:*.ogx=01;35:*.aac=00;36:*.au=00;36:*.flac=00;36:*.m4a=00;36:*.mid=00;36:*.midi=00;36:*.mka=00;36:*.mp3=00;36:*.mpc=00;36:*.ogg=00;36:*.ra=00;36:*.wav=00;36:*.oga=00;36:*.opus=00;36:*.spx=00;36:*.xspf=00;36:', 'AMENT_PREFIX_PATH': '/home/dron/Praca-magisterska/ros2_ws/install/um7_pkg:/home/dron/Praca-magisterska/ros2_ws/install/my_py_pkg:/home/dron/Praca-magisterska/ros2_ws/install/my_cpp_pkg:/home/dron/Praca-magisterska/ros2_ws/install/log_data_pkg:/home/dron/Praca-magisterska/ros2_ws/install/flight_controller_pkg:/home/dron/Praca-magisterska/ros2_ws/install/flask_pkg:/home/dron/Praca-magisterska/ros2_ws/install/estimator_pkg:/home/dron/Praca-magisterska/ros2_ws/install/custom_msgs:/opt/ros/humble', 'SHELL': '/bin/bash', 'LESSCLOSE': '/usr/bin/lesspipe %s %s', 'VIRTUAL_ENV': '/home/rosbot/ros2_ws/venv', 'PWD': '/home/dron/Praca-magisterska/ros2_ws/build/log_data_pkg', 'SSH_CONNECTION': 'fe80::73bc:b5b3:a668:f352%wlan0 52816 fe80::da3a:ddff:fe3f:f331%wlan0 22', 'XDG_DATA_DIRS': '/usr/local/share:/usr/share:/var/lib/snapd/desktop', 'PYTHONPATH': '/home/dron/Praca-magisterska/ros2_ws/build/log_data_pkg/prefix_override:/usr/lib/python3/dist-packages/colcon_core/task/python/colcon_distutils_commands:/home/dron/Praca-magisterska/ros2_ws/install/log_data_pkg/lib/python3.10/site-packages:/home/dron/Praca-magisterska/ros2_ws/install/um7_pkg/lib/python3.10/site-packages:/home/dron/Praca-magisterska/ros2_ws/install/my_py_pkg/lib/python3.10/site-packages:/home/dron/Praca-magisterska/ros2_ws/install/log_data_pkg/lib/python3.10/site-packages:/home/dron/Praca-magisterska/ros2_ws/install/flight_controller_pkg/lib/python3.10/site-packages:/home/dron/Praca-magisterska/ros2_ws/install/flask_pkg/lib/python3.10/site-packages:/home/dron/Praca-magisterska/ros2_ws/install/estimator_pkg/lib/python3.10/site-packages:/home/dron/Praca-magisterska/ros2_ws/install/custom_msgs/local/lib/python3.10/dist-packages:/opt/ros/humble/lib/python3.10/site-packages:/opt/ros/humble/local/lib/python3.10/dist-packages::/home/dron/Praca-magisterska/ros2_ws/venv/lib/python3.12/site-packages', 'COLCON': '1', 'CMAKE_PREFIX_PATH': '/home/dron/Praca-magisterska/ros2_ws/install/custom_msgs:/home/dron/Praca-magisterska/ros2_ws/install/my_cpp_pkg'}, 'shell': False}
[13.806692] (-) TimerEvent: {}
[13.908207] (-) TimerEvent: {}
[14.009340] (-) TimerEvent: {}
[14.110537] (-) TimerEvent: {}
[14.211805] (-) TimerEvent: {}
[14.313056] (-) TimerEvent: {}
[14.414172] (-) TimerEvent: {}
[14.515338] (-) TimerEvent: {}
[14.616034] (-) TimerEvent: {}
[14.716746] (-) TimerEvent: {}
[14.817537] (-) TimerEvent: {}
[14.918363] (-) TimerEvent: {}
[14.951711] (log_data_pkg) StdoutLine: {'line': b'running egg_info\n'}
[14.955148] (log_data_pkg) StdoutLine: {'line': b'writing ../../build/log_data_pkg/log_data_pkg.egg-info/PKG-INFO\n'}
[14.956507] (log_data_pkg) StdoutLine: {'line': b'writing dependency_links to ../../build/log_data_pkg/log_data_pkg.egg-info/dependency_links.txt\n'}
[14.957916] (log_data_pkg) StdoutLine: {'line': b'writing entry points to ../../build/log_data_pkg/log_data_pkg.egg-info/entry_points.txt\n'}
[14.959099] (log_data_pkg) StdoutLine: {'line': b'writing requirements to ../../build/log_data_pkg/log_data_pkg.egg-info/requires.txt\n'}
[14.960014] (log_data_pkg) StdoutLine: {'line': b'writing top-level names to ../../build/log_data_pkg/log_data_pkg.egg-info/top_level.txt\n'}
[14.969200] (log_data_pkg) StdoutLine: {'line': b"reading manifest file '../../build/log_data_pkg/log_data_pkg.egg-info/SOURCES.txt'\n"}
[14.973538] (log_data_pkg) StdoutLine: {'line': b"writing manifest file '../../build/log_data_pkg/log_data_pkg.egg-info/SOURCES.txt'\n"}
[14.974494] (log_data_pkg) StdoutLine: {'line': b'running build\n'}
[14.975074] (log_data_pkg) StdoutLine: {'line': b'running build_py\n'}
[14.976383] (log_data_pkg) StdoutLine: {'line': b'running install\n'}
[14.977858] (log_data_pkg) StdoutLine: {'line': b'running install_lib\n'}
[14.984214] (log_data_pkg) StdoutLine: {'line': b'running install_data\n'}
[14.985375] (log_data_pkg) StdoutLine: {'line': b'running install_egg_info\n'}
[14.993572] (log_data_pkg) StdoutLine: {'line': b"removing '/home/dron/Praca-magisterska/ros2_ws/install/log_data_pkg/lib/python3.10/site-packages/log_data_pkg-0.0.0-py3.10.egg-info' (and everything under it)\n"}
[14.995585] (log_data_pkg) StdoutLine: {'line': b'Copying ../../build/log_data_pkg/log_data_pkg.egg-info to /home/dron/Praca-magisterska/ros2_ws/install/log_data_pkg/lib/python3.10/site-packages/log_data_pkg-0.0.0-py3.10.egg-info\n'}
[15.004767] (log_data_pkg) StdoutLine: {'line': b'running install_scripts\n'}
[15.018540] (-) TimerEvent: {}
[15.095642] (log_data_pkg) StdoutLine: {'line': b'Installing data_collector script to /home/dron/Praca-magisterska/ros2_ws/install/log_data_pkg/lib/log_data_pkg\n'}
[15.097551] (log_data_pkg) StdoutLine: {'line': b"writing list of installed files to '/home/dron/Praca-magisterska/ros2_ws/build/log_data_pkg/install.log'\n"}
[15.118794] (-) TimerEvent: {}
[15.220316] (log_data_pkg) CommandEnded: {'returncode': 0}
[15.222562] (-) TimerEvent: {}
[15.260068] (log_data_pkg) JobEnded: {'identifier': 'log_data_pkg', 'rc': 0}
[15.322735] (-) TimerEvent: {}
[15.423561] (-) TimerEvent: {}
[15.471112] (um7_pkg) Command: {'cmd': ['/usr/bin/python3', '-W', 'ignore:setup.py install is deprecated', '-W', 'ignore:easy_install command is deprecated', 'setup.py', 'egg_info', '--egg-base', '../../build/um7_pkg', 'build', '--build-base', '/home/dron/Praca-magisterska/ros2_ws/build/um7_pkg/build', 'install', '--record', '/home/dron/Praca-magisterska/ros2_ws/build/um7_pkg/install.log', '--single-version-externally-managed', 'install_data'], 'cwd': '/home/dron/Praca-magisterska/ros2_ws/src/um7_pkg', 'env': {'LESSOPEN': '| /usr/bin/lesspipe %s', 'USER': 'dron', 'SSH_CLIENT': 'fe80::73bc:b5b3:a668:f352%wlan0 52816 22', 'XDG_SESSION_TYPE': 'tty', 'SHLVL': '1', 'LD_LIBRARY_PATH': '/home/dron/Praca-magisterska/ros2_ws/install/custom_msgs/lib:/opt/ros/humble/lib/aarch64-linux-gnu:/opt/ros/humble/lib', 'MOTD_SHOWN': 'pam', 'HOME': '/home/dron', 'OLDPWD': '/home/dron', 'SSH_TTY': '/dev/pts/0', 'ROS_PYTHON_VERSION': '3', 'PS1': '(venv) \\[\\e]0;\\u@\\h: \\w\\a\\]${debian_chroot:+($debian_chroot)}\\u@\\h:\\w\\$', 'DBUS_SESSION_BUS_ADDRESS': 'unix:path=/run/user/1000/bus', 'COLCON_PREFIX_PATH': '/home/dron/Praca-magisterska/ros2_ws/install', 'ROS_DISTRO': 'humble', 'LOGNAME': 'dron', '_': '/usr/bin/colcon', 'ROS_VERSION': '2', 'XDG_SESSION_CLASS': 'user', 'TERM': 'xterm', 'XDG_SESSION_ID': '1', 'ROS_LOCALHOST_ONLY': '0', 'PATH': '/opt/ros/humble/bin:/home/rosbot/ros2_ws/venv/bin:/usr/local/sbin:/usr/local/bin:/usr/sbin:/usr/bin:/sbin:/bin:/usr/games:/usr/local/games:/snap/bin', 'XDG_RUNTIME_DIR': '/run/user/1000', 'LANG': 'C.UTF-8', 'VIRTUAL_ENV_PROMPT': '(venv)', 'LS_COLORS': 'rs=0:di=01;34:ln=01;36:mh=00:pi=40;33:so=01;35:do=01;35:bd=40;33;01:cd=40;33;01:or=40;31;01:mi=00:su=37;41:sg=30;43:ca=30;41:tw=30;42:ow=34;42:st=37;44:ex=01;32:*.tar=01;31:*.tgz=01;31:*.arc=01;31:*.arj=01;31:*.taz=01;31:*.lha=01;31:*.lz4=01;31:*.lzh=01;31:*.lzma=01;31:*.tlz=01;31:*.txz=01;31:*.tzo=01;31:*.t7z=01;31:*.zip=01;31:*.z=01;31:*.dz=01;31:*.gz=01;31:*.lrz=01;31:*.lz=01;31:*.lzo=01;31:*.xz=01;31:*.zst=01;31:*.tzst=01;31:*.bz2=01;31:*.bz=01;31:*.tbz=01;31:*.tbz2=01;31:*.tz=01;31:*.deb=01;31:*.rpm=01;31:*.jar=01;31:*.war=01;31:*.ear=01;31:*.sar=01;31:*.rar=01;31:*.alz=01;31:*.ace=01;31:*.zoo=01;31:*.cpio=01;31:*.7z=01;31:*.rz=01;31:*.cab=01;31:*.wim=01;31:*.swm=01;31:*.dwm=01;31:*.esd=01;31:*.jpg=01;35:*.jpeg=01;35:*.mjpg=01;35:*.mjpeg=01;35:*.gif=01;35:*.bmp=01;35:*.pbm=01;35:*.pgm=01;35:*.ppm=01;35:*.tga=01;35:*.xbm=01;35:*.xpm=01;35:*.tif=01;35:*.tiff=01;35:*.png=01;35:*.svg=01;35:*.svgz=01;35:*.mng=01;35:*.pcx=01;35:*.mov=01;35:*.mpg=01;35:*.mpeg=01;35:*.m2v=01;35:*.mkv=01;35:*.webm=01;35:*.webp=01;35:*.ogm=01;35:*.mp4=01;35:*.m4v=01;35:*.mp4v=01;35:*.vob=01;35:*.qt=01;35:*.nuv=01;35:*.wmv=01;35:*.asf=01;35:*.rm=01;35:*.rmvb=01;35:*.flc=01;35:*.avi=01;35:*.fli=01;35:*.flv=01;35:*.gl=01;35:*.dl=01;35:*.xcf=01;35:*.xwd=01;35:*.yuv=01;35:*.cgm=01;35:*.emf=01;35:*.ogv=01;35:*.ogx=01;35:*.aac=00;36:*.au=00;36:*.flac=00;36:*.m4a=00;36:*.mid=00;36:*.midi=00;36:*.mka=00;36:*.mp3=00;36:*.mpc=00;36:*.ogg=00;36:*.ra=00;36:*.wav=00;36:*.oga=00;36:*.opus=00;36:*.spx=00;36:*.xspf=00;36:', 'AMENT_PREFIX_PATH': '/home/dron/Praca-magisterska/ros2_ws/install/um7_pkg:/home/dron/Praca-magisterska/ros2_ws/install/my_py_pkg:/home/dron/Praca-magisterska/ros2_ws/install/my_cpp_pkg:/home/dron/Praca-magisterska/ros2_ws/install/log_data_pkg:/home/dron/Praca-magisterska/ros2_ws/install/flight_controller_pkg:/home/dron/Praca-magisterska/ros2_ws/install/flask_pkg:/home/dron/Praca-magisterska/ros2_ws/install/estimator_pkg:/home/dron/Praca-magisterska/ros2_ws/install/custom_msgs:/opt/ros/humble', 'SHELL': '/bin/bash', 'LESSCLOSE': '/usr/bin/lesspipe %s %s', 'VIRTUAL_ENV': '/home/rosbot/ros2_ws/venv', 'PWD': '/home/dron/Praca-magisterska/ros2_ws/build/um7_pkg', 'SSH_CONNECTION': 'fe80::73bc:b5b3:a668:f352%wlan0 52816 fe80::da3a:ddff:fe3f:f331%wlan0 22', 'XDG_DATA_DIRS': '/usr/local/share:/usr/share:/var/lib/snapd/desktop', 'PYTHONPATH': '/home/dron/Praca-magisterska/ros2_ws/build/um7_pkg/prefix_override:/usr/lib/python3/dist-packages/colcon_core/task/python/colcon_distutils_commands:/home/dron/Praca-magisterska/ros2_ws/install/um7_pkg/lib/python3.10/site-packages:/home/dron/Praca-magisterska/ros2_ws/install/um7_pkg/lib/python3.10/site-packages:/home/dron/Praca-magisterska/ros2_ws/install/my_py_pkg/lib/python3.10/site-packages:/home/dron/Praca-magisterska/ros2_ws/install/log_data_pkg/lib/python3.10/site-packages:/home/dron/Praca-magisterska/ros2_ws/install/flight_controller_pkg/lib/python3.10/site-packages:/home/dron/Praca-magisterska/ros2_ws/install/flask_pkg/lib/python3.10/site-packages:/home/dron/Praca-magisterska/ros2_ws/install/estimator_pkg/lib/python3.10/site-packages:/home/dron/Praca-magisterska/ros2_ws/install/custom_msgs/local/lib/python3.10/dist-packages:/opt/ros/humble/lib/python3.10/site-packages:/opt/ros/humble/local/lib/python3.10/dist-packages::/home/dron/Praca-magisterska/ros2_ws/venv/lib/python3.12/site-packages', 'COLCON': '1', 'CMAKE_PREFIX_PATH': '/home/dron/Praca-magisterska/ros2_ws/install/custom_msgs:/home/dron/Praca-magisterska/ros2_ws/install/my_cpp_pkg'}, 'shell': False}
[15.523690] (-) TimerEvent: {}
[15.624396] (-) TimerEvent: {}
[15.725193] (-) TimerEvent: {}
[15.826016] (-) TimerEvent: {}
[15.926732] (-) TimerEvent: {}
[16.027389] (-) TimerEvent: {}
[16.128073] (-) TimerEvent: {}
[16.228752] (-) TimerEvent: {}
[16.329504] (-) TimerEvent: {}
[16.430215] (-) TimerEvent: {}
[16.485271] (um7_pkg) StdoutLine: {'line': b'running egg_info\n'}
[16.487911] (um7_pkg) StdoutLine: {'line': b'writing ../../build/um7_pkg/um7_pkg.egg-info/PKG-INFO\n'}
[16.489053] (um7_pkg) StdoutLine: {'line': b'writing dependency_links to ../../build/um7_pkg/um7_pkg.egg-info/dependency_links.txt\n'}
[16.490146] (um7_pkg) StdoutLine: {'line': b'writing entry points to ../../build/um7_pkg/um7_pkg.egg-info/entry_points.txt\n'}
[16.491031] (um7_pkg) StdoutLine: {'line': b'writing requirements to ../../build/um7_pkg/um7_pkg.egg-info/requires.txt\n'}
[16.491618] (um7_pkg) StdoutLine: {'line': b'writing top-level names to ../../build/um7_pkg/um7_pkg.egg-info/top_level.txt\n'}
[16.499680] (um7_pkg) StdoutLine: {'line': b"reading manifest file '../../build/um7_pkg/um7_pkg.egg-info/SOURCES.txt'\n"}
[16.503242] (um7_pkg) StdoutLine: {'line': b"writing manifest file '../../build/um7_pkg/um7_pkg.egg-info/SOURCES.txt'\n"}
[16.503908] (um7_pkg) StdoutLine: {'line': b'running build\n'}
[16.504391] (um7_pkg) StdoutLine: {'line': b'running build_py\n'}
[16.505552] (um7_pkg) StdoutLine: {'line': b'running install\n'}
[16.506832] (um7_pkg) StdoutLine: {'line': b'running install_lib\n'}
[16.512245] (um7_pkg) StdoutLine: {'line': b'running install_data\n'}
[16.512909] (um7_pkg) StdoutLine: {'line': b'running install_egg_info\n'}
[16.520133] (um7_pkg) StdoutLine: {'line': b"removing '/home/dron/Praca-magisterska/ros2_ws/install/um7_pkg/lib/python3.10/site-packages/um7_pkg-0.0.0-py3.10.egg-info' (and everything under it)\n"}
[16.521814] (um7_pkg) StdoutLine: {'line': b'Copying ../../build/um7_pkg/um7_pkg.egg-info to /home/dron/Praca-magisterska/ros2_ws/install/um7_pkg/lib/python3.10/site-packages/um7_pkg-0.0.0-py3.10.egg-info\n'}
[16.529357] (um7_pkg) StdoutLine: {'line': b'running install_scripts\n'}
[16.530330] (-) TimerEvent: {}
[16.611234] (um7_pkg) StdoutLine: {'line': b'Installing imu_reader script to /home/dron/Praca-magisterska/ros2_ws/install/um7_pkg/lib/um7_pkg\n'}
[16.612879] (um7_pkg) StdoutLine: {'line': b"writing list of installed files to '/home/dron/Praca-magisterska/ros2_ws/build/um7_pkg/install.log'\n"}
[16.630561] (-) TimerEvent: {}
[16.723465] (um7_pkg) CommandEnded: {'returncode': 0}
[16.730849] (-) TimerEvent: {}
[16.758587] (um7_pkg) JobEnded: {'identifier': 'um7_pkg', 'rc': 0}
[16.762534] (-) EventReactorShutdown: {}
