[0.000000] (-) TimerEvent: {}
[0.001773] (custom_msgs) JobQueued: {'identifier': 'custom_msgs', 'dependencies': OrderedDict()}
[0.002394] (my_cpp_pkg) JobQueued: {'identifier': 'my_cpp_pkg', 'dependencies': OrderedDict()}
[0.002878] (my_py_pkg) JobQueued: {'identifier': 'my_py_pkg', 'dependencies': OrderedDict()}
[0.003069] (estimator_pkg) JobQueued: {'identifier': 'estimator_pkg', 'dependencies': OrderedDict([('custom_msgs', '/home/dron/Praca-magisterska/ros2_ws/install/custom_msgs')])}
[0.003362] (flask_pkg) JobQueued: {'identifier': 'flask_pkg', 'dependencies': OrderedDict([('custom_msgs', '/home/dron/Praca-magisterska/ros2_ws/install/custom_msgs')])}
[0.003534] (flight_controller_pkg) JobQueued: {'identifier': 'flight_controller_pkg', 'dependencies': OrderedDict([('custom_msgs', '/home/dron/Praca-magisterska/ros2_ws/install/custom_msgs')])}
[0.003632] (gs_pkg) JobQueued: {'identifier': 'gs_pkg', 'dependencies': OrderedDict([('custom_msgs', '/home/dron/Praca-magisterska/ros2_ws/install/custom_msgs')])}
[0.003727] (log_data_pkg) JobQueued: {'identifier': 'log_data_pkg', 'dependencies': OrderedDict([('custom_msgs', '/home/dron/Praca-magisterska/ros2_ws/install/custom_msgs')])}
[0.003849] (um7_pkg) JobQueued: {'identifier': 'um7_pkg', 'dependencies': OrderedDict([('custom_msgs', '/home/dron/Praca-magisterska/ros2_ws/install/custom_msgs')])}
[0.003952] (custom_msgs) JobStarted: {'identifier': 'custom_msgs'}
[0.033081] (my_cpp_pkg) JobStarted: {'identifier': 'my_cpp_pkg'}
[0.054048] (my_py_pkg) JobStarted: {'identifier': 'my_py_pkg'}
[0.089209] (custom_msgs) JobProgress: {'identifier': 'custom_msgs', 'progress': 'cmake'}
[0.094557] (custom_msgs) JobProgress: {'identifier': 'custom_msgs', 'progress': 'build'}
[0.097329] (custom_msgs) Command: {'cmd': ['/usr/bin/cmake', '--build', '/home/dron/Praca-magisterska/ros2_ws/build/custom_msgs', '--', '-j4', '-l4'], 'cwd': '/home/dron/Praca-magisterska/ros2_ws/build/custom_msgs', 'env': OrderedDict([('LESSOPEN', '| /usr/bin/lesspipe %s'), ('USER', 'dron'), ('SSH_CLIENT', 'fe80::73bc:b5b3:a668:f352%wlan0 57528 22'), ('XDG_SESSION_TYPE', 'tty'), ('SHLVL', '1'), ('LD_LIBRARY_PATH', '/home/dron/Praca-magisterska/ros2_ws/install/custom_msgs/lib:/opt/ros/humble/lib/aarch64-linux-gnu:/opt/ros/humble/lib'), ('MOTD_SHOWN', 'pam'), ('HOME', '/home/dron'), ('OLDPWD', '/home/dron'), ('SSH_TTY', '/dev/pts/0'), ('ROS_PYTHON_VERSION', '3'), ('PS1', '(venv) \\[\\e]0;\\u@\\h: \\w\\a\\]${debian_chroot:+($debian_chroot)}\\u@\\h:\\w\\$'), ('DBUS_SESSION_BUS_ADDRESS', 'unix:path=/run/user/1000/bus'), ('COLCON_PREFIX_PATH', '/home/dron/Praca-magisterska/ros2_ws/install'), ('ROS_DISTRO', 'humble'), ('LOGNAME', 'dron'), ('_', '/usr/bin/colcon'), ('ROS_VERSION', '2'), ('XDG_SESSION_CLASS', 'user'), ('TERM', 'xterm'), ('XDG_SESSION_ID', '2'), ('ROS_LOCALHOST_ONLY', '0'), ('PATH', '/opt/ros/humble/bin:/home/rosbot/ros2_ws/venv/bin:/usr/local/sbin:/usr/local/bin:/usr/sbin:/usr/bin:/sbin:/bin:/usr/games:/usr/local/games:/snap/bin'), ('XDG_RUNTIME_DIR', '/run/user/1000'), ('LANG', 'C.UTF-8'), ('VIRTUAL_ENV_PROMPT', '(venv)'), ('LS_COLORS', 'rs=0:di=01;34:ln=01;36:mh=00:pi=40;33:so=01;35:do=01;35:bd=40;33;01:cd=40;33;01:or=40;31;01:mi=00:su=37;41:sg=30;43:ca=30;41:tw=30;42:ow=34;42:st=37;44:ex=01;32:*.tar=01;31:*.tgz=01;31:*.arc=01;31:*.arj=01;31:*.taz=01;31:*.lha=01;31:*.lz4=01;31:*.lzh=01;31:*.lzma=01;31:*.tlz=01;31:*.txz=01;31:*.tzo=01;31:*.t7z=01;31:*.zip=01;31:*.z=01;31:*.dz=01;31:*.gz=01;31:*.lrz=01;31:*.lz=01;31:*.lzo=01;31:*.xz=01;31:*.zst=01;31:*.tzst=01;31:*.bz2=01;31:*.bz=01;31:*.tbz=01;31:*.tbz2=01;31:*.tz=01;31:*.deb=01;31:*.rpm=01;31:*.jar=01;31:*.war=01;31:*.ear=01;31:*.sar=01;31:*.rar=01;31:*.alz=01;31:*.ace=01;31:*.zoo=01;31:*.cpio=01;31:*.7z=01;31:*.rz=01;31:*.cab=01;31:*.wim=01;31:*.swm=01;31:*.dwm=01;31:*.esd=01;31:*.jpg=01;35:*.jpeg=01;35:*.mjpg=01;35:*.mjpeg=01;35:*.gif=01;35:*.bmp=01;35:*.pbm=01;35:*.pgm=01;35:*.ppm=01;35:*.tga=01;35:*.xbm=01;35:*.xpm=01;35:*.tif=01;35:*.tiff=01;35:*.png=01;35:*.svg=01;35:*.svgz=01;35:*.mng=01;35:*.pcx=01;35:*.mov=01;35:*.mpg=01;35:*.mpeg=01;35:*.m2v=01;35:*.mkv=01;35:*.webm=01;35:*.webp=01;35:*.ogm=01;35:*.mp4=01;35:*.m4v=01;35:*.mp4v=01;35:*.vob=01;35:*.qt=01;35:*.nuv=01;35:*.wmv=01;35:*.asf=01;35:*.rm=01;35:*.rmvb=01;35:*.flc=01;35:*.avi=01;35:*.fli=01;35:*.flv=01;35:*.gl=01;35:*.dl=01;35:*.xcf=01;35:*.xwd=01;35:*.yuv=01;35:*.cgm=01;35:*.emf=01;35:*.ogv=01;35:*.ogx=01;35:*.aac=00;36:*.au=00;36:*.flac=00;36:*.m4a=00;36:*.mid=00;36:*.midi=00;36:*.mka=00;36:*.mp3=00;36:*.mpc=00;36:*.ogg=00;36:*.ra=00;36:*.wav=00;36:*.oga=00;36:*.opus=00;36:*.spx=00;36:*.xspf=00;36:'), ('AMENT_PREFIX_PATH', '/home/dron/Praca-magisterska/ros2_ws/install/um7_pkg:/home/dron/Praca-magisterska/ros2_ws/install/my_py_pkg:/home/dron/Praca-magisterska/ros2_ws/install/my_cpp_pkg:/home/dron/Praca-magisterska/ros2_ws/install/log_data_pkg:/home/dron/Praca-magisterska/ros2_ws/install/flight_controller_pkg:/home/dron/Praca-magisterska/ros2_ws/install/flask_pkg:/home/dron/Praca-magisterska/ros2_ws/install/estimator_pkg:/home/dron/Praca-magisterska/ros2_ws/install/custom_msgs:/opt/ros/humble'), ('SHELL', '/bin/bash'), ('LESSCLOSE', '/usr/bin/lesspipe %s %s'), ('VIRTUAL_ENV', '/home/rosbot/ros2_ws/venv'), ('PWD', '/home/dron/Praca-magisterska/ros2_ws/build/custom_msgs'), ('SSH_CONNECTION', 'fe80::73bc:b5b3:a668:f352%wlan0 57528 fe80::da3a:ddff:fe3f:f331%wlan0 22'), ('XDG_DATA_DIRS', '/usr/local/share:/usr/share:/var/lib/snapd/desktop'), ('PYTHONPATH', '/home/dron/Praca-magisterska/ros2_ws/install/um7_pkg/lib/python3.10/site-packages:/home/dron/Praca-magisterska/ros2_ws/install/my_py_pkg/lib/python3.10/site-packages:/home/dron/Praca-magisterska/ros2_ws/install/log_data_pkg/lib/python3.10/site-packages:/home/dron/Praca-magisterska/ros2_ws/install/flight_controller_pkg/lib/python3.10/site-packages:/home/dron/Praca-magisterska/ros2_ws/install/flask_pkg/lib/python3.10/site-packages:/home/dron/Praca-magisterska/ros2_ws/install/estimator_pkg/lib/python3.10/site-packages:/home/dron/Praca-magisterska/ros2_ws/install/custom_msgs/local/lib/python3.10/dist-packages:/opt/ros/humble/lib/python3.10/site-packages:/opt/ros/humble/local/lib/python3.10/dist-packages::/home/dron/Praca-magisterska/ros2_ws/venv/lib/python3.12/site-packages'), ('COLCON', '1'), ('CMAKE_PREFIX_PATH', '/home/dron/Praca-magisterska/ros2_ws/install/my_cpp_pkg:/home/dron/Praca-magisterska/ros2_ws/install/custom_msgs:/home/dron/Praca-magisterska/ros2_ws/install/um7_pkg:/home/dron/Praca-magisterska/ros2_ws/install/my_py_pkg:/home/dron/Praca-magisterska/ros2_ws/install/log_data_pkg:/home/dron/Praca-magisterska/ros2_ws/install/flight_controller_pkg:/home/dron/Praca-magisterska/ros2_ws/install/flask_pkg:/home/dron/Praca-magisterska/ros2_ws/install/estimator_pkg:/opt/ros/humble')]), 'shell': False}
[0.102309] (-) TimerEvent: {}
[0.115686] (my_cpp_pkg) JobProgress: {'identifier': 'my_cpp_pkg', 'progress': 'cmake'}
[0.123321] (my_cpp_pkg) JobProgress: {'identifier': 'my_cpp_pkg', 'progress': 'build'}
[0.124698] (my_cpp_pkg) Command: {'cmd': ['/usr/bin/cmake', '--build', '/home/dron/Praca-magisterska/ros2_ws/build/my_cpp_pkg', '--', '-j4', '-l4'], 'cwd': '/home/dron/Praca-magisterska/ros2_ws/build/my_cpp_pkg', 'env': OrderedDict([('LESSOPEN', '| /usr/bin/lesspipe %s'), ('USER', 'dron'), ('SSH_CLIENT', 'fe80::73bc:b5b3:a668:f352%wlan0 57528 22'), ('XDG_SESSION_TYPE', 'tty'), ('SHLVL', '1'), ('LD_LIBRARY_PATH', '/home/dron/Praca-magisterska/ros2_ws/install/custom_msgs/lib:/opt/ros/humble/lib/aarch64-linux-gnu:/opt/ros/humble/lib'), ('MOTD_SHOWN', 'pam'), ('HOME', '/home/dron'), ('OLDPWD', '/home/dron'), ('SSH_TTY', '/dev/pts/0'), ('ROS_PYTHON_VERSION', '3'), ('PS1', '(venv) \\[\\e]0;\\u@\\h: \\w\\a\\]${debian_chroot:+($debian_chroot)}\\u@\\h:\\w\\$'), ('DBUS_SESSION_BUS_ADDRESS', 'unix:path=/run/user/1000/bus'), ('COLCON_PREFIX_PATH', '/home/dron/Praca-magisterska/ros2_ws/install'), ('ROS_DISTRO', 'humble'), ('LOGNAME', 'dron'), ('_', '/usr/bin/colcon'), ('ROS_VERSION', '2'), ('XDG_SESSION_CLASS', 'user'), ('TERM', 'xterm'), ('XDG_SESSION_ID', '2'), ('ROS_LOCALHOST_ONLY', '0'), ('PATH', '/opt/ros/humble/bin:/home/rosbot/ros2_ws/venv/bin:/usr/local/sbin:/usr/local/bin:/usr/sbin:/usr/bin:/sbin:/bin:/usr/games:/usr/local/games:/snap/bin'), ('XDG_RUNTIME_DIR', '/run/user/1000'), ('LANG', 'C.UTF-8'), ('VIRTUAL_ENV_PROMPT', '(venv)'), ('LS_COLORS', 'rs=0:di=01;34:ln=01;36:mh=00:pi=40;33:so=01;35:do=01;35:bd=40;33;01:cd=40;33;01:or=40;31;01:mi=00:su=37;41:sg=30;43:ca=30;41:tw=30;42:ow=34;42:st=37;44:ex=01;32:*.tar=01;31:*.tgz=01;31:*.arc=01;31:*.arj=01;31:*.taz=01;31:*.lha=01;31:*.lz4=01;31:*.lzh=01;31:*.lzma=01;31:*.tlz=01;31:*.txz=01;31:*.tzo=01;31:*.t7z=01;31:*.zip=01;31:*.z=01;31:*.dz=01;31:*.gz=01;31:*.lrz=01;31:*.lz=01;31:*.lzo=01;31:*.xz=01;31:*.zst=01;31:*.tzst=01;31:*.bz2=01;31:*.bz=01;31:*.tbz=01;31:*.tbz2=01;31:*.tz=01;31:*.deb=01;31:*.rpm=01;31:*.jar=01;31:*.war=01;31:*.ear=01;31:*.sar=01;31:*.rar=01;31:*.alz=01;31:*.ace=01;31:*.zoo=01;31:*.cpio=01;31:*.7z=01;31:*.rz=01;31:*.cab=01;31:*.wim=01;31:*.swm=01;31:*.dwm=01;31:*.esd=01;31:*.jpg=01;35:*.jpeg=01;35:*.mjpg=01;35:*.mjpeg=01;35:*.gif=01;35:*.bmp=01;35:*.pbm=01;35:*.pgm=01;35:*.ppm=01;35:*.tga=01;35:*.xbm=01;35:*.xpm=01;35:*.tif=01;35:*.tiff=01;35:*.png=01;35:*.svg=01;35:*.svgz=01;35:*.mng=01;35:*.pcx=01;35:*.mov=01;35:*.mpg=01;35:*.mpeg=01;35:*.m2v=01;35:*.mkv=01;35:*.webm=01;35:*.webp=01;35:*.ogm=01;35:*.mp4=01;35:*.m4v=01;35:*.mp4v=01;35:*.vob=01;35:*.qt=01;35:*.nuv=01;35:*.wmv=01;35:*.asf=01;35:*.rm=01;35:*.rmvb=01;35:*.flc=01;35:*.avi=01;35:*.fli=01;35:*.flv=01;35:*.gl=01;35:*.dl=01;35:*.xcf=01;35:*.xwd=01;35:*.yuv=01;35:*.cgm=01;35:*.emf=01;35:*.ogv=01;35:*.ogx=01;35:*.aac=00;36:*.au=00;36:*.flac=00;36:*.m4a=00;36:*.mid=00;36:*.midi=00;36:*.mka=00;36:*.mp3=00;36:*.mpc=00;36:*.ogg=00;36:*.ra=00;36:*.wav=00;36:*.oga=00;36:*.opus=00;36:*.spx=00;36:*.xspf=00;36:'), ('AMENT_PREFIX_PATH', '/home/dron/Praca-magisterska/ros2_ws/install/um7_pkg:/home/dron/Praca-magisterska/ros2_ws/install/my_py_pkg:/home/dron/Praca-magisterska/ros2_ws/install/my_cpp_pkg:/home/dron/Praca-magisterska/ros2_ws/install/log_data_pkg:/home/dron/Praca-magisterska/ros2_ws/install/flight_controller_pkg:/home/dron/Praca-magisterska/ros2_ws/install/flask_pkg:/home/dron/Praca-magisterska/ros2_ws/install/estimator_pkg:/home/dron/Praca-magisterska/ros2_ws/install/custom_msgs:/opt/ros/humble'), ('SHELL', '/bin/bash'), ('LESSCLOSE', '/usr/bin/lesspipe %s %s'), ('VIRTUAL_ENV', '/home/rosbot/ros2_ws/venv'), ('PWD', '/home/dron/Praca-magisterska/ros2_ws/build/my_cpp_pkg'), ('SSH_CONNECTION', 'fe80::73bc:b5b3:a668:f352%wlan0 57528 fe80::da3a:ddff:fe3f:f331%wlan0 22'), ('XDG_DATA_DIRS', '/usr/local/share:/usr/share:/var/lib/snapd/desktop'), ('PYTHONPATH', '/home/dron/Praca-magisterska/ros2_ws/install/um7_pkg/lib/python3.10/site-packages:/home/dron/Praca-magisterska/ros2_ws/install/my_py_pkg/lib/python3.10/site-packages:/home/dron/Praca-magisterska/ros2_ws/install/log_data_pkg/lib/python3.10/site-packages:/home/dron/Praca-magisterska/ros2_ws/install/flight_controller_pkg/lib/python3.10/site-packages:/home/dron/Praca-magisterska/ros2_ws/install/flask_pkg/lib/python3.10/site-packages:/home/dron/Praca-magisterska/ros2_ws/install/estimator_pkg/lib/python3.10/site-packages:/home/dron/Praca-magisterska/ros2_ws/install/custom_msgs/local/lib/python3.10/dist-packages:/opt/ros/humble/lib/python3.10/site-packages:/opt/ros/humble/local/lib/python3.10/dist-packages::/home/dron/Praca-magisterska/ros2_ws/venv/lib/python3.12/site-packages'), ('COLCON', '1'), ('CMAKE_PREFIX_PATH', '/home/dron/Praca-magisterska/ros2_ws/install/my_cpp_pkg:/home/dron/Praca-magisterska/ros2_ws/install/custom_msgs:/home/dron/Praca-magisterska/ros2_ws/install/um7_pkg:/home/dron/Praca-magisterska/ros2_ws/install/my_py_pkg:/home/dron/Praca-magisterska/ros2_ws/install/log_data_pkg:/home/dron/Praca-magisterska/ros2_ws/install/flight_controller_pkg:/home/dron/Praca-magisterska/ros2_ws/install/flask_pkg:/home/dron/Praca-magisterska/ros2_ws/install/estimator_pkg:/opt/ros/humble')]), 'shell': False}
[0.202505] (-) TimerEvent: {}
[0.303318] (-) TimerEvent: {}
[0.404149] (-) TimerEvent: {}
[0.504953] (-) TimerEvent: {}
[0.605815] (-) TimerEvent: {}
[0.706876] (-) TimerEvent: {}
[0.756126] (custom_msgs) StdoutLine: {'line': b'[  1%] Built target custom_msgs__cpp\n'}
[0.807154] (-) TimerEvent: {}
[0.843902] (custom_msgs) StdoutLine: {'line': b'[ 12%] Built target custom_msgs__rosidl_generator_c\n'}
[0.907483] (-) TimerEvent: {}
[0.951923] (custom_msgs) StdoutLine: {'line': b'[ 12%] Built target ament_cmake_python_copy_custom_msgs\n'}
[0.967894] (my_cpp_pkg) StdoutLine: {'line': b'[100%] Built target cpp_node\n'}
[0.974207] (custom_msgs) StdoutLine: {'line': b'[ 24%] Built target custom_msgs__rosidl_typesupport_cpp\n'}
[1.007638] (-) TimerEvent: {}
[1.057210] (custom_msgs) StdoutLine: {'line': b'[ 36%] Built target custom_msgs__rosidl_typesupport_introspection_cpp\n'}
[1.062514] (custom_msgs) StdoutLine: {'line': b'[ 46%] Built target custom_msgs__rosidl_typesupport_fastrtps_cpp\n'}
[1.107852] (-) TimerEvent: {}
[1.140789] (custom_msgs) StdoutLine: {'line': b'[ 58%] Built target custom_msgs__rosidl_typesupport_fastrtps_c\n'}
[1.168605] (custom_msgs) StdoutLine: {'line': b'[ 69%] Built target custom_msgs__rosidl_typesupport_introspection_c\n'}
[1.208067] (-) TimerEvent: {}
[1.210139] (custom_msgs) StdoutLine: {'line': b'[ 81%] Built target custom_msgs__rosidl_typesupport_c\n'}
[1.301165] (custom_msgs) StdoutLine: {'line': b'[ 81%] Built target custom_msgs\n'}
[1.308305] (-) TimerEvent: {}
[1.409910] (-) TimerEvent: {}
[1.425341] (custom_msgs) StdoutLine: {'line': b'[ 82%] Built target custom_msgs__py\n'}
[1.510060] (-) TimerEvent: {}
[1.610861] (-) TimerEvent: {}
[1.658815] (custom_msgs) StdoutLine: {'line': b'[ 92%] Built target custom_msgs__rosidl_generator_py\n'}
[1.715989] (-) TimerEvent: {}
[1.727498] (my_cpp_pkg) CommandEnded: {'returncode': 0}
[1.732002] (my_cpp_pkg) JobProgress: {'identifier': 'my_cpp_pkg', 'progress': 'install'}
[1.775669] (my_cpp_pkg) Command: {'cmd': ['/usr/bin/cmake', '--install', '/home/dron/Praca-magisterska/ros2_ws/build/my_cpp_pkg'], 'cwd': '/home/dron/Praca-magisterska/ros2_ws/build/my_cpp_pkg', 'env': OrderedDict([('LESSOPEN', '| /usr/bin/lesspipe %s'), ('USER', 'dron'), ('SSH_CLIENT', 'fe80::73bc:b5b3:a668:f352%wlan0 57528 22'), ('XDG_SESSION_TYPE', 'tty'), ('SHLVL', '1'), ('LD_LIBRARY_PATH', '/home/dron/Praca-magisterska/ros2_ws/install/custom_msgs/lib:/opt/ros/humble/lib/aarch64-linux-gnu:/opt/ros/humble/lib'), ('MOTD_SHOWN', 'pam'), ('HOME', '/home/dron'), ('OLDPWD', '/home/dron'), ('SSH_TTY', '/dev/pts/0'), ('ROS_PYTHON_VERSION', '3'), ('PS1', '(venv) \\[\\e]0;\\u@\\h: \\w\\a\\]${debian_chroot:+($debian_chroot)}\\u@\\h:\\w\\$'), ('DBUS_SESSION_BUS_ADDRESS', 'unix:path=/run/user/1000/bus'), ('COLCON_PREFIX_PATH', '/home/dron/Praca-magisterska/ros2_ws/install'), ('ROS_DISTRO', 'humble'), ('LOGNAME', 'dron'), ('_', '/usr/bin/colcon'), ('ROS_VERSION', '2'), ('XDG_SESSION_CLASS', 'user'), ('TERM', 'xterm'), ('XDG_SESSION_ID', '2'), ('ROS_LOCALHOST_ONLY', '0'), ('PATH', '/opt/ros/humble/bin:/home/rosbot/ros2_ws/venv/bin:/usr/local/sbin:/usr/local/bin:/usr/sbin:/usr/bin:/sbin:/bin:/usr/games:/usr/local/games:/snap/bin'), ('XDG_RUNTIME_DIR', '/run/user/1000'), ('LANG', 'C.UTF-8'), ('VIRTUAL_ENV_PROMPT', '(venv)'), ('LS_COLORS', 'rs=0:di=01;34:ln=01;36:mh=00:pi=40;33:so=01;35:do=01;35:bd=40;33;01:cd=40;33;01:or=40;31;01:mi=00:su=37;41:sg=30;43:ca=30;41:tw=30;42:ow=34;42:st=37;44:ex=01;32:*.tar=01;31:*.tgz=01;31:*.arc=01;31:*.arj=01;31:*.taz=01;31:*.lha=01;31:*.lz4=01;31:*.lzh=01;31:*.lzma=01;31:*.tlz=01;31:*.txz=01;31:*.tzo=01;31:*.t7z=01;31:*.zip=01;31:*.z=01;31:*.dz=01;31:*.gz=01;31:*.lrz=01;31:*.lz=01;31:*.lzo=01;31:*.xz=01;31:*.zst=01;31:*.tzst=01;31:*.bz2=01;31:*.bz=01;31:*.tbz=01;31:*.tbz2=01;31:*.tz=01;31:*.deb=01;31:*.rpm=01;31:*.jar=01;31:*.war=01;31:*.ear=01;31:*.sar=01;31:*.rar=01;31:*.alz=01;31:*.ace=01;31:*.zoo=01;31:*.cpio=01;31:*.7z=01;31:*.rz=01;31:*.cab=01;31:*.wim=01;31:*.swm=01;31:*.dwm=01;31:*.esd=01;31:*.jpg=01;35:*.jpeg=01;35:*.mjpg=01;35:*.mjpeg=01;35:*.gif=01;35:*.bmp=01;35:*.pbm=01;35:*.pgm=01;35:*.ppm=01;35:*.tga=01;35:*.xbm=01;35:*.xpm=01;35:*.tif=01;35:*.tiff=01;35:*.png=01;35:*.svg=01;35:*.svgz=01;35:*.mng=01;35:*.pcx=01;35:*.mov=01;35:*.mpg=01;35:*.mpeg=01;35:*.m2v=01;35:*.mkv=01;35:*.webm=01;35:*.webp=01;35:*.ogm=01;35:*.mp4=01;35:*.m4v=01;35:*.mp4v=01;35:*.vob=01;35:*.qt=01;35:*.nuv=01;35:*.wmv=01;35:*.asf=01;35:*.rm=01;35:*.rmvb=01;35:*.flc=01;35:*.avi=01;35:*.fli=01;35:*.flv=01;35:*.gl=01;35:*.dl=01;35:*.xcf=01;35:*.xwd=01;35:*.yuv=01;35:*.cgm=01;35:*.emf=01;35:*.ogv=01;35:*.ogx=01;35:*.aac=00;36:*.au=00;36:*.flac=00;36:*.m4a=00;36:*.mid=00;36:*.midi=00;36:*.mka=00;36:*.mp3=00;36:*.mpc=00;36:*.ogg=00;36:*.ra=00;36:*.wav=00;36:*.oga=00;36:*.opus=00;36:*.spx=00;36:*.xspf=00;36:'), ('AMENT_PREFIX_PATH', '/home/dron/Praca-magisterska/ros2_ws/install/um7_pkg:/home/dron/Praca-magisterska/ros2_ws/install/my_py_pkg:/home/dron/Praca-magisterska/ros2_ws/install/my_cpp_pkg:/home/dron/Praca-magisterska/ros2_ws/install/log_data_pkg:/home/dron/Praca-magisterska/ros2_ws/install/flight_controller_pkg:/home/dron/Praca-magisterska/ros2_ws/install/flask_pkg:/home/dron/Praca-magisterska/ros2_ws/install/estimator_pkg:/home/dron/Praca-magisterska/ros2_ws/install/custom_msgs:/opt/ros/humble'), ('SHELL', '/bin/bash'), ('LESSCLOSE', '/usr/bin/lesspipe %s %s'), ('VIRTUAL_ENV', '/home/rosbot/ros2_ws/venv'), ('PWD', '/home/dron/Praca-magisterska/ros2_ws/build/my_cpp_pkg'), ('SSH_CONNECTION', 'fe80::73bc:b5b3:a668:f352%wlan0 57528 fe80::da3a:ddff:fe3f:f331%wlan0 22'), ('XDG_DATA_DIRS', '/usr/local/share:/usr/share:/var/lib/snapd/desktop'), ('PYTHONPATH', '/home/dron/Praca-magisterska/ros2_ws/install/um7_pkg/lib/python3.10/site-packages:/home/dron/Praca-magisterska/ros2_ws/install/my_py_pkg/lib/python3.10/site-packages:/home/dron/Praca-magisterska/ros2_ws/install/log_data_pkg/lib/python3.10/site-packages:/home/dron/Praca-magisterska/ros2_ws/install/flight_controller_pkg/lib/python3.10/site-packages:/home/dron/Praca-magisterska/ros2_ws/install/flask_pkg/lib/python3.10/site-packages:/home/dron/Praca-magisterska/ros2_ws/install/estimator_pkg/lib/python3.10/site-packages:/home/dron/Praca-magisterska/ros2_ws/install/custom_msgs/local/lib/python3.10/dist-packages:/opt/ros/humble/lib/python3.10/site-packages:/opt/ros/humble/local/lib/python3.10/dist-packages::/home/dron/Praca-magisterska/ros2_ws/venv/lib/python3.12/site-packages'), ('COLCON', '1'), ('CMAKE_PREFIX_PATH', '/home/dron/Praca-magisterska/ros2_ws/install/my_cpp_pkg:/home/dron/Praca-magisterska/ros2_ws/install/custom_msgs:/home/dron/Praca-magisterska/ros2_ws/install/um7_pkg:/home/dron/Praca-magisterska/ros2_ws/install/my_py_pkg:/home/dron/Praca-magisterska/ros2_ws/install/log_data_pkg:/home/dron/Praca-magisterska/ros2_ws/install/flight_controller_pkg:/home/dron/Praca-magisterska/ros2_ws/install/flask_pkg:/home/dron/Praca-magisterska/ros2_ws/install/estimator_pkg:/opt/ros/humble')]), 'shell': False}
[1.818752] (-) TimerEvent: {}
[1.819409] (custom_msgs) StdoutLine: {'line': b'[ 94%] Built target custom_msgs__rosidl_typesupport_introspection_c__pyext\n'}
[1.821267] (custom_msgs) StdoutLine: {'line': b'[ 97%] Built target custom_msgs__rosidl_typesupport_fastrtps_c__pyext\n'}
[1.830547] (my_cpp_pkg) StdoutLine: {'line': b'-- Install configuration: ""\n'}
[1.837198] (my_cpp_pkg) StdoutLine: {'line': b'-- Up-to-date: /home/dron/Praca-magisterska/ros2_ws/install/my_cpp_pkg/lib/my_cpp_pkg/cpp_node\n'}
[1.838995] (my_cpp_pkg) StdoutLine: {'line': b'-- Up-to-date: /home/dron/Praca-magisterska/ros2_ws/install/my_cpp_pkg/share/ament_index/resource_index/package_run_dependencies/my_cpp_pkg\n'}
[1.841098] (my_cpp_pkg) StdoutLine: {'line': b'-- Up-to-date: /home/dron/Praca-magisterska/ros2_ws/install/my_cpp_pkg/share/ament_index/resource_index/parent_prefix_path/my_cpp_pkg\n'}
[1.842568] (my_cpp_pkg) StdoutLine: {'line': b'-- Up-to-date: /home/dron/Praca-magisterska/ros2_ws/install/my_cpp_pkg/share/my_cpp_pkg/environment/ament_prefix_path.sh\n'}
[1.844325] (my_cpp_pkg) StdoutLine: {'line': b'-- Up-to-date: /home/dron/Praca-magisterska/ros2_ws/install/my_cpp_pkg/share/my_cpp_pkg/environment/ament_prefix_path.dsv\n'}
[1.844800] (my_cpp_pkg) StdoutLine: {'line': b'-- Up-to-date: /home/dron/Praca-magisterska/ros2_ws/install/my_cpp_pkg/share/my_cpp_pkg/environment/path.sh\n'}
[1.845233] (my_cpp_pkg) StdoutLine: {'line': b'-- Up-to-date: /home/dron/Praca-magisterska/ros2_ws/install/my_cpp_pkg/share/my_cpp_pkg/environment/path.dsv\n'}
[1.850728] (my_cpp_pkg) StdoutLine: {'line': b'-- Up-to-date: /home/dron/Praca-magisterska/ros2_ws/install/my_cpp_pkg/share/my_cpp_pkg/local_setup.bash\n'}
[1.851331] (my_cpp_pkg) StdoutLine: {'line': b'-- Up-to-date: /home/dron/Praca-magisterska/ros2_ws/install/my_cpp_pkg/share/my_cpp_pkg/local_setup.sh\n'}
[1.852004] (my_cpp_pkg) StdoutLine: {'line': b'-- Up-to-date: /home/dron/Praca-magisterska/ros2_ws/install/my_cpp_pkg/share/my_cpp_pkg/local_setup.zsh\n'}
[1.853003] (my_cpp_pkg) StdoutLine: {'line': b'-- Up-to-date: /home/dron/Praca-magisterska/ros2_ws/install/my_cpp_pkg/share/my_cpp_pkg/local_setup.dsv\n'}
[1.853629] (my_cpp_pkg) StdoutLine: {'line': b'-- Installing: /home/dron/Praca-magisterska/ros2_ws/install/my_cpp_pkg/share/my_cpp_pkg/package.dsv\n'}
[1.854254] (my_cpp_pkg) StdoutLine: {'line': b'-- Up-to-date: /home/dron/Praca-magisterska/ros2_ws/install/my_cpp_pkg/share/ament_index/resource_index/packages/my_cpp_pkg\n'}
[1.854915] (my_cpp_pkg) StdoutLine: {'line': b'-- Up-to-date: /home/dron/Praca-magisterska/ros2_ws/install/my_cpp_pkg/share/my_cpp_pkg/cmake/my_cpp_pkgConfig.cmake\n'}
[1.855685] (my_cpp_pkg) StdoutLine: {'line': b'-- Up-to-date: /home/dron/Praca-magisterska/ros2_ws/install/my_cpp_pkg/share/my_cpp_pkg/cmake/my_cpp_pkgConfig-version.cmake\n'}
[1.856448] (my_cpp_pkg) StdoutLine: {'line': b'-- Up-to-date: /home/dron/Praca-magisterska/ros2_ws/install/my_cpp_pkg/share/my_cpp_pkg/package.xml\n'}
[1.873096] (custom_msgs) StdoutLine: {'line': b'[100%] Built target custom_msgs__rosidl_typesupport_c__pyext\n'}
[1.881433] (my_cpp_pkg) CommandEnded: {'returncode': 0}
[1.919016] (-) TimerEvent: {}
[1.964019] (my_cpp_pkg) JobEnded: {'identifier': 'my_cpp_pkg', 'rc': 0}
[2.019161] (-) TimerEvent: {}
[2.120378] (-) TimerEvent: {}
[2.221911] (-) TimerEvent: {}
[2.323927] (-) TimerEvent: {}
[2.426089] (-) TimerEvent: {}
[2.450327] (custom_msgs) StdoutLine: {'line': b'running egg_info\n'}
[2.456009] (custom_msgs) StdoutLine: {'line': b'writing custom_msgs.egg-info/PKG-INFO\n'}
[2.456842] (custom_msgs) StdoutLine: {'line': b'writing dependency_links to custom_msgs.egg-info/dependency_links.txt\n'}
[2.460638] (custom_msgs) StdoutLine: {'line': b'writing top-level names to custom_msgs.egg-info/top_level.txt\n'}
[2.468124] (custom_msgs) StdoutLine: {'line': b"reading manifest file 'custom_msgs.egg-info/SOURCES.txt'\n"}
[2.471463] (custom_msgs) StdoutLine: {'line': b"writing manifest file 'custom_msgs.egg-info/SOURCES.txt'\n"}
[2.526381] (-) TimerEvent: {}
[2.606310] (custom_msgs) StdoutLine: {'line': b'[100%] Built target ament_cmake_python_build_custom_msgs_egg\n'}
[2.626515] (-) TimerEvent: {}
[2.657148] (custom_msgs) CommandEnded: {'returncode': 0}
[2.660910] (custom_msgs) JobProgress: {'identifier': 'custom_msgs', 'progress': 'install'}
[2.661838] (custom_msgs) Command: {'cmd': ['/usr/bin/cmake', '--install', '/home/dron/Praca-magisterska/ros2_ws/build/custom_msgs'], 'cwd': '/home/dron/Praca-magisterska/ros2_ws/build/custom_msgs', 'env': OrderedDict([('LESSOPEN', '| /usr/bin/lesspipe %s'), ('USER', 'dron'), ('SSH_CLIENT', 'fe80::73bc:b5b3:a668:f352%wlan0 57528 22'), ('XDG_SESSION_TYPE', 'tty'), ('SHLVL', '1'), ('LD_LIBRARY_PATH', '/home/dron/Praca-magisterska/ros2_ws/install/custom_msgs/lib:/opt/ros/humble/lib/aarch64-linux-gnu:/opt/ros/humble/lib'), ('MOTD_SHOWN', 'pam'), ('HOME', '/home/dron'), ('OLDPWD', '/home/dron'), ('SSH_TTY', '/dev/pts/0'), ('ROS_PYTHON_VERSION', '3'), ('PS1', '(venv) \\[\\e]0;\\u@\\h: \\w\\a\\]${debian_chroot:+($debian_chroot)}\\u@\\h:\\w\\$'), ('DBUS_SESSION_BUS_ADDRESS', 'unix:path=/run/user/1000/bus'), ('COLCON_PREFIX_PATH', '/home/dron/Praca-magisterska/ros2_ws/install'), ('ROS_DISTRO', 'humble'), ('LOGNAME', 'dron'), ('_', '/usr/bin/colcon'), ('ROS_VERSION', '2'), ('XDG_SESSION_CLASS', 'user'), ('TERM', 'xterm'), ('XDG_SESSION_ID', '2'), ('ROS_LOCALHOST_ONLY', '0'), ('PATH', '/opt/ros/humble/bin:/home/rosbot/ros2_ws/venv/bin:/usr/local/sbin:/usr/local/bin:/usr/sbin:/usr/bin:/sbin:/bin:/usr/games:/usr/local/games:/snap/bin'), ('XDG_RUNTIME_DIR', '/run/user/1000'), ('LANG', 'C.UTF-8'), ('VIRTUAL_ENV_PROMPT', '(venv)'), ('LS_COLORS', 'rs=0:di=01;34:ln=01;36:mh=00:pi=40;33:so=01;35:do=01;35:bd=40;33;01:cd=40;33;01:or=40;31;01:mi=00:su=37;41:sg=30;43:ca=30;41:tw=30;42:ow=34;42:st=37;44:ex=01;32:*.tar=01;31:*.tgz=01;31:*.arc=01;31:*.arj=01;31:*.taz=01;31:*.lha=01;31:*.lz4=01;31:*.lzh=01;31:*.lzma=01;31:*.tlz=01;31:*.txz=01;31:*.tzo=01;31:*.t7z=01;31:*.zip=01;31:*.z=01;31:*.dz=01;31:*.gz=01;31:*.lrz=01;31:*.lz=01;31:*.lzo=01;31:*.xz=01;31:*.zst=01;31:*.tzst=01;31:*.bz2=01;31:*.bz=01;31:*.tbz=01;31:*.tbz2=01;31:*.tz=01;31:*.deb=01;31:*.rpm=01;31:*.jar=01;31:*.war=01;31:*.ear=01;31:*.sar=01;31:*.rar=01;31:*.alz=01;31:*.ace=01;31:*.zoo=01;31:*.cpio=01;31:*.7z=01;31:*.rz=01;31:*.cab=01;31:*.wim=01;31:*.swm=01;31:*.dwm=01;31:*.esd=01;31:*.jpg=01;35:*.jpeg=01;35:*.mjpg=01;35:*.mjpeg=01;35:*.gif=01;35:*.bmp=01;35:*.pbm=01;35:*.pgm=01;35:*.ppm=01;35:*.tga=01;35:*.xbm=01;35:*.xpm=01;35:*.tif=01;35:*.tiff=01;35:*.png=01;35:*.svg=01;35:*.svgz=01;35:*.mng=01;35:*.pcx=01;35:*.mov=01;35:*.mpg=01;35:*.mpeg=01;35:*.m2v=01;35:*.mkv=01;35:*.webm=01;35:*.webp=01;35:*.ogm=01;35:*.mp4=01;35:*.m4v=01;35:*.mp4v=01;35:*.vob=01;35:*.qt=01;35:*.nuv=01;35:*.wmv=01;35:*.asf=01;35:*.rm=01;35:*.rmvb=01;35:*.flc=01;35:*.avi=01;35:*.fli=01;35:*.flv=01;35:*.gl=01;35:*.dl=01;35:*.xcf=01;35:*.xwd=01;35:*.yuv=01;35:*.cgm=01;35:*.emf=01;35:*.ogv=01;35:*.ogx=01;35:*.aac=00;36:*.au=00;36:*.flac=00;36:*.m4a=00;36:*.mid=00;36:*.midi=00;36:*.mka=00;36:*.mp3=00;36:*.mpc=00;36:*.ogg=00;36:*.ra=00;36:*.wav=00;36:*.oga=00;36:*.opus=00;36:*.spx=00;36:*.xspf=00;36:'), ('AMENT_PREFIX_PATH', '/home/dron/Praca-magisterska/ros2_ws/install/um7_pkg:/home/dron/Praca-magisterska/ros2_ws/install/my_py_pkg:/home/dron/Praca-magisterska/ros2_ws/install/my_cpp_pkg:/home/dron/Praca-magisterska/ros2_ws/install/log_data_pkg:/home/dron/Praca-magisterska/ros2_ws/install/flight_controller_pkg:/home/dron/Praca-magisterska/ros2_ws/install/flask_pkg:/home/dron/Praca-magisterska/ros2_ws/install/estimator_pkg:/home/dron/Praca-magisterska/ros2_ws/install/custom_msgs:/opt/ros/humble'), ('SHELL', '/bin/bash'), ('LESSCLOSE', '/usr/bin/lesspipe %s %s'), ('VIRTUAL_ENV', '/home/rosbot/ros2_ws/venv'), ('PWD', '/home/dron/Praca-magisterska/ros2_ws/build/custom_msgs'), ('SSH_CONNECTION', 'fe80::73bc:b5b3:a668:f352%wlan0 57528 fe80::da3a:ddff:fe3f:f331%wlan0 22'), ('XDG_DATA_DIRS', '/usr/local/share:/usr/share:/var/lib/snapd/desktop'), ('PYTHONPATH', '/home/dron/Praca-magisterska/ros2_ws/install/um7_pkg/lib/python3.10/site-packages:/home/dron/Praca-magisterska/ros2_ws/install/my_py_pkg/lib/python3.10/site-packages:/home/dron/Praca-magisterska/ros2_ws/install/log_data_pkg/lib/python3.10/site-packages:/home/dron/Praca-magisterska/ros2_ws/install/flight_controller_pkg/lib/python3.10/site-packages:/home/dron/Praca-magisterska/ros2_ws/install/flask_pkg/lib/python3.10/site-packages:/home/dron/Praca-magisterska/ros2_ws/install/estimator_pkg/lib/python3.10/site-packages:/home/dron/Praca-magisterska/ros2_ws/install/custom_msgs/local/lib/python3.10/dist-packages:/opt/ros/humble/lib/python3.10/site-packages:/opt/ros/humble/local/lib/python3.10/dist-packages::/home/dron/Praca-magisterska/ros2_ws/venv/lib/python3.12/site-packages'), ('COLCON', '1'), ('CMAKE_PREFIX_PATH', '/home/dron/Praca-magisterska/ros2_ws/install/my_cpp_pkg:/home/dron/Praca-magisterska/ros2_ws/install/custom_msgs:/home/dron/Praca-magisterska/ros2_ws/install/um7_pkg:/home/dron/Praca-magisterska/ros2_ws/install/my_py_pkg:/home/dron/Praca-magisterska/ros2_ws/install/log_data_pkg:/home/dron/Praca-magisterska/ros2_ws/install/flight_controller_pkg:/home/dron/Praca-magisterska/ros2_ws/install/flask_pkg:/home/dron/Praca-magisterska/ros2_ws/install/estimator_pkg:/opt/ros/humble')]), 'shell': False}
[2.696256] (custom_msgs) StdoutLine: {'line': b'-- Install configuration: ""\n'}
[2.697378] (custom_msgs) StdoutLine: {'line': b'-- Up-to-date: /home/dron/Praca-magisterska/ros2_ws/install/custom_msgs/share/ament_index/resource_index/rosidl_interfaces/custom_msgs\n'}
[2.698235] (custom_msgs) StdoutLine: {'line': b'-- Up-to-date: /home/dron/Praca-magisterska/ros2_ws/install/custom_msgs/include/custom_msgs/custom_msgs\n'}
[2.699138] (custom_msgs) StdoutLine: {'line': b'-- Up-to-date: /home/dron/Praca-magisterska/ros2_ws/install/custom_msgs/include/custom_msgs/custom_msgs/msg\n'}
[2.699789] (custom_msgs) StdoutLine: {'line': b'-- Up-to-date: /home/dron/Praca-magisterska/ros2_ws/install/custom_msgs/include/custom_msgs/custom_msgs/msg/imu_data.h\n'}
[2.700412] (custom_msgs) StdoutLine: {'line': b'-- Up-to-date: /home/dron/Praca-magisterska/ros2_ws/install/custom_msgs/include/custom_msgs/custom_msgs/msg/data_xyz.h\n'}
[2.700869] (custom_msgs) StdoutLine: {'line': b'-- Up-to-date: /home/dron/Praca-magisterska/ros2_ws/install/custom_msgs/include/custom_msgs/custom_msgs/msg/gyro_data.h\n'}
[2.701810] (custom_msgs) StdoutLine: {'line': b'-- Up-to-date: /home/dron/Praca-magisterska/ros2_ws/install/custom_msgs/include/custom_msgs/custom_msgs/msg/estimator_data.h\n'}
[2.703156] (custom_msgs) StdoutLine: {'line': b'-- Up-to-date: /home/dron/Praca-magisterska/ros2_ws/install/custom_msgs/include/custom_msgs/custom_msgs/msg/accel_data.h\n'}
[2.704181] (custom_msgs) StdoutLine: {'line': b'-- Up-to-date: /home/dron/Praca-magisterska/ros2_ws/install/custom_msgs/include/custom_msgs/custom_msgs/msg/possition_data.h\n'}
[2.705098] (custom_msgs) StdoutLine: {'line': b'-- Up-to-date: /home/dron/Praca-magisterska/ros2_ws/install/custom_msgs/include/custom_msgs/custom_msgs/msg/rosidl_generator_c__visibility_control.h\n'}
[2.706096] (custom_msgs) StdoutLine: {'line': b'-- Up-to-date: /home/dron/Praca-magisterska/ros2_ws/install/custom_msgs/include/custom_msgs/custom_msgs/msg/detail\n'}
[2.707149] (custom_msgs) StdoutLine: {'line': b'-- Up-to-date: /home/dron/Praca-magisterska/ros2_ws/install/custom_msgs/include/custom_msgs/custom_msgs/msg/detail/accel_data__type_support.h\n'}
[2.708118] (custom_msgs) StdoutLine: {'line': b'-- Up-to-date: /home/dron/Praca-magisterska/ros2_ws/install/custom_msgs/include/custom_msgs/custom_msgs/msg/detail/data_xyz__functions.h\n'}
[2.708964] (custom_msgs) StdoutLine: {'line': b'-- Up-to-date: /home/dron/Praca-magisterska/ros2_ws/install/custom_msgs/include/custom_msgs/custom_msgs/msg/detail/possition_data__struct.h\n'}
[2.710088] (custom_msgs) StdoutLine: {'line': b'-- Up-to-date: /home/dron/Praca-magisterska/ros2_ws/install/custom_msgs/include/custom_msgs/custom_msgs/msg/detail/estimator_data__functions.c\n'}
[2.710968] (custom_msgs) StdoutLine: {'line': b'-- Up-to-date: /home/dron/Praca-magisterska/ros2_ws/install/custom_msgs/include/custom_msgs/custom_msgs/msg/detail/speed_data__type_support.h\n'}
[2.711909] (custom_msgs) StdoutLine: {'line': b'-- Up-to-date: /home/dron/Praca-magisterska/ros2_ws/install/custom_msgs/include/custom_msgs/custom_msgs/msg/detail/imu_data__functions.h\n'}
[2.712424] (custom_msgs) StdoutLine: {'line': b'-- Up-to-date: /home/dron/Praca-magisterska/ros2_ws/install/custom_msgs/include/custom_msgs/custom_msgs/msg/detail/imu_data__type_support.h\n'}
[2.712802] (custom_msgs) StdoutLine: {'line': b'-- Up-to-date: /home/dron/Praca-magisterska/ros2_ws/install/custom_msgs/include/custom_msgs/custom_msgs/msg/detail/accel_data__functions.c\n'}
[2.713388] (custom_msgs) StdoutLine: {'line': b'-- Up-to-date: /home/dron/Praca-magisterska/ros2_ws/install/custom_msgs/include/custom_msgs/custom_msgs/msg/detail/possition_data__type_support.h\n'}
[2.713989] (custom_msgs) StdoutLine: {'line': b'-- Up-to-date: /home/dron/Praca-magisterska/ros2_ws/install/custom_msgs/include/custom_msgs/custom_msgs/msg/detail/gyro_data__functions.c\n'}
[2.714424] (custom_msgs) StdoutLine: {'line': b'-- Up-to-date: /home/dron/Praca-magisterska/ros2_ws/install/custom_msgs/include/custom_msgs/custom_msgs/msg/detail/estimator_data__struct.h\n'}
[2.714943] (custom_msgs) StdoutLine: {'line': b'-- Up-to-date: /home/dron/Praca-magisterska/ros2_ws/install/custom_msgs/include/custom_msgs/custom_msgs/msg/detail/estimator_data__type_support.h\n'}
[2.715361] (custom_msgs) StdoutLine: {'line': b'-- Up-to-date: /home/dron/Praca-magisterska/ros2_ws/install/custom_msgs/include/custom_msgs/custom_msgs/msg/detail/possition_data__functions.h\n'}
[2.716115] (custom_msgs) StdoutLine: {'line': b'-- Up-to-date: /home/dron/Praca-magisterska/ros2_ws/install/custom_msgs/include/custom_msgs/custom_msgs/msg/detail/gyro_data__struct.h\n'}
[2.716492] (custom_msgs) StdoutLine: {'line': b'-- Up-to-date: /home/dron/Praca-magisterska/ros2_ws/install/custom_msgs/include/custom_msgs/custom_msgs/msg/detail/data_xyz__functions.c\n'}
[2.716881] (custom_msgs) StdoutLine: {'line': b'-- Up-to-date: /home/dron/Praca-magisterska/ros2_ws/install/custom_msgs/include/custom_msgs/custom_msgs/msg/detail/speed_data__functions.c\n'}
[2.717410] (custom_msgs) StdoutLine: {'line': b'-- Up-to-date: /home/dron/Praca-magisterska/ros2_ws/install/custom_msgs/include/custom_msgs/custom_msgs/msg/detail/speed_data__functions.h\n'}
[2.718085] (custom_msgs) StdoutLine: {'line': b'-- Up-to-date: /home/dron/Praca-magisterska/ros2_ws/install/custom_msgs/include/custom_msgs/custom_msgs/msg/detail/data_xyz__type_support.h\n'}
[2.718823] (custom_msgs) StdoutLine: {'line': b'-- Up-to-date: /home/dron/Praca-magisterska/ros2_ws/install/custom_msgs/include/custom_msgs/custom_msgs/msg/detail/imu_data__functions.c\n'}
[2.719182] (custom_msgs) StdoutLine: {'line': b'-- Up-to-date: /home/dron/Praca-magisterska/ros2_ws/install/custom_msgs/include/custom_msgs/custom_msgs/msg/detail/accel_data__functions.h\n'}
[2.719732] (custom_msgs) StdoutLine: {'line': b'-- Up-to-date: /home/dron/Praca-magisterska/ros2_ws/install/custom_msgs/include/custom_msgs/custom_msgs/msg/detail/imu_data__struct.h\n'}
[2.720475] (custom_msgs) StdoutLine: {'line': b'-- Up-to-date: /home/dron/Praca-magisterska/ros2_ws/install/custom_msgs/include/custom_msgs/custom_msgs/msg/detail/speed_data__struct.h\n'}
[2.721228] (custom_msgs) StdoutLine: {'line': b'-- Up-to-date: /home/dron/Praca-magisterska/ros2_ws/install/custom_msgs/include/custom_msgs/custom_msgs/msg/detail/gyro_data__type_support.h\n'}
[2.722110] (custom_msgs) StdoutLine: {'line': b'-- Up-to-date: /home/dron/Praca-magisterska/ros2_ws/install/custom_msgs/include/custom_msgs/custom_msgs/msg/detail/possition_data__functions.c\n'}
[2.722568] (custom_msgs) StdoutLine: {'line': b'-- Up-to-date: /home/dron/Praca-magisterska/ros2_ws/install/custom_msgs/include/custom_msgs/custom_msgs/msg/detail/estimator_data__functions.h\n'}
[2.722904] (custom_msgs) StdoutLine: {'line': b'-- Up-to-date: /home/dron/Praca-magisterska/ros2_ws/install/custom_msgs/include/custom_msgs/custom_msgs/msg/detail/accel_data__struct.h\n'}
[2.723432] (custom_msgs) StdoutLine: {'line': b'-- Up-to-date: /home/dron/Praca-magisterska/ros2_ws/install/custom_msgs/include/custom_msgs/custom_msgs/msg/detail/gyro_data__functions.h\n'}
[2.723829] (custom_msgs) StdoutLine: {'line': b'-- Up-to-date: /home/dron/Praca-magisterska/ros2_ws/install/custom_msgs/include/custom_msgs/custom_msgs/msg/detail/data_xyz__struct.h\n'}
[2.724352] (custom_msgs) StdoutLine: {'line': b'-- Up-to-date: /home/dron/Praca-magisterska/ros2_ws/install/custom_msgs/include/custom_msgs/custom_msgs/msg/speed_data.h\n'}
[2.724795] (custom_msgs) StdoutLine: {'line': b'-- Up-to-date: /home/dron/Praca-magisterska/ros2_ws/install/custom_msgs/share/custom_msgs/environment/library_path.sh\n'}
[2.725314] (custom_msgs) StdoutLine: {'line': b'-- Up-to-date: /home/dron/Praca-magisterska/ros2_ws/install/custom_msgs/share/custom_msgs/environment/library_path.dsv\n'}
[2.725733] (custom_msgs) StdoutLine: {'line': b'-- Up-to-date: /home/dron/Praca-magisterska/ros2_ws/install/custom_msgs/lib/libcustom_msgs__rosidl_generator_c.so\n'}
[2.726358] (custom_msgs) StdoutLine: {'line': b'-- Up-to-date: /home/dron/Praca-magisterska/ros2_ws/install/custom_msgs/include/custom_msgs/custom_msgs\n'}
[2.726777] (-) TimerEvent: {}
[2.727189] (custom_msgs) StdoutLine: {'line': b'-- Up-to-date: /home/dron/Praca-magisterska/ros2_ws/install/custom_msgs/include/custom_msgs/custom_msgs/msg\n'}
[2.727808] (custom_msgs) StdoutLine: {'line': b'-- Up-to-date: /home/dron/Praca-magisterska/ros2_ws/install/custom_msgs/include/custom_msgs/custom_msgs/msg/rosidl_typesupport_fastrtps_c__visibility_control.h\n'}
[2.728508] (custom_msgs) StdoutLine: {'line': b'-- Up-to-date: /home/dron/Praca-magisterska/ros2_ws/install/custom_msgs/include/custom_msgs/custom_msgs/msg/detail\n'}
[2.729104] (custom_msgs) StdoutLine: {'line': b'-- Up-to-date: /home/dron/Praca-magisterska/ros2_ws/install/custom_msgs/include/custom_msgs/custom_msgs/msg/detail/speed_data__rosidl_typesupport_fastrtps_c.h\n'}
[2.729652] (custom_msgs) StdoutLine: {'line': b'-- Up-to-date: /home/dron/Praca-magisterska/ros2_ws/install/custom_msgs/include/custom_msgs/custom_msgs/msg/detail/imu_data__rosidl_typesupport_fastrtps_c.h\n'}
[2.730153] (custom_msgs) StdoutLine: {'line': b'-- Up-to-date: /home/dron/Praca-magisterska/ros2_ws/install/custom_msgs/include/custom_msgs/custom_msgs/msg/detail/gyro_data__rosidl_typesupport_fastrtps_c.h\n'}
[2.730684] (custom_msgs) StdoutLine: {'line': b'-- Up-to-date: /home/dron/Praca-magisterska/ros2_ws/install/custom_msgs/include/custom_msgs/custom_msgs/msg/detail/accel_data__rosidl_typesupport_fastrtps_c.h\n'}
[2.731214] (custom_msgs) StdoutLine: {'line': b'-- Up-to-date: /home/dron/Praca-magisterska/ros2_ws/install/custom_msgs/include/custom_msgs/custom_msgs/msg/detail/data_xyz__rosidl_typesupport_fastrtps_c.h\n'}
[2.731915] (custom_msgs) StdoutLine: {'line': b'-- Up-to-date: /home/dron/Praca-magisterska/ros2_ws/install/custom_msgs/include/custom_msgs/custom_msgs/msg/detail/possition_data__rosidl_typesupport_fastrtps_c.h\n'}
[2.732467] (custom_msgs) StdoutLine: {'line': b'-- Up-to-date: /home/dron/Praca-magisterska/ros2_ws/install/custom_msgs/include/custom_msgs/custom_msgs/msg/detail/estimator_data__rosidl_typesupport_fastrtps_c.h\n'}
[2.732909] (custom_msgs) StdoutLine: {'line': b'-- Up-to-date: /home/dron/Praca-magisterska/ros2_ws/install/custom_msgs/lib/libcustom_msgs__rosidl_typesupport_fastrtps_c.so\n'}
[2.733484] (custom_msgs) StdoutLine: {'line': b'-- Up-to-date: /home/dron/Praca-magisterska/ros2_ws/install/custom_msgs/include/custom_msgs/custom_msgs\n'}
[2.734079] (custom_msgs) StdoutLine: {'line': b'-- Up-to-date: /home/dron/Praca-magisterska/ros2_ws/install/custom_msgs/include/custom_msgs/custom_msgs/msg\n'}
[2.734633] (custom_msgs) StdoutLine: {'line': b'-- Up-to-date: /home/dron/Praca-magisterska/ros2_ws/install/custom_msgs/include/custom_msgs/custom_msgs/msg/detail\n'}
[2.735166] (custom_msgs) StdoutLine: {'line': b'-- Up-to-date: /home/dron/Praca-magisterska/ros2_ws/install/custom_msgs/include/custom_msgs/custom_msgs/msg/detail/estimator_data__rosidl_typesupport_introspection_c.h\n'}
[2.735715] (custom_msgs) StdoutLine: {'line': b'-- Up-to-date: /home/dron/Praca-magisterska/ros2_ws/install/custom_msgs/include/custom_msgs/custom_msgs/msg/detail/speed_data__type_support.c\n'}
[2.736256] (custom_msgs) StdoutLine: {'line': b'-- Up-to-date: /home/dron/Praca-magisterska/ros2_ws/install/custom_msgs/include/custom_msgs/custom_msgs/msg/detail/possition_data__rosidl_typesupport_introspection_c.h\n'}
[2.736760] (custom_msgs) StdoutLine: {'line': b'-- Up-to-date: /home/dron/Praca-magisterska/ros2_ws/install/custom_msgs/include/custom_msgs/custom_msgs/msg/detail/data_xyz__type_support.c\n'}
[2.737336] (custom_msgs) StdoutLine: {'line': b'-- Up-to-date: /home/dron/Praca-magisterska/ros2_ws/install/custom_msgs/include/custom_msgs/custom_msgs/msg/detail/data_xyz__rosidl_typesupport_introspection_c.h\n'}
[2.737944] (custom_msgs) StdoutLine: {'line': b'-- Up-to-date: /home/dron/Praca-magisterska/ros2_ws/install/custom_msgs/include/custom_msgs/custom_msgs/msg/detail/imu_data__rosidl_typesupport_introspection_c.h\n'}
[2.738514] (custom_msgs) StdoutLine: {'line': b'-- Up-to-date: /home/dron/Praca-magisterska/ros2_ws/install/custom_msgs/include/custom_msgs/custom_msgs/msg/detail/possition_data__type_support.c\n'}
[2.739082] (custom_msgs) StdoutLine: {'line': b'-- Up-to-date: /home/dron/Praca-magisterska/ros2_ws/install/custom_msgs/include/custom_msgs/custom_msgs/msg/detail/imu_data__type_support.c\n'}
[2.739624] (custom_msgs) StdoutLine: {'line': b'-- Up-to-date: /home/dron/Praca-magisterska/ros2_ws/install/custom_msgs/include/custom_msgs/custom_msgs/msg/detail/accel_data__rosidl_typesupport_introspection_c.h\n'}
[2.740026] (custom_msgs) StdoutLine: {'line': b'-- Up-to-date: /home/dron/Praca-magisterska/ros2_ws/install/custom_msgs/include/custom_msgs/custom_msgs/msg/detail/gyro_data__rosidl_typesupport_introspection_c.h\n'}
[2.740511] (custom_msgs) StdoutLine: {'line': b'-- Up-to-date: /home/dron/Praca-magisterska/ros2_ws/install/custom_msgs/include/custom_msgs/custom_msgs/msg/detail/estimator_data__type_support.c\n'}
[2.740967] (custom_msgs) StdoutLine: {'line': b'-- Up-to-date: /home/dron/Praca-magisterska/ros2_ws/install/custom_msgs/include/custom_msgs/custom_msgs/msg/detail/accel_data__type_support.c\n'}
[2.741510] (custom_msgs) StdoutLine: {'line': b'-- Up-to-date: /home/dron/Praca-magisterska/ros2_ws/install/custom_msgs/include/custom_msgs/custom_msgs/msg/detail/gyro_data__type_support.c\n'}
[2.742021] (custom_msgs) StdoutLine: {'line': b'-- Up-to-date: /home/dron/Praca-magisterska/ros2_ws/install/custom_msgs/include/custom_msgs/custom_msgs/msg/detail/speed_data__rosidl_typesupport_introspection_c.h\n'}
[2.742504] (custom_msgs) StdoutLine: {'line': b'-- Up-to-date: /home/dron/Praca-magisterska/ros2_ws/install/custom_msgs/include/custom_msgs/custom_msgs/msg/rosidl_typesupport_introspection_c__visibility_control.h\n'}
[2.743081] (custom_msgs) StdoutLine: {'line': b'-- Up-to-date: /home/dron/Praca-magisterska/ros2_ws/install/custom_msgs/lib/libcustom_msgs__rosidl_typesupport_introspection_c.so\n'}
[2.749630] (custom_msgs) StdoutLine: {'line': b'-- Up-to-date: /home/dron/Praca-magisterska/ros2_ws/install/custom_msgs/lib/libcustom_msgs__rosidl_typesupport_c.so\n'}
[2.751231] (custom_msgs) StdoutLine: {'line': b'-- Up-to-date: /home/dron/Praca-magisterska/ros2_ws/install/custom_msgs/include/custom_msgs/custom_msgs\n'}
[2.751915] (custom_msgs) StdoutLine: {'line': b'-- Up-to-date: /home/dron/Praca-magisterska/ros2_ws/install/custom_msgs/include/custom_msgs/custom_msgs/msg\n'}
[2.752588] (custom_msgs) StdoutLine: {'line': b'-- Up-to-date: /home/dron/Praca-magisterska/ros2_ws/install/custom_msgs/include/custom_msgs/custom_msgs/msg/accel_data.hpp\n'}
[2.753156] (custom_msgs) StdoutLine: {'line': b'-- Up-to-date: /home/dron/Praca-magisterska/ros2_ws/install/custom_msgs/include/custom_msgs/custom_msgs/msg/data_xyz.hpp\n'}
[2.753705] (custom_msgs) StdoutLine: {'line': b'-- Up-to-date: /home/dron/Praca-magisterska/ros2_ws/install/custom_msgs/include/custom_msgs/custom_msgs/msg/possition_data.hpp\n'}
[2.754317] (custom_msgs) StdoutLine: {'line': b'-- Up-to-date: /home/dron/Praca-magisterska/ros2_ws/install/custom_msgs/include/custom_msgs/custom_msgs/msg/gyro_data.hpp\n'}
[2.754905] (custom_msgs) StdoutLine: {'line': b'-- Up-to-date: /home/dron/Praca-magisterska/ros2_ws/install/custom_msgs/include/custom_msgs/custom_msgs/msg/estimator_data.hpp\n'}
[2.755464] (custom_msgs) StdoutLine: {'line': b'-- Up-to-date: /home/dron/Praca-magisterska/ros2_ws/install/custom_msgs/include/custom_msgs/custom_msgs/msg/detail\n'}
[2.756125] (custom_msgs) StdoutLine: {'line': b'-- Up-to-date: /home/dron/Praca-magisterska/ros2_ws/install/custom_msgs/include/custom_msgs/custom_msgs/msg/detail/possition_data__traits.hpp\n'}
[2.756736] (custom_msgs) StdoutLine: {'line': b'-- Up-to-date: /home/dron/Praca-magisterska/ros2_ws/install/custom_msgs/include/custom_msgs/custom_msgs/msg/detail/speed_data__struct.hpp\n'}
[2.757315] (custom_msgs) StdoutLine: {'line': b'-- Up-to-date: /home/dron/Praca-magisterska/ros2_ws/install/custom_msgs/include/custom_msgs/custom_msgs/msg/detail/gyro_data__struct.hpp\n'}
[2.757921] (custom_msgs) StdoutLine: {'line': b'-- Up-to-date: /home/dron/Praca-magisterska/ros2_ws/install/custom_msgs/include/custom_msgs/custom_msgs/msg/detail/data_xyz__builder.hpp\n'}
[2.758518] (custom_msgs) StdoutLine: {'line': b'-- Up-to-date: /home/dron/Praca-magisterska/ros2_ws/install/custom_msgs/include/custom_msgs/custom_msgs/msg/detail/gyro_data__traits.hpp\n'}
[2.759072] (custom_msgs) StdoutLine: {'line': b'-- Up-to-date: /home/dron/Praca-magisterska/ros2_ws/install/custom_msgs/include/custom_msgs/custom_msgs/msg/detail/speed_data__type_support.hpp\n'}
[2.759651] (custom_msgs) StdoutLine: {'line': b'-- Up-to-date: /home/dron/Praca-magisterska/ros2_ws/install/custom_msgs/include/custom_msgs/custom_msgs/msg/detail/data_xyz__type_support.hpp\n'}
[2.760148] (custom_msgs) StdoutLine: {'line': b'-- Up-to-date: /home/dron/Praca-magisterska/ros2_ws/install/custom_msgs/include/custom_msgs/custom_msgs/msg/detail/possition_data__builder.hpp\n'}
[2.760595] (custom_msgs) StdoutLine: {'line': b'-- Up-to-date: /home/dron/Praca-magisterska/ros2_ws/install/custom_msgs/include/custom_msgs/custom_msgs/msg/detail/gyro_data__builder.hpp\n'}
[2.761099] (custom_msgs) StdoutLine: {'line': b'-- Up-to-date: /home/dron/Praca-magisterska/ros2_ws/install/custom_msgs/include/custom_msgs/custom_msgs/msg/detail/estimator_data__traits.hpp\n'}
[2.761603] (custom_msgs) StdoutLine: {'line': b'-- Up-to-date: /home/dron/Praca-magisterska/ros2_ws/install/custom_msgs/include/custom_msgs/custom_msgs/msg/detail/speed_data__builder.hpp\n'}
[2.762201] (custom_msgs) StdoutLine: {'line': b'-- Up-to-date: /home/dron/Praca-magisterska/ros2_ws/install/custom_msgs/include/custom_msgs/custom_msgs/msg/detail/estimator_data__type_support.hpp\n'}
[2.762745] (custom_msgs) StdoutLine: {'line': b'-- Up-to-date: /home/dron/Praca-magisterska/ros2_ws/install/custom_msgs/include/custom_msgs/custom_msgs/msg/detail/possition_data__type_support.hpp\n'}
[2.763238] (custom_msgs) StdoutLine: {'line': b'-- Up-to-date: /home/dron/Praca-magisterska/ros2_ws/install/custom_msgs/include/custom_msgs/custom_msgs/msg/detail/accel_data__struct.hpp\n'}
[2.763783] (custom_msgs) StdoutLine: {'line': b'-- Up-to-date: /home/dron/Praca-magisterska/ros2_ws/install/custom_msgs/include/custom_msgs/custom_msgs/msg/detail/imu_data__struct.hpp\n'}
[2.764285] (custom_msgs) StdoutLine: {'line': b'-- Up-to-date: /home/dron/Praca-magisterska/ros2_ws/install/custom_msgs/include/custom_msgs/custom_msgs/msg/detail/estimator_data__struct.hpp\n'}
[2.764791] (custom_msgs) StdoutLine: {'line': b'-- Up-to-date: /home/dron/Praca-magisterska/ros2_ws/install/custom_msgs/include/custom_msgs/custom_msgs/msg/detail/speed_data__traits.hpp\n'}
[2.765282] (custom_msgs) StdoutLine: {'line': b'-- Up-to-date: /home/dron/Praca-magisterska/ros2_ws/install/custom_msgs/include/custom_msgs/custom_msgs/msg/detail/imu_data__type_support.hpp\n'}
[2.765771] (custom_msgs) StdoutLine: {'line': b'-- Up-to-date: /home/dron/Praca-magisterska/ros2_ws/install/custom_msgs/include/custom_msgs/custom_msgs/msg/detail/possition_data__struct.hpp\n'}
[2.766344] (custom_msgs) StdoutLine: {'line': b'-- Up-to-date: /home/dron/Praca-magisterska/ros2_ws/install/custom_msgs/include/custom_msgs/custom_msgs/msg/detail/data_xyz__traits.hpp\n'}
[2.766766] (custom_msgs) StdoutLine: {'line': b'-- Up-to-date: /home/dron/Praca-magisterska/ros2_ws/install/custom_msgs/include/custom_msgs/custom_msgs/msg/detail/accel_data__traits.hpp\n'}
[2.767177] (custom_msgs) StdoutLine: {'line': b'-- Up-to-date: /home/dron/Praca-magisterska/ros2_ws/install/custom_msgs/include/custom_msgs/custom_msgs/msg/detail/data_xyz__struct.hpp\n'}
[2.767565] (custom_msgs) StdoutLine: {'line': b'-- Up-to-date: /home/dron/Praca-magisterska/ros2_ws/install/custom_msgs/include/custom_msgs/custom_msgs/msg/detail/gyro_data__type_support.hpp\n'}
[2.768016] (custom_msgs) StdoutLine: {'line': b'-- Up-to-date: /home/dron/Praca-magisterska/ros2_ws/install/custom_msgs/include/custom_msgs/custom_msgs/msg/detail/estimator_data__builder.hpp\n'}
[2.768493] (custom_msgs) StdoutLine: {'line': b'-- Up-to-date: /home/dron/Praca-magisterska/ros2_ws/install/custom_msgs/include/custom_msgs/custom_msgs/msg/detail/imu_data__traits.hpp\n'}
[2.768928] (custom_msgs) StdoutLine: {'line': b'-- Up-to-date: /home/dron/Praca-magisterska/ros2_ws/install/custom_msgs/include/custom_msgs/custom_msgs/msg/detail/accel_data__builder.hpp\n'}
[2.769465] (custom_msgs) StdoutLine: {'line': b'-- Up-to-date: /home/dron/Praca-magisterska/ros2_ws/install/custom_msgs/include/custom_msgs/custom_msgs/msg/detail/accel_data__type_support.hpp\n'}
[2.770025] (custom_msgs) StdoutLine: {'line': b'-- Up-to-date: /home/dron/Praca-magisterska/ros2_ws/install/custom_msgs/include/custom_msgs/custom_msgs/msg/detail/imu_data__builder.hpp\n'}
[2.770602] (custom_msgs) StdoutLine: {'line': b'-- Up-to-date: /home/dron/Praca-magisterska/ros2_ws/install/custom_msgs/include/custom_msgs/custom_msgs/msg/speed_data.hpp\n'}
[2.771022] (custom_msgs) StdoutLine: {'line': b'-- Up-to-date: /home/dron/Praca-magisterska/ros2_ws/install/custom_msgs/include/custom_msgs/custom_msgs/msg/imu_data.hpp\n'}
[2.771414] (custom_msgs) StdoutLine: {'line': b'-- Up-to-date: /home/dron/Praca-magisterska/ros2_ws/install/custom_msgs/include/custom_msgs/custom_msgs/msg/rosidl_generator_cpp__visibility_control.hpp\n'}
[2.771969] (custom_msgs) StdoutLine: {'line': b'-- Up-to-date: /home/dron/Praca-magisterska/ros2_ws/install/custom_msgs/include/custom_msgs/custom_msgs\n'}
[2.772497] (custom_msgs) StdoutLine: {'line': b'-- Up-to-date: /home/dron/Praca-magisterska/ros2_ws/install/custom_msgs/include/custom_msgs/custom_msgs/msg\n'}
[2.773149] (custom_msgs) StdoutLine: {'line': b'-- Up-to-date: /home/dron/Praca-magisterska/ros2_ws/install/custom_msgs/include/custom_msgs/custom_msgs/msg/rosidl_typesupport_fastrtps_cpp__visibility_control.h\n'}
[2.773641] (custom_msgs) StdoutLine: {'line': b'-- Up-to-date: /home/dron/Praca-magisterska/ros2_ws/install/custom_msgs/include/custom_msgs/custom_msgs/msg/detail\n'}
[2.774432] (custom_msgs) StdoutLine: {'line': b'-- Up-to-date: /home/dron/Praca-magisterska/ros2_ws/install/custom_msgs/include/custom_msgs/custom_msgs/msg/detail/estimator_data__rosidl_typesupport_fastrtps_cpp.hpp\n'}
[2.775447] (custom_msgs) StdoutLine: {'line': b'-- Up-to-date: /home/dron/Praca-magisterska/ros2_ws/install/custom_msgs/include/custom_msgs/custom_msgs/msg/detail/dds_fastrtps\n'}
[2.776255] (custom_msgs) StdoutLine: {'line': b'-- Up-to-date: /home/dron/Praca-magisterska/ros2_ws/install/custom_msgs/include/custom_msgs/custom_msgs/msg/detail/speed_data__rosidl_typesupport_fastrtps_cpp.hpp\n'}
[2.776769] (custom_msgs) StdoutLine: {'line': b'-- Up-to-date: /home/dron/Praca-magisterska/ros2_ws/install/custom_msgs/include/custom_msgs/custom_msgs/msg/detail/gyro_data__rosidl_typesupport_fastrtps_cpp.hpp\n'}
[2.777288] (custom_msgs) StdoutLine: {'line': b'-- Up-to-date: /home/dron/Praca-magisterska/ros2_ws/install/custom_msgs/include/custom_msgs/custom_msgs/msg/detail/imu_data__rosidl_typesupport_fastrtps_cpp.hpp\n'}
[2.777799] (custom_msgs) StdoutLine: {'line': b'-- Up-to-date: /home/dron/Praca-magisterska/ros2_ws/install/custom_msgs/include/custom_msgs/custom_msgs/msg/detail/accel_data__rosidl_typesupport_fastrtps_cpp.hpp\n'}
[2.778394] (custom_msgs) StdoutLine: {'line': b'-- Up-to-date: /home/dron/Praca-magisterska/ros2_ws/install/custom_msgs/include/custom_msgs/custom_msgs/msg/detail/data_xyz__rosidl_typesupport_fastrtps_cpp.hpp\n'}
[2.778924] (custom_msgs) StdoutLine: {'line': b'-- Up-to-date: /home/dron/Praca-magisterska/ros2_ws/install/custom_msgs/include/custom_msgs/custom_msgs/msg/detail/possition_data__rosidl_typesupport_fastrtps_cpp.hpp\n'}
[2.782847] (custom_msgs) StdoutLine: {'line': b'-- Up-to-date: /home/dron/Praca-magisterska/ros2_ws/install/custom_msgs/lib/libcustom_msgs__rosidl_typesupport_fastrtps_cpp.so\n'}
[2.784551] (custom_msgs) StdoutLine: {'line': b'-- Up-to-date: /home/dron/Praca-magisterska/ros2_ws/install/custom_msgs/include/custom_msgs/custom_msgs\n'}
[2.785210] (custom_msgs) StdoutLine: {'line': b'-- Up-to-date: /home/dron/Praca-magisterska/ros2_ws/install/custom_msgs/include/custom_msgs/custom_msgs/msg\n'}
[2.785756] (custom_msgs) StdoutLine: {'line': b'-- Up-to-date: /home/dron/Praca-magisterska/ros2_ws/install/custom_msgs/include/custom_msgs/custom_msgs/msg/detail\n'}
[2.786666] (custom_msgs) StdoutLine: {'line': b'-- Up-to-date: /home/dron/Praca-magisterska/ros2_ws/install/custom_msgs/include/custom_msgs/custom_msgs/msg/detail/imu_data__rosidl_typesupport_introspection_cpp.hpp\n'}
[2.787324] (custom_msgs) StdoutLine: {'line': b'-- Up-to-date: /home/dron/Praca-magisterska/ros2_ws/install/custom_msgs/include/custom_msgs/custom_msgs/msg/detail/possition_data__rosidl_typesupport_introspection_cpp.hpp\n'}
[2.787857] (custom_msgs) StdoutLine: {'line': b'-- Up-to-date: /home/dron/Praca-magisterska/ros2_ws/install/custom_msgs/include/custom_msgs/custom_msgs/msg/detail/data_xyz__type_support.cpp\n'}
[2.788367] (custom_msgs) StdoutLine: {'line': b'-- Up-to-date: /home/dron/Praca-magisterska/ros2_ws/install/custom_msgs/include/custom_msgs/custom_msgs/msg/detail/accel_data__rosidl_typesupport_introspection_cpp.hpp\n'}
[2.788877] (custom_msgs) StdoutLine: {'line': b'-- Up-to-date: /home/dron/Praca-magisterska/ros2_ws/install/custom_msgs/include/custom_msgs/custom_msgs/msg/detail/estimator_data__type_support.cpp\n'}
[2.789388] (custom_msgs) StdoutLine: {'line': b'-- Up-to-date: /home/dron/Praca-magisterska/ros2_ws/install/custom_msgs/include/custom_msgs/custom_msgs/msg/detail/gyro_data__rosidl_typesupport_introspection_cpp.hpp\n'}
[2.789874] (custom_msgs) StdoutLine: {'line': b'-- Up-to-date: /home/dron/Praca-magisterska/ros2_ws/install/custom_msgs/include/custom_msgs/custom_msgs/msg/detail/imu_data__type_support.cpp\n'}
[2.790517] (custom_msgs) StdoutLine: {'line': b'-- Up-to-date: /home/dron/Praca-magisterska/ros2_ws/install/custom_msgs/include/custom_msgs/custom_msgs/msg/detail/gyro_data__type_support.cpp\n'}
[2.791080] (custom_msgs) StdoutLine: {'line': b'-- Up-to-date: /home/dron/Praca-magisterska/ros2_ws/install/custom_msgs/include/custom_msgs/custom_msgs/msg/detail/speed_data__rosidl_typesupport_introspection_cpp.hpp\n'}
[2.791616] (custom_msgs) StdoutLine: {'line': b'-- Up-to-date: /home/dron/Praca-magisterska/ros2_ws/install/custom_msgs/include/custom_msgs/custom_msgs/msg/detail/estimator_data__rosidl_typesupport_introspection_cpp.hpp\n'}
[2.792184] (custom_msgs) StdoutLine: {'line': b'-- Up-to-date: /home/dron/Praca-magisterska/ros2_ws/install/custom_msgs/include/custom_msgs/custom_msgs/msg/detail/speed_data__type_support.cpp\n'}
[2.792693] (custom_msgs) StdoutLine: {'line': b'-- Up-to-date: /home/dron/Praca-magisterska/ros2_ws/install/custom_msgs/include/custom_msgs/custom_msgs/msg/detail/accel_data__type_support.cpp\n'}
[2.793226] (custom_msgs) StdoutLine: {'line': b'-- Up-to-date: /home/dron/Praca-magisterska/ros2_ws/install/custom_msgs/include/custom_msgs/custom_msgs/msg/detail/possition_data__type_support.cpp\n'}
[2.793800] (custom_msgs) StdoutLine: {'line': b'-- Up-to-date: /home/dron/Praca-magisterska/ros2_ws/install/custom_msgs/include/custom_msgs/custom_msgs/msg/detail/data_xyz__rosidl_typesupport_introspection_cpp.hpp\n'}
[2.798319] (custom_msgs) StdoutLine: {'line': b'-- Up-to-date: /home/dron/Praca-magisterska/ros2_ws/install/custom_msgs/lib/libcustom_msgs__rosidl_typesupport_introspection_cpp.so\n'}
[2.803419] (custom_msgs) StdoutLine: {'line': b'-- Up-to-date: /home/dron/Praca-magisterska/ros2_ws/install/custom_msgs/lib/libcustom_msgs__rosidl_typesupport_cpp.so\n'}
[2.805200] (custom_msgs) StdoutLine: {'line': b'-- Up-to-date: /home/dron/Praca-magisterska/ros2_ws/install/custom_msgs/share/custom_msgs/environment/pythonpath.sh\n'}
[2.806020] (custom_msgs) StdoutLine: {'line': b'-- Up-to-date: /home/dron/Praca-magisterska/ros2_ws/install/custom_msgs/share/custom_msgs/environment/pythonpath.dsv\n'}
[2.806734] (custom_msgs) StdoutLine: {'line': b'-- Up-to-date: /home/dron/Praca-magisterska/ros2_ws/install/custom_msgs/local/lib/python3.10/dist-packages/custom_msgs-0.0.0-py3.10.egg-info\n'}
[2.807438] (custom_msgs) StdoutLine: {'line': b'-- Installing: /home/dron/Praca-magisterska/ros2_ws/install/custom_msgs/local/lib/python3.10/dist-packages/custom_msgs-0.0.0-py3.10.egg-info/PKG-INFO\n'}
[2.809205] (custom_msgs) StdoutLine: {'line': b'-- Installing: /home/dron/Praca-magisterska/ros2_ws/install/custom_msgs/local/lib/python3.10/dist-packages/custom_msgs-0.0.0-py3.10.egg-info/top_level.txt\n'}
[2.810953] (custom_msgs) StdoutLine: {'line': b'-- Installing: /home/dron/Praca-magisterska/ros2_ws/install/custom_msgs/local/lib/python3.10/dist-packages/custom_msgs-0.0.0-py3.10.egg-info/SOURCES.txt\n'}
[2.812650] (custom_msgs) StdoutLine: {'line': b'-- Installing: /home/dron/Praca-magisterska/ros2_ws/install/custom_msgs/local/lib/python3.10/dist-packages/custom_msgs-0.0.0-py3.10.egg-info/dependency_links.txt\n'}
[2.814495] (custom_msgs) StdoutLine: {'line': b'-- Up-to-date: /home/dron/Praca-magisterska/ros2_ws/install/custom_msgs/local/lib/python3.10/dist-packages/custom_msgs\n'}
[2.815277] (custom_msgs) StdoutLine: {'line': b'-- Up-to-date: /home/dron/Praca-magisterska/ros2_ws/install/custom_msgs/local/lib/python3.10/dist-packages/custom_msgs/_custom_msgs_s.ep.rosidl_typesupport_introspection_c.c\n'}
[2.815935] (custom_msgs) StdoutLine: {'line': b'-- Up-to-date: /home/dron/Praca-magisterska/ros2_ws/install/custom_msgs/local/lib/python3.10/dist-packages/custom_msgs/__init__.py\n'}
[2.816527] (custom_msgs) StdoutLine: {'line': b'-- Up-to-date: /home/dron/Praca-magisterska/ros2_ws/install/custom_msgs/local/lib/python3.10/dist-packages/custom_msgs/custom_msgs_s__rosidl_typesupport_introspection_c.cpython-310-aarch64-linux-gnu.so\n'}
[2.817141] (custom_msgs) StdoutLine: {'line': b'-- Up-to-date: /home/dron/Praca-magisterska/ros2_ws/install/custom_msgs/local/lib/python3.10/dist-packages/custom_msgs/_custom_msgs_s.ep.rosidl_typesupport_c.c\n'}
[2.817795] (custom_msgs) StdoutLine: {'line': b'-- Up-to-date: /home/dron/Praca-magisterska/ros2_ws/install/custom_msgs/local/lib/python3.10/dist-packages/custom_msgs/custom_msgs_s__rosidl_typesupport_c.cpython-310-aarch64-linux-gnu.so\n'}
[2.818485] (custom_msgs) StdoutLine: {'line': b'-- Up-to-date: /home/dron/Praca-magisterska/ros2_ws/install/custom_msgs/local/lib/python3.10/dist-packages/custom_msgs/_custom_msgs_s.ep.rosidl_typesupport_fastrtps_c.c\n'}
[2.819122] (custom_msgs) StdoutLine: {'line': b'-- Up-to-date: /home/dron/Praca-magisterska/ros2_ws/install/custom_msgs/local/lib/python3.10/dist-packages/custom_msgs/libcustom_msgs__rosidl_generator_py.so\n'}
[2.819781] (custom_msgs) StdoutLine: {'line': b'-- Up-to-date: /home/dron/Praca-magisterska/ros2_ws/install/custom_msgs/local/lib/python3.10/dist-packages/custom_msgs/msg\n'}
[2.820474] (custom_msgs) StdoutLine: {'line': b'-- Up-to-date: /home/dron/Praca-magisterska/ros2_ws/install/custom_msgs/local/lib/python3.10/dist-packages/custom_msgs/msg/_speed_data.py\n'}
[2.821048] (custom_msgs) StdoutLine: {'line': b'-- Up-to-date: /home/dron/Praca-magisterska/ros2_ws/install/custom_msgs/local/lib/python3.10/dist-packages/custom_msgs/msg/__init__.py\n'}
[2.821623] (custom_msgs) StdoutLine: {'line': b'-- Up-to-date: /home/dron/Praca-magisterska/ros2_ws/install/custom_msgs/local/lib/python3.10/dist-packages/custom_msgs/msg/_data_xyz_s.c\n'}
[2.822227] (custom_msgs) StdoutLine: {'line': b'-- Up-to-date: /home/dron/Praca-magisterska/ros2_ws/install/custom_msgs/local/lib/python3.10/dist-packages/custom_msgs/msg/_imu_data_s.c\n'}
[2.822847] (custom_msgs) StdoutLine: {'line': b'-- Up-to-date: /home/dron/Praca-magisterska/ros2_ws/install/custom_msgs/local/lib/python3.10/dist-packages/custom_msgs/msg/_estimator_data_s.c\n'}
[2.823394] (custom_msgs) StdoutLine: {'line': b'-- Up-to-date: /home/dron/Praca-magisterska/ros2_ws/install/custom_msgs/local/lib/python3.10/dist-packages/custom_msgs/msg/_accel_data_s.c\n'}
[2.823972] (custom_msgs) StdoutLine: {'line': b'-- Up-to-date: /home/dron/Praca-magisterska/ros2_ws/install/custom_msgs/local/lib/python3.10/dist-packages/custom_msgs/msg/_imu_data.py\n'}
[2.824591] (custom_msgs) StdoutLine: {'line': b'-- Up-to-date: /home/dron/Praca-magisterska/ros2_ws/install/custom_msgs/local/lib/python3.10/dist-packages/custom_msgs/msg/_data_xyz.py\n'}
[2.829312] (custom_msgs) StdoutLine: {'line': b'-- Up-to-date: /home/dron/Praca-magisterska/ros2_ws/install/custom_msgs/local/lib/python3.10/dist-packages/custom_msgs/msg/_speed_data_s.c\n'}
[2.830086] (-) TimerEvent: {}
[2.832949] (custom_msgs) StdoutLine: {'line': b'-- Up-to-date: /home/dron/Praca-magisterska/ros2_ws/install/custom_msgs/local/lib/python3.10/dist-packages/custom_msgs/msg/_gyro_data.py\n'}
[2.833944] (custom_msgs) StdoutLine: {'line': b'-- Up-to-date: /home/dron/Praca-magisterska/ros2_ws/install/custom_msgs/local/lib/python3.10/dist-packages/custom_msgs/msg/_possition_data_s.c\n'}
[2.834464] (custom_msgs) StdoutLine: {'line': b'-- Up-to-date: /home/dron/Praca-magisterska/ros2_ws/install/custom_msgs/local/lib/python3.10/dist-packages/custom_msgs/msg/_gyro_data_s.c\n'}
[2.834912] (custom_msgs) StdoutLine: {'line': b'-- Up-to-date: /home/dron/Praca-magisterska/ros2_ws/install/custom_msgs/local/lib/python3.10/dist-packages/custom_msgs/msg/_estimator_data.py\n'}
[2.835374] (custom_msgs) StdoutLine: {'line': b'-- Up-to-date: /home/dron/Praca-magisterska/ros2_ws/install/custom_msgs/local/lib/python3.10/dist-packages/custom_msgs/msg/_possition_data.py\n'}
[2.835812] (custom_msgs) StdoutLine: {'line': b'-- Up-to-date: /home/dron/Praca-magisterska/ros2_ws/install/custom_msgs/local/lib/python3.10/dist-packages/custom_msgs/msg/_accel_data.py\n'}
[2.836260] (custom_msgs) StdoutLine: {'line': b'-- Up-to-date: /home/dron/Praca-magisterska/ros2_ws/install/custom_msgs/local/lib/python3.10/dist-packages/custom_msgs/custom_msgs_s__rosidl_typesupport_fastrtps_c.cpython-310-aarch64-linux-gnu.so\n'}
[2.930256] (-) TimerEvent: {}
[3.022020] (custom_msgs) StdoutLine: {'line': b"Listing '/home/dron/Praca-magisterska/ros2_ws/install/custom_msgs/local/lib/python3.10/dist-packages/custom_msgs'...\n"}
[3.023996] (custom_msgs) StdoutLine: {'line': b"Listing '/home/dron/Praca-magisterska/ros2_ws/install/custom_msgs/local/lib/python3.10/dist-packages/custom_msgs/msg'...\n"}
[3.030492] (-) TimerEvent: {}
[3.051103] (custom_msgs) StdoutLine: {'line': b'-- Up-to-date: /home/dron/Praca-magisterska/ros2_ws/install/custom_msgs/local/lib/python3.10/dist-packages/custom_msgs/custom_msgs_s__rosidl_typesupport_fastrtps_c.cpython-310-aarch64-linux-gnu.so\n'}
[3.056049] (custom_msgs) StdoutLine: {'line': b'-- Up-to-date: /home/dron/Praca-magisterska/ros2_ws/install/custom_msgs/local/lib/python3.10/dist-packages/custom_msgs/custom_msgs_s__rosidl_typesupport_introspection_c.cpython-310-aarch64-linux-gnu.so\n'}
[3.061685] (custom_msgs) StdoutLine: {'line': b'-- Up-to-date: /home/dron/Praca-magisterska/ros2_ws/install/custom_msgs/local/lib/python3.10/dist-packages/custom_msgs/custom_msgs_s__rosidl_typesupport_c.cpython-310-aarch64-linux-gnu.so\n'}
[3.066869] (custom_msgs) StdoutLine: {'line': b'-- Up-to-date: /home/dron/Praca-magisterska/ros2_ws/install/custom_msgs/lib/libcustom_msgs__rosidl_generator_py.so\n'}
[3.068143] (custom_msgs) StdoutLine: {'line': b'-- Up-to-date: /home/dron/Praca-magisterska/ros2_ws/install/custom_msgs/share/custom_msgs/msg/AccelData.idl\n'}
[3.069099] (custom_msgs) StdoutLine: {'line': b'-- Up-to-date: /home/dron/Praca-magisterska/ros2_ws/install/custom_msgs/share/custom_msgs/msg/GyroData.idl\n'}
[3.069807] (custom_msgs) StdoutLine: {'line': b'-- Up-to-date: /home/dron/Praca-magisterska/ros2_ws/install/custom_msgs/share/custom_msgs/msg/ImuData.idl\n'}
[3.070960] (custom_msgs) StdoutLine: {'line': b'-- Up-to-date: /home/dron/Praca-magisterska/ros2_ws/install/custom_msgs/share/custom_msgs/msg/EstimatorData.idl\n'}
[3.072155] (custom_msgs) StdoutLine: {'line': b'-- Up-to-date: /home/dron/Praca-magisterska/ros2_ws/install/custom_msgs/share/custom_msgs/msg/PossitionData.idl\n'}
[3.078064] (custom_msgs) StdoutLine: {'line': b'-- Up-to-date: /home/dron/Praca-magisterska/ros2_ws/install/custom_msgs/share/custom_msgs/msg/SpeedData.idl\n'}
[3.084724] (custom_msgs) StdoutLine: {'line': b'-- Up-to-date: /home/dron/Praca-magisterska/ros2_ws/install/custom_msgs/share/custom_msgs/msg/DataXYZ.idl\n'}
[3.085191] (custom_msgs) StdoutLine: {'line': b'-- Up-to-date: /home/dron/Praca-magisterska/ros2_ws/install/custom_msgs/share/custom_msgs/msg/AccelData.msg\n'}
[3.085648] (custom_msgs) StdoutLine: {'line': b'-- Up-to-date: /home/dron/Praca-magisterska/ros2_ws/install/custom_msgs/share/custom_msgs/msg/GyroData.msg\n'}
[3.086489] (custom_msgs) StdoutLine: {'line': b'-- Up-to-date: /home/dron/Praca-magisterska/ros2_ws/install/custom_msgs/share/custom_msgs/msg/ImuData.msg\n'}
[3.087379] (custom_msgs) StdoutLine: {'line': b'-- Up-to-date: /home/dron/Praca-magisterska/ros2_ws/install/custom_msgs/share/custom_msgs/msg/EstimatorData.msg\n'}
[3.087816] (custom_msgs) StdoutLine: {'line': b'-- Up-to-date: /home/dron/Praca-magisterska/ros2_ws/install/custom_msgs/share/custom_msgs/msg/PossitionData.msg\n'}
[3.088258] (custom_msgs) StdoutLine: {'line': b'-- Up-to-date: /home/dron/Praca-magisterska/ros2_ws/install/custom_msgs/share/custom_msgs/msg/SpeedData.msg\n'}
[3.088680] (custom_msgs) StdoutLine: {'line': b'-- Up-to-date: /home/dron/Praca-magisterska/ros2_ws/install/custom_msgs/share/custom_msgs/msg/DataXYZ.msg\n'}
[3.089148] (custom_msgs) StdoutLine: {'line': b'-- Up-to-date: /home/dron/Praca-magisterska/ros2_ws/install/custom_msgs/share/ament_index/resource_index/package_run_dependencies/custom_msgs\n'}
[3.090895] (custom_msgs) StdoutLine: {'line': b'-- Up-to-date: /home/dron/Praca-magisterska/ros2_ws/install/custom_msgs/share/ament_index/resource_index/parent_prefix_path/custom_msgs\n'}
[3.091986] (custom_msgs) StdoutLine: {'line': b'-- Up-to-date: /home/dron/Praca-magisterska/ros2_ws/install/custom_msgs/share/custom_msgs/environment/ament_prefix_path.sh\n'}
[3.092494] (custom_msgs) StdoutLine: {'line': b'-- Up-to-date: /home/dron/Praca-magisterska/ros2_ws/install/custom_msgs/share/custom_msgs/environment/ament_prefix_path.dsv\n'}
[3.097674] (custom_msgs) StdoutLine: {'line': b'-- Up-to-date: /home/dron/Praca-magisterska/ros2_ws/install/custom_msgs/share/custom_msgs/environment/path.sh\n'}
[3.098510] (custom_msgs) StdoutLine: {'line': b'-- Up-to-date: /home/dron/Praca-magisterska/ros2_ws/install/custom_msgs/share/custom_msgs/environment/path.dsv\n'}
[3.098947] (custom_msgs) StdoutLine: {'line': b'-- Up-to-date: /home/dron/Praca-magisterska/ros2_ws/install/custom_msgs/share/custom_msgs/local_setup.bash\n'}
[3.099334] (custom_msgs) StdoutLine: {'line': b'-- Up-to-date: /home/dron/Praca-magisterska/ros2_ws/install/custom_msgs/share/custom_msgs/local_setup.sh\n'}
[3.099758] (custom_msgs) StdoutLine: {'line': b'-- Up-to-date: /home/dron/Praca-magisterska/ros2_ws/install/custom_msgs/share/custom_msgs/local_setup.zsh\n'}
[3.110134] (custom_msgs) StdoutLine: {'line': b'-- Up-to-date: /home/dron/Praca-magisterska/ros2_ws/install/custom_msgs/share/custom_msgs/local_setup.dsv\n'}
[3.110760] (custom_msgs) StdoutLine: {'line': b'-- Installing: /home/dron/Praca-magisterska/ros2_ws/install/custom_msgs/share/custom_msgs/package.dsv\n'}
[3.111167] (custom_msgs) StdoutLine: {'line': b'-- Up-to-date: /home/dron/Praca-magisterska/ros2_ws/install/custom_msgs/share/ament_index/resource_index/packages/custom_msgs\n'}
[3.111578] (custom_msgs) StdoutLine: {'line': b'-- Up-to-date: /home/dron/Praca-magisterska/ros2_ws/install/custom_msgs/share/custom_msgs/cmake/export_custom_msgs__rosidl_generator_cExport.cmake\n'}
[3.112243] (custom_msgs) StdoutLine: {'line': b'-- Up-to-date: /home/dron/Praca-magisterska/ros2_ws/install/custom_msgs/share/custom_msgs/cmake/export_custom_msgs__rosidl_generator_cExport-noconfig.cmake\n'}
[3.112981] (custom_msgs) StdoutLine: {'line': b'-- Up-to-date: /home/dron/Praca-magisterska/ros2_ws/install/custom_msgs/share/custom_msgs/cmake/export_custom_msgs__rosidl_typesupport_fastrtps_cExport.cmake\n'}
[3.113524] (custom_msgs) StdoutLine: {'line': b'-- Up-to-date: /home/dron/Praca-magisterska/ros2_ws/install/custom_msgs/share/custom_msgs/cmake/export_custom_msgs__rosidl_typesupport_fastrtps_cExport-noconfig.cmake\n'}
[3.114030] (custom_msgs) StdoutLine: {'line': b'-- Up-to-date: /home/dron/Praca-magisterska/ros2_ws/install/custom_msgs/share/custom_msgs/cmake/custom_msgs__rosidl_typesupport_introspection_cExport.cmake\n'}
[3.114552] (custom_msgs) StdoutLine: {'line': b'-- Up-to-date: /home/dron/Praca-magisterska/ros2_ws/install/custom_msgs/share/custom_msgs/cmake/custom_msgs__rosidl_typesupport_introspection_cExport-noconfig.cmake\n'}
[3.115121] (custom_msgs) StdoutLine: {'line': b'-- Up-to-date: /home/dron/Praca-magisterska/ros2_ws/install/custom_msgs/share/custom_msgs/cmake/custom_msgs__rosidl_typesupport_cExport.cmake\n'}
[3.115780] (custom_msgs) StdoutLine: {'line': b'-- Up-to-date: /home/dron/Praca-magisterska/ros2_ws/install/custom_msgs/share/custom_msgs/cmake/custom_msgs__rosidl_typesupport_cExport-noconfig.cmake\n'}
[3.116273] (custom_msgs) StdoutLine: {'line': b'-- Up-to-date: /home/dron/Praca-magisterska/ros2_ws/install/custom_msgs/share/custom_msgs/cmake/export_custom_msgs__rosidl_generator_cppExport.cmake\n'}
[3.116954] (custom_msgs) StdoutLine: {'line': b'-- Up-to-date: /home/dron/Praca-magisterska/ros2_ws/install/custom_msgs/share/custom_msgs/cmake/export_custom_msgs__rosidl_typesupport_fastrtps_cppExport.cmake\n'}
[3.117658] (custom_msgs) StdoutLine: {'line': b'-- Up-to-date: /home/dron/Praca-magisterska/ros2_ws/install/custom_msgs/share/custom_msgs/cmake/export_custom_msgs__rosidl_typesupport_fastrtps_cppExport-noconfig.cmake\n'}
[3.118818] (custom_msgs) StdoutLine: {'line': b'-- Up-to-date: /home/dron/Praca-magisterska/ros2_ws/install/custom_msgs/share/custom_msgs/cmake/custom_msgs__rosidl_typesupport_introspection_cppExport.cmake\n'}
[3.119665] (custom_msgs) StdoutLine: {'line': b'-- Up-to-date: /home/dron/Praca-magisterska/ros2_ws/install/custom_msgs/share/custom_msgs/cmake/custom_msgs__rosidl_typesupport_introspection_cppExport-noconfig.cmake\n'}
[3.120298] (custom_msgs) StdoutLine: {'line': b'-- Up-to-date: /home/dron/Praca-magisterska/ros2_ws/install/custom_msgs/share/custom_msgs/cmake/custom_msgs__rosidl_typesupport_cppExport.cmake\n'}
[3.120888] (custom_msgs) StdoutLine: {'line': b'-- Up-to-date: /home/dron/Praca-magisterska/ros2_ws/install/custom_msgs/share/custom_msgs/cmake/custom_msgs__rosidl_typesupport_cppExport-noconfig.cmake\n'}
[3.121483] (custom_msgs) StdoutLine: {'line': b'-- Up-to-date: /home/dron/Praca-magisterska/ros2_ws/install/custom_msgs/share/custom_msgs/cmake/export_custom_msgs__rosidl_generator_pyExport.cmake\n'}
[3.127663] (custom_msgs) StdoutLine: {'line': b'-- Up-to-date: /home/dron/Praca-magisterska/ros2_ws/install/custom_msgs/share/custom_msgs/cmake/export_custom_msgs__rosidl_generator_pyExport-noconfig.cmake\n'}
[3.128442] (custom_msgs) StdoutLine: {'line': b'-- Up-to-date: /home/dron/Praca-magisterska/ros2_ws/install/custom_msgs/share/custom_msgs/cmake/rosidl_cmake-extras.cmake\n'}
[3.129178] (custom_msgs) StdoutLine: {'line': b'-- Up-to-date: /home/dron/Praca-magisterska/ros2_ws/install/custom_msgs/share/custom_msgs/cmake/ament_cmake_export_include_directories-extras.cmake\n'}
[3.129822] (custom_msgs) StdoutLine: {'line': b'-- Up-to-date: /home/dron/Praca-magisterska/ros2_ws/install/custom_msgs/share/custom_msgs/cmake/ament_cmake_export_libraries-extras.cmake\n'}
[3.130520] (-) TimerEvent: {}
[3.131057] (custom_msgs) StdoutLine: {'line': b'-- Up-to-date: /home/dron/Praca-magisterska/ros2_ws/install/custom_msgs/share/custom_msgs/cmake/ament_cmake_export_targets-extras.cmake\n'}
[3.131781] (custom_msgs) StdoutLine: {'line': b'-- Up-to-date: /home/dron/Praca-magisterska/ros2_ws/install/custom_msgs/share/custom_msgs/cmake/rosidl_cmake_export_typesupport_targets-extras.cmake\n'}
[3.132343] (custom_msgs) StdoutLine: {'line': b'-- Up-to-date: /home/dron/Praca-magisterska/ros2_ws/install/custom_msgs/share/custom_msgs/cmake/ament_cmake_export_dependencies-extras.cmake\n'}
[3.132830] (custom_msgs) StdoutLine: {'line': b'-- Up-to-date: /home/dron/Praca-magisterska/ros2_ws/install/custom_msgs/share/custom_msgs/cmake/rosidl_cmake_export_typesupport_libraries-extras.cmake\n'}
[3.133374] (custom_msgs) StdoutLine: {'line': b'-- Up-to-date: /home/dron/Praca-magisterska/ros2_ws/install/custom_msgs/share/custom_msgs/cmake/custom_msgsConfig.cmake\n'}
[3.133958] (custom_msgs) StdoutLine: {'line': b'-- Up-to-date: /home/dron/Praca-magisterska/ros2_ws/install/custom_msgs/share/custom_msgs/cmake/custom_msgsConfig-version.cmake\n'}
[3.134566] (custom_msgs) StdoutLine: {'line': b'-- Up-to-date: /home/dron/Praca-magisterska/ros2_ws/install/custom_msgs/share/custom_msgs/package.xml\n'}
[3.144090] (custom_msgs) CommandEnded: {'returncode': 0}
[3.231350] (-) TimerEvent: {}
[3.245812] (custom_msgs) JobEnded: {'identifier': 'custom_msgs', 'rc': 0}
[3.250771] (estimator_pkg) JobStarted: {'identifier': 'estimator_pkg'}
[3.276081] (flask_pkg) JobStarted: {'identifier': 'flask_pkg'}
[3.310557] (flight_controller_pkg) JobStarted: {'identifier': 'flight_controller_pkg'}
[3.331488] (-) TimerEvent: {}
[3.432942] (-) TimerEvent: {}
[3.533992] (-) TimerEvent: {}
[3.635168] (-) TimerEvent: {}
[3.735935] (-) TimerEvent: {}
[3.836733] (-) TimerEvent: {}
[3.937493] (-) TimerEvent: {}
[4.038247] (-) TimerEvent: {}
[4.138974] (-) TimerEvent: {}
[4.239680] (-) TimerEvent: {}
[4.340409] (-) TimerEvent: {}
[4.441217] (-) TimerEvent: {}
[4.542232] (-) TimerEvent: {}
[4.643304] (-) TimerEvent: {}
[4.744105] (-) TimerEvent: {}
[4.844894] (-) TimerEvent: {}
[4.945700] (-) TimerEvent: {}
[5.046441] (-) TimerEvent: {}
[5.147151] (-) TimerEvent: {}
[5.247844] (-) TimerEvent: {}
[5.348574] (-) TimerEvent: {}
[5.449287] (-) TimerEvent: {}
[5.550132] (-) TimerEvent: {}
[5.651857] (-) TimerEvent: {}
[5.752715] (-) TimerEvent: {}
[5.853502] (-) TimerEvent: {}
[5.954257] (-) TimerEvent: {}
[6.054959] (-) TimerEvent: {}
[6.155659] (-) TimerEvent: {}
[6.256371] (-) TimerEvent: {}
[6.357094] (-) TimerEvent: {}
[6.457836] (-) TimerEvent: {}
[6.558577] (-) TimerEvent: {}
[6.659354] (-) TimerEvent: {}
[6.760204] (-) TimerEvent: {}
[6.777308] (my_py_pkg) Command: {'cmd': ['/usr/bin/python3', '-W', 'ignore:setup.py install is deprecated', '-W', 'ignore:easy_install command is deprecated', 'setup.py', 'egg_info', '--egg-base', '../../build/my_py_pkg', 'build', '--build-base', '/home/dron/Praca-magisterska/ros2_ws/build/my_py_pkg/build', 'install', '--record', '/home/dron/Praca-magisterska/ros2_ws/build/my_py_pkg/install.log', '--single-version-externally-managed', 'install_data'], 'cwd': '/home/dron/Praca-magisterska/ros2_ws/src/my_py_pkg', 'env': {'LESSOPEN': '| /usr/bin/lesspipe %s', 'USER': 'dron', 'SSH_CLIENT': 'fe80::73bc:b5b3:a668:f352%wlan0 57528 22', 'XDG_SESSION_TYPE': 'tty', 'SHLVL': '1', 'LD_LIBRARY_PATH': '/home/dron/Praca-magisterska/ros2_ws/install/custom_msgs/lib:/opt/ros/humble/lib/aarch64-linux-gnu:/opt/ros/humble/lib', 'MOTD_SHOWN': 'pam', 'HOME': '/home/dron', 'OLDPWD': '/home/dron', 'SSH_TTY': '/dev/pts/0', 'ROS_PYTHON_VERSION': '3', 'PS1': '(venv) \\[\\e]0;\\u@\\h: \\w\\a\\]${debian_chroot:+($debian_chroot)}\\u@\\h:\\w\\$', 'DBUS_SESSION_BUS_ADDRESS': 'unix:path=/run/user/1000/bus', 'COLCON_PREFIX_PATH': '/home/dron/Praca-magisterska/ros2_ws/install', 'ROS_DISTRO': 'humble', 'LOGNAME': 'dron', '_': '/usr/bin/colcon', 'ROS_VERSION': '2', 'XDG_SESSION_CLASS': 'user', 'TERM': 'xterm', 'XDG_SESSION_ID': '2', 'ROS_LOCALHOST_ONLY': '0', 'PATH': '/opt/ros/humble/bin:/home/rosbot/ros2_ws/venv/bin:/usr/local/sbin:/usr/local/bin:/usr/sbin:/usr/bin:/sbin:/bin:/usr/games:/usr/local/games:/snap/bin', 'XDG_RUNTIME_DIR': '/run/user/1000', 'LANG': 'C.UTF-8', 'VIRTUAL_ENV_PROMPT': '(venv)', 'LS_COLORS': 'rs=0:di=01;34:ln=01;36:mh=00:pi=40;33:so=01;35:do=01;35:bd=40;33;01:cd=40;33;01:or=40;31;01:mi=00:su=37;41:sg=30;43:ca=30;41:tw=30;42:ow=34;42:st=37;44:ex=01;32:*.tar=01;31:*.tgz=01;31:*.arc=01;31:*.arj=01;31:*.taz=01;31:*.lha=01;31:*.lz4=01;31:*.lzh=01;31:*.lzma=01;31:*.tlz=01;31:*.txz=01;31:*.tzo=01;31:*.t7z=01;31:*.zip=01;31:*.z=01;31:*.dz=01;31:*.gz=01;31:*.lrz=01;31:*.lz=01;31:*.lzo=01;31:*.xz=01;31:*.zst=01;31:*.tzst=01;31:*.bz2=01;31:*.bz=01;31:*.tbz=01;31:*.tbz2=01;31:*.tz=01;31:*.deb=01;31:*.rpm=01;31:*.jar=01;31:*.war=01;31:*.ear=01;31:*.sar=01;31:*.rar=01;31:*.alz=01;31:*.ace=01;31:*.zoo=01;31:*.cpio=01;31:*.7z=01;31:*.rz=01;31:*.cab=01;31:*.wim=01;31:*.swm=01;31:*.dwm=01;31:*.esd=01;31:*.jpg=01;35:*.jpeg=01;35:*.mjpg=01;35:*.mjpeg=01;35:*.gif=01;35:*.bmp=01;35:*.pbm=01;35:*.pgm=01;35:*.ppm=01;35:*.tga=01;35:*.xbm=01;35:*.xpm=01;35:*.tif=01;35:*.tiff=01;35:*.png=01;35:*.svg=01;35:*.svgz=01;35:*.mng=01;35:*.pcx=01;35:*.mov=01;35:*.mpg=01;35:*.mpeg=01;35:*.m2v=01;35:*.mkv=01;35:*.webm=01;35:*.webp=01;35:*.ogm=01;35:*.mp4=01;35:*.m4v=01;35:*.mp4v=01;35:*.vob=01;35:*.qt=01;35:*.nuv=01;35:*.wmv=01;35:*.asf=01;35:*.rm=01;35:*.rmvb=01;35:*.flc=01;35:*.avi=01;35:*.fli=01;35:*.flv=01;35:*.gl=01;35:*.dl=01;35:*.xcf=01;35:*.xwd=01;35:*.yuv=01;35:*.cgm=01;35:*.emf=01;35:*.ogv=01;35:*.ogx=01;35:*.aac=00;36:*.au=00;36:*.flac=00;36:*.m4a=00;36:*.mid=00;36:*.midi=00;36:*.mka=00;36:*.mp3=00;36:*.mpc=00;36:*.ogg=00;36:*.ra=00;36:*.wav=00;36:*.oga=00;36:*.opus=00;36:*.spx=00;36:*.xspf=00;36:', 'AMENT_PREFIX_PATH': '/home/dron/Praca-magisterska/ros2_ws/install/um7_pkg:/home/dron/Praca-magisterska/ros2_ws/install/my_py_pkg:/home/dron/Praca-magisterska/ros2_ws/install/my_cpp_pkg:/home/dron/Praca-magisterska/ros2_ws/install/log_data_pkg:/home/dron/Praca-magisterska/ros2_ws/install/flight_controller_pkg:/home/dron/Praca-magisterska/ros2_ws/install/flask_pkg:/home/dron/Praca-magisterska/ros2_ws/install/estimator_pkg:/home/dron/Praca-magisterska/ros2_ws/install/custom_msgs:/opt/ros/humble', 'SHELL': '/bin/bash', 'LESSCLOSE': '/usr/bin/lesspipe %s %s', 'VIRTUAL_ENV': '/home/rosbot/ros2_ws/venv', 'PWD': '/home/dron/Praca-magisterska/ros2_ws/build/my_py_pkg', 'SSH_CONNECTION': 'fe80::73bc:b5b3:a668:f352%wlan0 57528 fe80::da3a:ddff:fe3f:f331%wlan0 22', 'XDG_DATA_DIRS': '/usr/local/share:/usr/share:/var/lib/snapd/desktop', 'PYTHONPATH': '/home/dron/Praca-magisterska/ros2_ws/build/my_py_pkg/prefix_override:/usr/lib/python3/dist-packages/colcon_core/task/python/colcon_distutils_commands:/home/dron/Praca-magisterska/ros2_ws/install/my_py_pkg/lib/python3.10/site-packages:/home/dron/Praca-magisterska/ros2_ws/install/um7_pkg/lib/python3.10/site-packages:/home/dron/Praca-magisterska/ros2_ws/install/my_py_pkg/lib/python3.10/site-packages:/home/dron/Praca-magisterska/ros2_ws/install/log_data_pkg/lib/python3.10/site-packages:/home/dron/Praca-magisterska/ros2_ws/install/flight_controller_pkg/lib/python3.10/site-packages:/home/dron/Praca-magisterska/ros2_ws/install/flask_pkg/lib/python3.10/site-packages:/home/dron/Praca-magisterska/ros2_ws/install/estimator_pkg/lib/python3.10/site-packages:/home/dron/Praca-magisterska/ros2_ws/install/custom_msgs/local/lib/python3.10/dist-packages:/opt/ros/humble/lib/python3.10/site-packages:/opt/ros/humble/local/lib/python3.10/dist-packages::/home/dron/Praca-magisterska/ros2_ws/venv/lib/python3.12/site-packages', 'COLCON': '1', 'CMAKE_PREFIX_PATH': '/home/dron/Praca-magisterska/ros2_ws/install/my_cpp_pkg:/home/dron/Praca-magisterska/ros2_ws/install/custom_msgs'}, 'shell': False}
[6.860451] (-) TimerEvent: {}
[6.962179] (-) TimerEvent: {}
[7.063892] (-) TimerEvent: {}
[7.165062] (-) TimerEvent: {}
[7.266160] (-) TimerEvent: {}
[7.367140] (-) TimerEvent: {}
[7.467997] (-) TimerEvent: {}
[7.569341] (-) TimerEvent: {}
[7.670713] (-) TimerEvent: {}
[7.771540] (-) TimerEvent: {}
[7.872335] (-) TimerEvent: {}
[7.973219] (-) TimerEvent: {}
[8.074213] (-) TimerEvent: {}
[8.175297] (-) TimerEvent: {}
[8.239628] (my_py_pkg) StdoutLine: {'line': b'running egg_info\n'}
[8.243904] (my_py_pkg) StdoutLine: {'line': b'writing ../../build/my_py_pkg/my_py_pkg.egg-info/PKG-INFO\n'}
[8.247406] (my_py_pkg) StdoutLine: {'line': b'writing dependency_links to ../../build/my_py_pkg/my_py_pkg.egg-info/dependency_links.txt\n'}
[8.249559] (my_py_pkg) StdoutLine: {'line': b'writing entry points to ../../build/my_py_pkg/my_py_pkg.egg-info/entry_points.txt\n'}
[8.251276] (my_py_pkg) StdoutLine: {'line': b'writing requirements to ../../build/my_py_pkg/my_py_pkg.egg-info/requires.txt\n'}
[8.251831] (my_py_pkg) StdoutLine: {'line': b'writing top-level names to ../../build/my_py_pkg/my_py_pkg.egg-info/top_level.txt\n'}
[8.261720] (my_py_pkg) StdoutLine: {'line': b"reading manifest file '../../build/my_py_pkg/my_py_pkg.egg-info/SOURCES.txt'\n"}
[8.266358] (my_py_pkg) StdoutLine: {'line': b"writing manifest file '../../build/my_py_pkg/my_py_pkg.egg-info/SOURCES.txt'\n"}
[8.269428] (my_py_pkg) StdoutLine: {'line': b'running build\n'}
[8.271147] (my_py_pkg) StdoutLine: {'line': b'running build_py\n'}
[8.271886] (my_py_pkg) StdoutLine: {'line': b'running install\n'}
[8.274999] (my_py_pkg) StdoutLine: {'line': b'running install_lib\n'}
[8.275654] (-) TimerEvent: {}
[8.278521] (my_py_pkg) StdoutLine: {'line': b'running install_data\n'}
[8.280665] (my_py_pkg) StdoutLine: {'line': b'running install_egg_info\n'}
[8.289046] (my_py_pkg) StdoutLine: {'line': b"removing '/home/dron/Praca-magisterska/ros2_ws/install/my_py_pkg/lib/python3.10/site-packages/my_py_pkg-0.0.0-py3.10.egg-info' (and everything under it)\n"}
[8.291195] (my_py_pkg) StdoutLine: {'line': b'Copying ../../build/my_py_pkg/my_py_pkg.egg-info to /home/dron/Praca-magisterska/ros2_ws/install/my_py_pkg/lib/python3.10/site-packages/my_py_pkg-0.0.0-py3.10.egg-info\n'}
[8.300297] (my_py_pkg) StdoutLine: {'line': b'running install_scripts\n'}
[8.375896] (-) TimerEvent: {}
[8.415272] (my_py_pkg) StdoutLine: {'line': b'Installing py_node script to /home/dron/Praca-magisterska/ros2_ws/install/my_py_pkg/lib/my_py_pkg\n'}
[8.417562] (my_py_pkg) StdoutLine: {'line': b"writing list of installed files to '/home/dron/Praca-magisterska/ros2_ws/build/my_py_pkg/install.log'\n"}
[8.476282] (-) TimerEvent: {}
[8.577626] (-) TimerEvent: {}
[8.586147] (my_py_pkg) CommandEnded: {'returncode': 0}
[8.647412] (my_py_pkg) JobEnded: {'identifier': 'my_py_pkg', 'rc': 0}
[8.651172] (gs_pkg) JobStarted: {'identifier': 'gs_pkg'}
[8.677814] (-) TimerEvent: {}
[8.779622] (-) TimerEvent: {}
[8.883005] (-) TimerEvent: {}
[8.987658] (-) TimerEvent: {}
[9.091940] (-) TimerEvent: {}
[9.194521] (-) TimerEvent: {}
[9.295255] (-) TimerEvent: {}
[9.395954] (-) TimerEvent: {}
[9.496710] (-) TimerEvent: {}
[9.597433] (-) TimerEvent: {}
[9.698155] (-) TimerEvent: {}
[9.798882] (-) TimerEvent: {}
[9.899586] (-) TimerEvent: {}
[10.000372] (-) TimerEvent: {}
[10.090920] (flask_pkg) Command: {'cmd': ['/usr/bin/python3', '-W', 'ignore:setup.py install is deprecated', '-W', 'ignore:easy_install command is deprecated', 'setup.py', 'egg_info', '--egg-base', '../../build/flask_pkg', 'build', '--build-base', '/home/dron/Praca-magisterska/ros2_ws/build/flask_pkg/build', 'install', '--record', '/home/dron/Praca-magisterska/ros2_ws/build/flask_pkg/install.log', '--single-version-externally-managed', 'install_data'], 'cwd': '/home/dron/Praca-magisterska/ros2_ws/src/flask_pkg', 'env': {'LESSOPEN': '| /usr/bin/lesspipe %s', 'USER': 'dron', 'SSH_CLIENT': 'fe80::73bc:b5b3:a668:f352%wlan0 57528 22', 'XDG_SESSION_TYPE': 'tty', 'SHLVL': '1', 'LD_LIBRARY_PATH': '/home/dron/Praca-magisterska/ros2_ws/install/custom_msgs/lib:/opt/ros/humble/lib/aarch64-linux-gnu:/opt/ros/humble/lib', 'MOTD_SHOWN': 'pam', 'HOME': '/home/dron', 'OLDPWD': '/home/dron', 'SSH_TTY': '/dev/pts/0', 'ROS_PYTHON_VERSION': '3', 'PS1': '(venv) \\[\\e]0;\\u@\\h: \\w\\a\\]${debian_chroot:+($debian_chroot)}\\u@\\h:\\w\\$', 'DBUS_SESSION_BUS_ADDRESS': 'unix:path=/run/user/1000/bus', 'COLCON_PREFIX_PATH': '/home/dron/Praca-magisterska/ros2_ws/install', 'ROS_DISTRO': 'humble', 'LOGNAME': 'dron', '_': '/usr/bin/colcon', 'ROS_VERSION': '2', 'XDG_SESSION_CLASS': 'user', 'TERM': 'xterm', 'XDG_SESSION_ID': '2', 'ROS_LOCALHOST_ONLY': '0', 'PATH': '/opt/ros/humble/bin:/home/rosbot/ros2_ws/venv/bin:/usr/local/sbin:/usr/local/bin:/usr/sbin:/usr/bin:/sbin:/bin:/usr/games:/usr/local/games:/snap/bin', 'XDG_RUNTIME_DIR': '/run/user/1000', 'LANG': 'C.UTF-8', 'VIRTUAL_ENV_PROMPT': '(venv)', 'LS_COLORS': 'rs=0:di=01;34:ln=01;36:mh=00:pi=40;33:so=01;35:do=01;35:bd=40;33;01:cd=40;33;01:or=40;31;01:mi=00:su=37;41:sg=30;43:ca=30;41:tw=30;42:ow=34;42:st=37;44:ex=01;32:*.tar=01;31:*.tgz=01;31:*.arc=01;31:*.arj=01;31:*.taz=01;31:*.lha=01;31:*.lz4=01;31:*.lzh=01;31:*.lzma=01;31:*.tlz=01;31:*.txz=01;31:*.tzo=01;31:*.t7z=01;31:*.zip=01;31:*.z=01;31:*.dz=01;31:*.gz=01;31:*.lrz=01;31:*.lz=01;31:*.lzo=01;31:*.xz=01;31:*.zst=01;31:*.tzst=01;31:*.bz2=01;31:*.bz=01;31:*.tbz=01;31:*.tbz2=01;31:*.tz=01;31:*.deb=01;31:*.rpm=01;31:*.jar=01;31:*.war=01;31:*.ear=01;31:*.sar=01;31:*.rar=01;31:*.alz=01;31:*.ace=01;31:*.zoo=01;31:*.cpio=01;31:*.7z=01;31:*.rz=01;31:*.cab=01;31:*.wim=01;31:*.swm=01;31:*.dwm=01;31:*.esd=01;31:*.jpg=01;35:*.jpeg=01;35:*.mjpg=01;35:*.mjpeg=01;35:*.gif=01;35:*.bmp=01;35:*.pbm=01;35:*.pgm=01;35:*.ppm=01;35:*.tga=01;35:*.xbm=01;35:*.xpm=01;35:*.tif=01;35:*.tiff=01;35:*.png=01;35:*.svg=01;35:*.svgz=01;35:*.mng=01;35:*.pcx=01;35:*.mov=01;35:*.mpg=01;35:*.mpeg=01;35:*.m2v=01;35:*.mkv=01;35:*.webm=01;35:*.webp=01;35:*.ogm=01;35:*.mp4=01;35:*.m4v=01;35:*.mp4v=01;35:*.vob=01;35:*.qt=01;35:*.nuv=01;35:*.wmv=01;35:*.asf=01;35:*.rm=01;35:*.rmvb=01;35:*.flc=01;35:*.avi=01;35:*.fli=01;35:*.flv=01;35:*.gl=01;35:*.dl=01;35:*.xcf=01;35:*.xwd=01;35:*.yuv=01;35:*.cgm=01;35:*.emf=01;35:*.ogv=01;35:*.ogx=01;35:*.aac=00;36:*.au=00;36:*.flac=00;36:*.m4a=00;36:*.mid=00;36:*.midi=00;36:*.mka=00;36:*.mp3=00;36:*.mpc=00;36:*.ogg=00;36:*.ra=00;36:*.wav=00;36:*.oga=00;36:*.opus=00;36:*.spx=00;36:*.xspf=00;36:', 'AMENT_PREFIX_PATH': '/home/dron/Praca-magisterska/ros2_ws/install/um7_pkg:/home/dron/Praca-magisterska/ros2_ws/install/my_py_pkg:/home/dron/Praca-magisterska/ros2_ws/install/my_cpp_pkg:/home/dron/Praca-magisterska/ros2_ws/install/log_data_pkg:/home/dron/Praca-magisterska/ros2_ws/install/flight_controller_pkg:/home/dron/Praca-magisterska/ros2_ws/install/flask_pkg:/home/dron/Praca-magisterska/ros2_ws/install/estimator_pkg:/home/dron/Praca-magisterska/ros2_ws/install/custom_msgs:/opt/ros/humble', 'SHELL': '/bin/bash', 'LESSCLOSE': '/usr/bin/lesspipe %s %s', 'VIRTUAL_ENV': '/home/rosbot/ros2_ws/venv', 'PWD': '/home/dron/Praca-magisterska/ros2_ws/build/flask_pkg', 'SSH_CONNECTION': 'fe80::73bc:b5b3:a668:f352%wlan0 57528 fe80::da3a:ddff:fe3f:f331%wlan0 22', 'XDG_DATA_DIRS': '/usr/local/share:/usr/share:/var/lib/snapd/desktop', 'PYTHONPATH': '/home/dron/Praca-magisterska/ros2_ws/build/flask_pkg/prefix_override:/usr/lib/python3/dist-packages/colcon_core/task/python/colcon_distutils_commands:/home/dron/Praca-magisterska/ros2_ws/install/flask_pkg/lib/python3.10/site-packages:/home/dron/Praca-magisterska/ros2_ws/install/um7_pkg/lib/python3.10/site-packages:/home/dron/Praca-magisterska/ros2_ws/install/my_py_pkg/lib/python3.10/site-packages:/home/dron/Praca-magisterska/ros2_ws/install/log_data_pkg/lib/python3.10/site-packages:/home/dron/Praca-magisterska/ros2_ws/install/flight_controller_pkg/lib/python3.10/site-packages:/home/dron/Praca-magisterska/ros2_ws/install/flask_pkg/lib/python3.10/site-packages:/home/dron/Praca-magisterska/ros2_ws/install/estimator_pkg/lib/python3.10/site-packages:/home/dron/Praca-magisterska/ros2_ws/install/custom_msgs/local/lib/python3.10/dist-packages:/opt/ros/humble/lib/python3.10/site-packages:/opt/ros/humble/local/lib/python3.10/dist-packages::/home/dron/Praca-magisterska/ros2_ws/venv/lib/python3.12/site-packages', 'COLCON': '1', 'CMAKE_PREFIX_PATH': '/home/dron/Praca-magisterska/ros2_ws/install/custom_msgs:/home/dron/Praca-magisterska/ros2_ws/install/my_cpp_pkg'}, 'shell': False}
[10.104630] (-) TimerEvent: {}
[10.105430] (flight_controller_pkg) Command: {'cmd': ['/usr/bin/python3', '-W', 'ignore:setup.py install is deprecated', '-W', 'ignore:easy_install command is deprecated', 'setup.py', 'egg_info', '--egg-base', '../../build/flight_controller_pkg', 'build', '--build-base', '/home/dron/Praca-magisterska/ros2_ws/build/flight_controller_pkg/build', 'install', '--record', '/home/dron/Praca-magisterska/ros2_ws/build/flight_controller_pkg/install.log', '--single-version-externally-managed', 'install_data'], 'cwd': '/home/dron/Praca-magisterska/ros2_ws/src/flight_controller_pkg', 'env': {'LESSOPEN': '| /usr/bin/lesspipe %s', 'USER': 'dron', 'SSH_CLIENT': 'fe80::73bc:b5b3:a668:f352%wlan0 57528 22', 'XDG_SESSION_TYPE': 'tty', 'SHLVL': '1', 'LD_LIBRARY_PATH': '/home/dron/Praca-magisterska/ros2_ws/install/custom_msgs/lib:/opt/ros/humble/lib/aarch64-linux-gnu:/opt/ros/humble/lib', 'MOTD_SHOWN': 'pam', 'HOME': '/home/dron', 'OLDPWD': '/home/dron', 'SSH_TTY': '/dev/pts/0', 'ROS_PYTHON_VERSION': '3', 'PS1': '(venv) \\[\\e]0;\\u@\\h: \\w\\a\\]${debian_chroot:+($debian_chroot)}\\u@\\h:\\w\\$', 'DBUS_SESSION_BUS_ADDRESS': 'unix:path=/run/user/1000/bus', 'COLCON_PREFIX_PATH': '/home/dron/Praca-magisterska/ros2_ws/install', 'ROS_DISTRO': 'humble', 'LOGNAME': 'dron', '_': '/usr/bin/colcon', 'ROS_VERSION': '2', 'XDG_SESSION_CLASS': 'user', 'TERM': 'xterm', 'XDG_SESSION_ID': '2', 'ROS_LOCALHOST_ONLY': '0', 'PATH': '/opt/ros/humble/bin:/home/rosbot/ros2_ws/venv/bin:/usr/local/sbin:/usr/local/bin:/usr/sbin:/usr/bin:/sbin:/bin:/usr/games:/usr/local/games:/snap/bin', 'XDG_RUNTIME_DIR': '/run/user/1000', 'LANG': 'C.UTF-8', 'VIRTUAL_ENV_PROMPT': '(venv)', 'LS_COLORS': 'rs=0:di=01;34:ln=01;36:mh=00:pi=40;33:so=01;35:do=01;35:bd=40;33;01:cd=40;33;01:or=40;31;01:mi=00:su=37;41:sg=30;43:ca=30;41:tw=30;42:ow=34;42:st=37;44:ex=01;32:*.tar=01;31:*.tgz=01;31:*.arc=01;31:*.arj=01;31:*.taz=01;31:*.lha=01;31:*.lz4=01;31:*.lzh=01;31:*.lzma=01;31:*.tlz=01;31:*.txz=01;31:*.tzo=01;31:*.t7z=01;31:*.zip=01;31:*.z=01;31:*.dz=01;31:*.gz=01;31:*.lrz=01;31:*.lz=01;31:*.lzo=01;31:*.xz=01;31:*.zst=01;31:*.tzst=01;31:*.bz2=01;31:*.bz=01;31:*.tbz=01;31:*.tbz2=01;31:*.tz=01;31:*.deb=01;31:*.rpm=01;31:*.jar=01;31:*.war=01;31:*.ear=01;31:*.sar=01;31:*.rar=01;31:*.alz=01;31:*.ace=01;31:*.zoo=01;31:*.cpio=01;31:*.7z=01;31:*.rz=01;31:*.cab=01;31:*.wim=01;31:*.swm=01;31:*.dwm=01;31:*.esd=01;31:*.jpg=01;35:*.jpeg=01;35:*.mjpg=01;35:*.mjpeg=01;35:*.gif=01;35:*.bmp=01;35:*.pbm=01;35:*.pgm=01;35:*.ppm=01;35:*.tga=01;35:*.xbm=01;35:*.xpm=01;35:*.tif=01;35:*.tiff=01;35:*.png=01;35:*.svg=01;35:*.svgz=01;35:*.mng=01;35:*.pcx=01;35:*.mov=01;35:*.mpg=01;35:*.mpeg=01;35:*.m2v=01;35:*.mkv=01;35:*.webm=01;35:*.webp=01;35:*.ogm=01;35:*.mp4=01;35:*.m4v=01;35:*.mp4v=01;35:*.vob=01;35:*.qt=01;35:*.nuv=01;35:*.wmv=01;35:*.asf=01;35:*.rm=01;35:*.rmvb=01;35:*.flc=01;35:*.avi=01;35:*.fli=01;35:*.flv=01;35:*.gl=01;35:*.dl=01;35:*.xcf=01;35:*.xwd=01;35:*.yuv=01;35:*.cgm=01;35:*.emf=01;35:*.ogv=01;35:*.ogx=01;35:*.aac=00;36:*.au=00;36:*.flac=00;36:*.m4a=00;36:*.mid=00;36:*.midi=00;36:*.mka=00;36:*.mp3=00;36:*.mpc=00;36:*.ogg=00;36:*.ra=00;36:*.wav=00;36:*.oga=00;36:*.opus=00;36:*.spx=00;36:*.xspf=00;36:', 'AMENT_PREFIX_PATH': '/home/dron/Praca-magisterska/ros2_ws/install/um7_pkg:/home/dron/Praca-magisterska/ros2_ws/install/my_py_pkg:/home/dron/Praca-magisterska/ros2_ws/install/my_cpp_pkg:/home/dron/Praca-magisterska/ros2_ws/install/log_data_pkg:/home/dron/Praca-magisterska/ros2_ws/install/flight_controller_pkg:/home/dron/Praca-magisterska/ros2_ws/install/flask_pkg:/home/dron/Praca-magisterska/ros2_ws/install/estimator_pkg:/home/dron/Praca-magisterska/ros2_ws/install/custom_msgs:/opt/ros/humble', 'SHELL': '/bin/bash', 'LESSCLOSE': '/usr/bin/lesspipe %s %s', 'VIRTUAL_ENV': '/home/rosbot/ros2_ws/venv', 'PWD': '/home/dron/Praca-magisterska/ros2_ws/build/flight_controller_pkg', 'SSH_CONNECTION': 'fe80::73bc:b5b3:a668:f352%wlan0 57528 fe80::da3a:ddff:fe3f:f331%wlan0 22', 'XDG_DATA_DIRS': '/usr/local/share:/usr/share:/var/lib/snapd/desktop', 'PYTHONPATH': '/home/dron/Praca-magisterska/ros2_ws/build/flight_controller_pkg/prefix_override:/usr/lib/python3/dist-packages/colcon_core/task/python/colcon_distutils_commands:/home/dron/Praca-magisterska/ros2_ws/install/flight_controller_pkg/lib/python3.10/site-packages:/home/dron/Praca-magisterska/ros2_ws/install/um7_pkg/lib/python3.10/site-packages:/home/dron/Praca-magisterska/ros2_ws/install/my_py_pkg/lib/python3.10/site-packages:/home/dron/Praca-magisterska/ros2_ws/install/log_data_pkg/lib/python3.10/site-packages:/home/dron/Praca-magisterska/ros2_ws/install/flight_controller_pkg/lib/python3.10/site-packages:/home/dron/Praca-magisterska/ros2_ws/install/flask_pkg/lib/python3.10/site-packages:/home/dron/Praca-magisterska/ros2_ws/install/estimator_pkg/lib/python3.10/site-packages:/home/dron/Praca-magisterska/ros2_ws/install/custom_msgs/local/lib/python3.10/dist-packages:/opt/ros/humble/lib/python3.10/site-packages:/opt/ros/humble/local/lib/python3.10/dist-packages::/home/dron/Praca-magisterska/ros2_ws/venv/lib/python3.12/site-packages', 'COLCON': '1', 'CMAKE_PREFIX_PATH': '/home/dron/Praca-magisterska/ros2_ws/install/custom_msgs:/home/dron/Praca-magisterska/ros2_ws/install/my_cpp_pkg'}, 'shell': False}
[10.113946] (estimator_pkg) Command: {'cmd': ['/usr/bin/python3', '-W', 'ignore:setup.py install is deprecated', '-W', 'ignore:easy_install command is deprecated', 'setup.py', 'egg_info', '--egg-base', '../../build/estimator_pkg', 'build', '--build-base', '/home/dron/Praca-magisterska/ros2_ws/build/estimator_pkg/build', 'install', '--record', '/home/dron/Praca-magisterska/ros2_ws/build/estimator_pkg/install.log', '--single-version-externally-managed', 'install_data'], 'cwd': '/home/dron/Praca-magisterska/ros2_ws/src/estimator_pkg', 'env': {'LESSOPEN': '| /usr/bin/lesspipe %s', 'USER': 'dron', 'SSH_CLIENT': 'fe80::73bc:b5b3:a668:f352%wlan0 57528 22', 'XDG_SESSION_TYPE': 'tty', 'SHLVL': '1', 'LD_LIBRARY_PATH': '/home/dron/Praca-magisterska/ros2_ws/install/custom_msgs/lib:/opt/ros/humble/lib/aarch64-linux-gnu:/opt/ros/humble/lib', 'MOTD_SHOWN': 'pam', 'HOME': '/home/dron', 'OLDPWD': '/home/dron', 'SSH_TTY': '/dev/pts/0', 'ROS_PYTHON_VERSION': '3', 'PS1': '(venv) \\[\\e]0;\\u@\\h: \\w\\a\\]${debian_chroot:+($debian_chroot)}\\u@\\h:\\w\\$', 'DBUS_SESSION_BUS_ADDRESS': 'unix:path=/run/user/1000/bus', 'COLCON_PREFIX_PATH': '/home/dron/Praca-magisterska/ros2_ws/install', 'ROS_DISTRO': 'humble', 'LOGNAME': 'dron', '_': '/usr/bin/colcon', 'ROS_VERSION': '2', 'XDG_SESSION_CLASS': 'user', 'TERM': 'xterm', 'XDG_SESSION_ID': '2', 'ROS_LOCALHOST_ONLY': '0', 'PATH': '/opt/ros/humble/bin:/home/rosbot/ros2_ws/venv/bin:/usr/local/sbin:/usr/local/bin:/usr/sbin:/usr/bin:/sbin:/bin:/usr/games:/usr/local/games:/snap/bin', 'XDG_RUNTIME_DIR': '/run/user/1000', 'LANG': 'C.UTF-8', 'VIRTUAL_ENV_PROMPT': '(venv)', 'LS_COLORS': 'rs=0:di=01;34:ln=01;36:mh=00:pi=40;33:so=01;35:do=01;35:bd=40;33;01:cd=40;33;01:or=40;31;01:mi=00:su=37;41:sg=30;43:ca=30;41:tw=30;42:ow=34;42:st=37;44:ex=01;32:*.tar=01;31:*.tgz=01;31:*.arc=01;31:*.arj=01;31:*.taz=01;31:*.lha=01;31:*.lz4=01;31:*.lzh=01;31:*.lzma=01;31:*.tlz=01;31:*.txz=01;31:*.tzo=01;31:*.t7z=01;31:*.zip=01;31:*.z=01;31:*.dz=01;31:*.gz=01;31:*.lrz=01;31:*.lz=01;31:*.lzo=01;31:*.xz=01;31:*.zst=01;31:*.tzst=01;31:*.bz2=01;31:*.bz=01;31:*.tbz=01;31:*.tbz2=01;31:*.tz=01;31:*.deb=01;31:*.rpm=01;31:*.jar=01;31:*.war=01;31:*.ear=01;31:*.sar=01;31:*.rar=01;31:*.alz=01;31:*.ace=01;31:*.zoo=01;31:*.cpio=01;31:*.7z=01;31:*.rz=01;31:*.cab=01;31:*.wim=01;31:*.swm=01;31:*.dwm=01;31:*.esd=01;31:*.jpg=01;35:*.jpeg=01;35:*.mjpg=01;35:*.mjpeg=01;35:*.gif=01;35:*.bmp=01;35:*.pbm=01;35:*.pgm=01;35:*.ppm=01;35:*.tga=01;35:*.xbm=01;35:*.xpm=01;35:*.tif=01;35:*.tiff=01;35:*.png=01;35:*.svg=01;35:*.svgz=01;35:*.mng=01;35:*.pcx=01;35:*.mov=01;35:*.mpg=01;35:*.mpeg=01;35:*.m2v=01;35:*.mkv=01;35:*.webm=01;35:*.webp=01;35:*.ogm=01;35:*.mp4=01;35:*.m4v=01;35:*.mp4v=01;35:*.vob=01;35:*.qt=01;35:*.nuv=01;35:*.wmv=01;35:*.asf=01;35:*.rm=01;35:*.rmvb=01;35:*.flc=01;35:*.avi=01;35:*.fli=01;35:*.flv=01;35:*.gl=01;35:*.dl=01;35:*.xcf=01;35:*.xwd=01;35:*.yuv=01;35:*.cgm=01;35:*.emf=01;35:*.ogv=01;35:*.ogx=01;35:*.aac=00;36:*.au=00;36:*.flac=00;36:*.m4a=00;36:*.mid=00;36:*.midi=00;36:*.mka=00;36:*.mp3=00;36:*.mpc=00;36:*.ogg=00;36:*.ra=00;36:*.wav=00;36:*.oga=00;36:*.opus=00;36:*.spx=00;36:*.xspf=00;36:', 'AMENT_PREFIX_PATH': '/home/dron/Praca-magisterska/ros2_ws/install/um7_pkg:/home/dron/Praca-magisterska/ros2_ws/install/my_py_pkg:/home/dron/Praca-magisterska/ros2_ws/install/my_cpp_pkg:/home/dron/Praca-magisterska/ros2_ws/install/log_data_pkg:/home/dron/Praca-magisterska/ros2_ws/install/flight_controller_pkg:/home/dron/Praca-magisterska/ros2_ws/install/flask_pkg:/home/dron/Praca-magisterska/ros2_ws/install/estimator_pkg:/home/dron/Praca-magisterska/ros2_ws/install/custom_msgs:/opt/ros/humble', 'SHELL': '/bin/bash', 'LESSCLOSE': '/usr/bin/lesspipe %s %s', 'VIRTUAL_ENV': '/home/rosbot/ros2_ws/venv', 'PWD': '/home/dron/Praca-magisterska/ros2_ws/build/estimator_pkg', 'SSH_CONNECTION': 'fe80::73bc:b5b3:a668:f352%wlan0 57528 fe80::da3a:ddff:fe3f:f331%wlan0 22', 'XDG_DATA_DIRS': '/usr/local/share:/usr/share:/var/lib/snapd/desktop', 'PYTHONPATH': '/home/dron/Praca-magisterska/ros2_ws/build/estimator_pkg/prefix_override:/usr/lib/python3/dist-packages/colcon_core/task/python/colcon_distutils_commands:/home/dron/Praca-magisterska/ros2_ws/install/estimator_pkg/lib/python3.10/site-packages:/home/dron/Praca-magisterska/ros2_ws/install/um7_pkg/lib/python3.10/site-packages:/home/dron/Praca-magisterska/ros2_ws/install/my_py_pkg/lib/python3.10/site-packages:/home/dron/Praca-magisterska/ros2_ws/install/log_data_pkg/lib/python3.10/site-packages:/home/dron/Praca-magisterska/ros2_ws/install/flight_controller_pkg/lib/python3.10/site-packages:/home/dron/Praca-magisterska/ros2_ws/install/flask_pkg/lib/python3.10/site-packages:/home/dron/Praca-magisterska/ros2_ws/install/estimator_pkg/lib/python3.10/site-packages:/home/dron/Praca-magisterska/ros2_ws/install/custom_msgs/local/lib/python3.10/dist-packages:/opt/ros/humble/lib/python3.10/site-packages:/opt/ros/humble/local/lib/python3.10/dist-packages::/home/dron/Praca-magisterska/ros2_ws/venv/lib/python3.12/site-packages', 'COLCON': '1', 'CMAKE_PREFIX_PATH': '/home/dron/Praca-magisterska/ros2_ws/install/custom_msgs:/home/dron/Praca-magisterska/ros2_ws/install/my_cpp_pkg'}, 'shell': False}
[10.204908] (-) TimerEvent: {}
[10.305835] (-) TimerEvent: {}
[10.407340] (-) TimerEvent: {}
[10.508258] (-) TimerEvent: {}
[10.609317] (-) TimerEvent: {}
[10.710213] (-) TimerEvent: {}
[10.811001] (-) TimerEvent: {}
[10.911787] (-) TimerEvent: {}
[11.012680] (-) TimerEvent: {}
[11.113509] (-) TimerEvent: {}
[11.214799] (-) TimerEvent: {}
[11.316241] (-) TimerEvent: {}
[11.417639] (-) TimerEvent: {}
[11.519297] (-) TimerEvent: {}
[11.525414] (flask_pkg) StdoutLine: {'line': b'running egg_info\n'}
[11.529748] (flask_pkg) StdoutLine: {'line': b'writing ../../build/flask_pkg/flask_pkg.egg-info/PKG-INFO\n'}
[11.533687] (flask_pkg) StdoutLine: {'line': b'writing dependency_links to ../../build/flask_pkg/flask_pkg.egg-info/dependency_links.txt\n'}
[11.537494] (flask_pkg) StdoutLine: {'line': b'writing entry points to ../../build/flask_pkg/flask_pkg.egg-info/entry_points.txt\n'}
[11.541157] (flask_pkg) StdoutLine: {'line': b'writing requirements to ../../build/flask_pkg/flask_pkg.egg-info/requires.txt\n'}
[11.544144] (flask_pkg) StdoutLine: {'line': b'writing top-level names to ../../build/flask_pkg/flask_pkg.egg-info/top_level.txt\n'}
[11.557213] (flask_pkg) StdoutLine: {'line': b"reading manifest file '../../build/flask_pkg/flask_pkg.egg-info/SOURCES.txt'\n"}
[11.558635] (estimator_pkg) StdoutLine: {'line': b'running egg_info\n'}
[11.561110] (estimator_pkg) StdoutLine: {'line': b'writing ../../build/estimator_pkg/estimator_pkg.egg-info/PKG-INFO\n'}
[11.562414] (estimator_pkg) StdoutLine: {'line': b'writing dependency_links to ../../build/estimator_pkg/estimator_pkg.egg-info/dependency_links.txt\n'}
[11.563491] (estimator_pkg) StdoutLine: {'line': b'writing entry points to ../../build/estimator_pkg/estimator_pkg.egg-info/entry_points.txt\n'}
[11.564313] (estimator_pkg) StdoutLine: {'line': b'writing requirements to ../../build/estimator_pkg/estimator_pkg.egg-info/requires.txt\n'}
[11.565048] (estimator_pkg) StdoutLine: {'line': b'writing top-level names to ../../build/estimator_pkg/estimator_pkg.egg-info/top_level.txt\n'}
[11.572566] (flight_controller_pkg) StdoutLine: {'line': b'running egg_info\n'}
[11.575218] (flask_pkg) StdoutLine: {'line': b"writing manifest file '../../build/flask_pkg/flask_pkg.egg-info/SOURCES.txt'\n"}
[11.576109] (estimator_pkg) StdoutLine: {'line': b"reading manifest file '../../build/estimator_pkg/estimator_pkg.egg-info/SOURCES.txt'\n"}
[11.576658] (flight_controller_pkg) StdoutLine: {'line': b'writing ../../build/flight_controller_pkg/flight_controller_pkg.egg-info/PKG-INFO\n'}
[11.577314] (flight_controller_pkg) StdoutLine: {'line': b'writing dependency_links to ../../build/flight_controller_pkg/flight_controller_pkg.egg-info/dependency_links.txt\n'}
[11.578468] (flight_controller_pkg) StdoutLine: {'line': b'writing entry points to ../../build/flight_controller_pkg/flight_controller_pkg.egg-info/entry_points.txt\n'}
[11.579789] (flight_controller_pkg) StdoutLine: {'line': b'writing requirements to ../../build/flight_controller_pkg/flight_controller_pkg.egg-info/requires.txt\n'}
[11.580874] (estimator_pkg) StdoutLine: {'line': b"writing manifest file '../../build/estimator_pkg/estimator_pkg.egg-info/SOURCES.txt'\n"}
[11.581484] (flight_controller_pkg) StdoutLine: {'line': b'writing top-level names to ../../build/flight_controller_pkg/flight_controller_pkg.egg-info/top_level.txt\n'}
[11.582062] (estimator_pkg) StdoutLine: {'line': b'running build\n'}
[11.582579] (estimator_pkg) StdoutLine: {'line': b'running build_py\n'}
[11.583245] (estimator_pkg) StdoutLine: {'line': b'running install\n'}
[11.583953] (flask_pkg) StdoutLine: {'line': b'running build\n'}
[11.590133] (estimator_pkg) StdoutLine: {'line': b'running install_lib\n'}
[11.590734] (flask_pkg) StdoutLine: {'line': b'running build_py\n'}
[11.591218] (flight_controller_pkg) StdoutLine: {'line': b"reading manifest file '../../build/flight_controller_pkg/flight_controller_pkg.egg-info/SOURCES.txt'\n"}
[11.592176] (flask_pkg) StdoutLine: {'line': b'copying flask_pkg/flask_server.py -> /home/dron/Praca-magisterska/ros2_ws/build/flask_pkg/build/lib/flask_pkg\n'}
[11.592872] (estimator_pkg) StdoutLine: {'line': b'running install_data\n'}
[11.593342] (estimator_pkg) StdoutLine: {'line': b'running install_egg_info\n'}
[11.594936] (flight_controller_pkg) StdoutLine: {'line': b"writing manifest file '../../build/flight_controller_pkg/flight_controller_pkg.egg-info/SOURCES.txt'\n"}
[11.595710] (flight_controller_pkg) StdoutLine: {'line': b'running build\n'}
[11.596517] (flight_controller_pkg) StdoutLine: {'line': b'running build_py\n'}
[11.597124] (flask_pkg) StdoutLine: {'line': b'running install\n'}
[11.598092] (flask_pkg) StdoutLine: {'line': b'running install_lib\n'}
[11.602468] (flight_controller_pkg) StdoutLine: {'line': b'running install\n'}
[11.603002] (flight_controller_pkg) StdoutLine: {'line': b'running install_lib\n'}
[11.603515] (estimator_pkg) StdoutLine: {'line': b"removing '/home/dron/Praca-magisterska/ros2_ws/install/estimator_pkg/lib/python3.10/site-packages/estimator_pkg-0.0.0-py3.10.egg-info' (and everything under it)\n"}
[11.604123] (estimator_pkg) StdoutLine: {'line': b'Copying ../../build/estimator_pkg/estimator_pkg.egg-info to /home/dron/Praca-magisterska/ros2_ws/install/estimator_pkg/lib/python3.10/site-packages/estimator_pkg-0.0.0-py3.10.egg-info\n'}
[11.608147] (flask_pkg) StdoutLine: {'line': b'copying /home/dron/Praca-magisterska/ros2_ws/build/flask_pkg/build/lib/flask_pkg/flask_server.py -> /home/dron/Praca-magisterska/ros2_ws/install/flask_pkg/lib/python3.10/site-packages/flask_pkg\n'}
[11.608791] (flight_controller_pkg) StdoutLine: {'line': b'running install_data\n'}
[11.609498] (flight_controller_pkg) StdoutLine: {'line': b'running install_egg_info\n'}
[11.611711] (estimator_pkg) StdoutLine: {'line': b'running install_scripts\n'}
[11.618760] (flight_controller_pkg) StdoutLine: {'line': b"removing '/home/dron/Praca-magisterska/ros2_ws/install/flight_controller_pkg/lib/python3.10/site-packages/flight_controller_pkg-0.0.0-py3.10.egg-info' (and everything under it)\n"}
[11.619364] (-) TimerEvent: {}
[11.621013] (flight_controller_pkg) StdoutLine: {'line': b'Copying ../../build/flight_controller_pkg/flight_controller_pkg.egg-info to /home/dron/Praca-magisterska/ros2_ws/install/flight_controller_pkg/lib/python3.10/site-packages/flight_controller_pkg-0.0.0-py3.10.egg-info\n'}
[11.623034] (flask_pkg) StdoutLine: {'line': b'byte-compiling /home/dron/Praca-magisterska/ros2_ws/install/flask_pkg/lib/python3.10/site-packages/flask_pkg/flask_server.py to flask_server.cpython-310.pyc\n'}
[11.630478] (flight_controller_pkg) StdoutLine: {'line': b'running install_scripts\n'}
[11.635944] (flask_pkg) StdoutLine: {'line': b'running install_data\n'}
[11.643153] (flask_pkg) StdoutLine: {'line': b'running install_egg_info\n'}
[11.663812] (flask_pkg) StdoutLine: {'line': b"removing '/home/dron/Praca-magisterska/ros2_ws/install/flask_pkg/lib/python3.10/site-packages/flask_pkg-0.0.0-py3.10.egg-info' (and everything under it)\n"}
[11.667671] (flask_pkg) StdoutLine: {'line': b'Copying ../../build/flask_pkg/flask_pkg.egg-info to /home/dron/Praca-magisterska/ros2_ws/install/flask_pkg/lib/python3.10/site-packages/flask_pkg-0.0.0-py3.10.egg-info\n'}
[11.689343] (flask_pkg) StdoutLine: {'line': b'running install_scripts\n'}
[11.719648] (-) TimerEvent: {}
[11.725996] (estimator_pkg) StdoutLine: {'line': b'Installing estimator_node script to /home/dron/Praca-magisterska/ros2_ws/install/estimator_pkg/lib/estimator_pkg\n'}
[11.728159] (estimator_pkg) StdoutLine: {'line': b"writing list of installed files to '/home/dron/Praca-magisterska/ros2_ws/build/estimator_pkg/install.log'\n"}
[11.753205] (flight_controller_pkg) StdoutLine: {'line': b'Installing imu_reader script to /home/dron/Praca-magisterska/ros2_ws/install/flight_controller_pkg/lib/flight_controller_pkg\n'}
[11.756471] (flight_controller_pkg) StdoutLine: {'line': b"writing list of installed files to '/home/dron/Praca-magisterska/ros2_ws/build/flight_controller_pkg/install.log'\n"}
[11.820126] (-) TimerEvent: {}
[11.872830] (flask_pkg) StdoutLine: {'line': b'Installing flask_server script to /home/dron/Praca-magisterska/ros2_ws/install/flask_pkg/lib/flask_pkg\n'}
[11.880768] (flask_pkg) StdoutLine: {'line': b"writing list of installed files to '/home/dron/Praca-magisterska/ros2_ws/build/flask_pkg/install.log'\n"}
[11.920639] (-) TimerEvent: {}
[11.962099] (estimator_pkg) CommandEnded: {'returncode': 0}
[12.021033] (-) TimerEvent: {}
[12.057477] (estimator_pkg) JobEnded: {'identifier': 'estimator_pkg', 'rc': 0}
[12.066357] (log_data_pkg) JobStarted: {'identifier': 'log_data_pkg'}
[12.105857] (flight_controller_pkg) CommandEnded: {'returncode': 0}
[12.121267] (-) TimerEvent: {}
[12.144161] (flight_controller_pkg) JobEnded: {'identifier': 'flight_controller_pkg', 'rc': 0}
[12.150045] (flask_pkg) CommandEnded: {'returncode': 0}
[12.184333] (flask_pkg) JobEnded: {'identifier': 'flask_pkg', 'rc': 0}
[12.188890] (um7_pkg) JobStarted: {'identifier': 'um7_pkg'}
[12.225538] (-) TimerEvent: {}
[12.326389] (-) TimerEvent: {}
[12.427748] (-) TimerEvent: {}
[12.528805] (-) TimerEvent: {}
[12.629640] (-) TimerEvent: {}
[12.730413] (-) TimerEvent: {}
[12.831117] (-) TimerEvent: {}
[12.931851] (-) TimerEvent: {}
[13.032581] (-) TimerEvent: {}
[13.133340] (-) TimerEvent: {}
[13.234114] (-) TimerEvent: {}
[13.334907] (-) TimerEvent: {}
[13.435849] (-) TimerEvent: {}
[13.536666] (-) TimerEvent: {}
[13.637387] (-) TimerEvent: {}
[13.738224] (-) TimerEvent: {}
[13.839055] (-) TimerEvent: {}
[13.939751] (-) TimerEvent: {}
[14.040437] (-) TimerEvent: {}
[14.141128] (-) TimerEvent: {}
[14.241845] (-) TimerEvent: {}
[14.342582] (-) TimerEvent: {}
[14.443353] (-) TimerEvent: {}
[14.505329] (gs_pkg) Command: {'cmd': ['/usr/bin/python3', '-W', 'ignore:setup.py install is deprecated', '-W', 'ignore:easy_install command is deprecated', 'setup.py', 'egg_info', '--egg-base', '../../build/gs_pkg', 'build', '--build-base', '/home/dron/Praca-magisterska/ros2_ws/build/gs_pkg/build', 'install', '--record', '/home/dron/Praca-magisterska/ros2_ws/build/gs_pkg/install.log', '--single-version-externally-managed', 'install_data'], 'cwd': '/home/dron/Praca-magisterska/ros2_ws/src/gs_pkg', 'env': {'LESSOPEN': '| /usr/bin/lesspipe %s', 'USER': 'dron', 'SSH_CLIENT': 'fe80::73bc:b5b3:a668:f352%wlan0 57528 22', 'XDG_SESSION_TYPE': 'tty', 'SHLVL': '1', 'LD_LIBRARY_PATH': '/home/dron/Praca-magisterska/ros2_ws/install/custom_msgs/lib:/opt/ros/humble/lib/aarch64-linux-gnu:/opt/ros/humble/lib', 'MOTD_SHOWN': 'pam', 'HOME': '/home/dron', 'OLDPWD': '/home/dron', 'SSH_TTY': '/dev/pts/0', 'ROS_PYTHON_VERSION': '3', 'PS1': '(venv) \\[\\e]0;\\u@\\h: \\w\\a\\]${debian_chroot:+($debian_chroot)}\\u@\\h:\\w\\$', 'DBUS_SESSION_BUS_ADDRESS': 'unix:path=/run/user/1000/bus', 'COLCON_PREFIX_PATH': '/home/dron/Praca-magisterska/ros2_ws/install', 'ROS_DISTRO': 'humble', 'LOGNAME': 'dron', '_': '/usr/bin/colcon', 'ROS_VERSION': '2', 'XDG_SESSION_CLASS': 'user', 'TERM': 'xterm', 'XDG_SESSION_ID': '2', 'ROS_LOCALHOST_ONLY': '0', 'PATH': '/opt/ros/humble/bin:/home/rosbot/ros2_ws/venv/bin:/usr/local/sbin:/usr/local/bin:/usr/sbin:/usr/bin:/sbin:/bin:/usr/games:/usr/local/games:/snap/bin', 'XDG_RUNTIME_DIR': '/run/user/1000', 'LANG': 'C.UTF-8', 'VIRTUAL_ENV_PROMPT': '(venv)', 'LS_COLORS': 'rs=0:di=01;34:ln=01;36:mh=00:pi=40;33:so=01;35:do=01;35:bd=40;33;01:cd=40;33;01:or=40;31;01:mi=00:su=37;41:sg=30;43:ca=30;41:tw=30;42:ow=34;42:st=37;44:ex=01;32:*.tar=01;31:*.tgz=01;31:*.arc=01;31:*.arj=01;31:*.taz=01;31:*.lha=01;31:*.lz4=01;31:*.lzh=01;31:*.lzma=01;31:*.tlz=01;31:*.txz=01;31:*.tzo=01;31:*.t7z=01;31:*.zip=01;31:*.z=01;31:*.dz=01;31:*.gz=01;31:*.lrz=01;31:*.lz=01;31:*.lzo=01;31:*.xz=01;31:*.zst=01;31:*.tzst=01;31:*.bz2=01;31:*.bz=01;31:*.tbz=01;31:*.tbz2=01;31:*.tz=01;31:*.deb=01;31:*.rpm=01;31:*.jar=01;31:*.war=01;31:*.ear=01;31:*.sar=01;31:*.rar=01;31:*.alz=01;31:*.ace=01;31:*.zoo=01;31:*.cpio=01;31:*.7z=01;31:*.rz=01;31:*.cab=01;31:*.wim=01;31:*.swm=01;31:*.dwm=01;31:*.esd=01;31:*.jpg=01;35:*.jpeg=01;35:*.mjpg=01;35:*.mjpeg=01;35:*.gif=01;35:*.bmp=01;35:*.pbm=01;35:*.pgm=01;35:*.ppm=01;35:*.tga=01;35:*.xbm=01;35:*.xpm=01;35:*.tif=01;35:*.tiff=01;35:*.png=01;35:*.svg=01;35:*.svgz=01;35:*.mng=01;35:*.pcx=01;35:*.mov=01;35:*.mpg=01;35:*.mpeg=01;35:*.m2v=01;35:*.mkv=01;35:*.webm=01;35:*.webp=01;35:*.ogm=01;35:*.mp4=01;35:*.m4v=01;35:*.mp4v=01;35:*.vob=01;35:*.qt=01;35:*.nuv=01;35:*.wmv=01;35:*.asf=01;35:*.rm=01;35:*.rmvb=01;35:*.flc=01;35:*.avi=01;35:*.fli=01;35:*.flv=01;35:*.gl=01;35:*.dl=01;35:*.xcf=01;35:*.xwd=01;35:*.yuv=01;35:*.cgm=01;35:*.emf=01;35:*.ogv=01;35:*.ogx=01;35:*.aac=00;36:*.au=00;36:*.flac=00;36:*.m4a=00;36:*.mid=00;36:*.midi=00;36:*.mka=00;36:*.mp3=00;36:*.mpc=00;36:*.ogg=00;36:*.ra=00;36:*.wav=00;36:*.oga=00;36:*.opus=00;36:*.spx=00;36:*.xspf=00;36:', 'AMENT_PREFIX_PATH': '/home/dron/Praca-magisterska/ros2_ws/install/um7_pkg:/home/dron/Praca-magisterska/ros2_ws/install/my_py_pkg:/home/dron/Praca-magisterska/ros2_ws/install/my_cpp_pkg:/home/dron/Praca-magisterska/ros2_ws/install/log_data_pkg:/home/dron/Praca-magisterska/ros2_ws/install/flight_controller_pkg:/home/dron/Praca-magisterska/ros2_ws/install/flask_pkg:/home/dron/Praca-magisterska/ros2_ws/install/estimator_pkg:/home/dron/Praca-magisterska/ros2_ws/install/custom_msgs:/opt/ros/humble', 'SHELL': '/bin/bash', 'LESSCLOSE': '/usr/bin/lesspipe %s %s', 'VIRTUAL_ENV': '/home/rosbot/ros2_ws/venv', 'PWD': '/home/dron/Praca-magisterska/ros2_ws/build/gs_pkg', 'SSH_CONNECTION': 'fe80::73bc:b5b3:a668:f352%wlan0 57528 fe80::da3a:ddff:fe3f:f331%wlan0 22', 'XDG_DATA_DIRS': '/usr/local/share:/usr/share:/var/lib/snapd/desktop', 'PYTHONPATH': '/home/dron/Praca-magisterska/ros2_ws/build/gs_pkg/prefix_override:/usr/lib/python3/dist-packages/colcon_core/task/python/colcon_distutils_commands:/home/dron/Praca-magisterska/ros2_ws/install/gs_pkg/lib/python3.10/site-packages:/home/dron/Praca-magisterska/ros2_ws/install/um7_pkg/lib/python3.10/site-packages:/home/dron/Praca-magisterska/ros2_ws/install/my_py_pkg/lib/python3.10/site-packages:/home/dron/Praca-magisterska/ros2_ws/install/log_data_pkg/lib/python3.10/site-packages:/home/dron/Praca-magisterska/ros2_ws/install/flight_controller_pkg/lib/python3.10/site-packages:/home/dron/Praca-magisterska/ros2_ws/install/flask_pkg/lib/python3.10/site-packages:/home/dron/Praca-magisterska/ros2_ws/install/estimator_pkg/lib/python3.10/site-packages:/home/dron/Praca-magisterska/ros2_ws/install/custom_msgs/local/lib/python3.10/dist-packages:/opt/ros/humble/lib/python3.10/site-packages:/opt/ros/humble/local/lib/python3.10/dist-packages::/home/dron/Praca-magisterska/ros2_ws/venv/lib/python3.12/site-packages', 'COLCON': '1', 'CMAKE_PREFIX_PATH': '/home/dron/Praca-magisterska/ros2_ws/install/custom_msgs:/home/dron/Praca-magisterska/ros2_ws/install/my_cpp_pkg'}, 'shell': False}
[14.543568] (-) TimerEvent: {}
[14.644510] (-) TimerEvent: {}
[14.746143] (-) TimerEvent: {}
[14.848598] (-) TimerEvent: {}
[14.950309] (-) TimerEvent: {}
[15.052501] (-) TimerEvent: {}
[15.154406] (-) TimerEvent: {}
[15.256259] (-) TimerEvent: {}
[15.358366] (-) TimerEvent: {}
[15.460117] (-) TimerEvent: {}
[15.561787] (-) TimerEvent: {}
[15.664150] (-) TimerEvent: {}
[15.766875] (-) TimerEvent: {}
[15.805632] (gs_pkg) StdoutLine: {'line': b'running egg_info\n'}
[15.808427] (gs_pkg) StdoutLine: {'line': b'creating ../../build/gs_pkg/gs_pkg.egg-info\n'}
[15.810329] (gs_pkg) StdoutLine: {'line': b'writing ../../build/gs_pkg/gs_pkg.egg-info/PKG-INFO\n'}
[15.812751] (gs_pkg) StdoutLine: {'line': b'writing dependency_links to ../../build/gs_pkg/gs_pkg.egg-info/dependency_links.txt\n'}
[15.814537] (gs_pkg) StdoutLine: {'line': b'writing entry points to ../../build/gs_pkg/gs_pkg.egg-info/entry_points.txt\n'}
[15.816181] (gs_pkg) StdoutLine: {'line': b'writing requirements to ../../build/gs_pkg/gs_pkg.egg-info/requires.txt\n'}
[15.817797] (gs_pkg) StdoutLine: {'line': b'writing top-level names to ../../build/gs_pkg/gs_pkg.egg-info/top_level.txt\n'}
[15.820124] (gs_pkg) StdoutLine: {'line': b"writing manifest file '../../build/gs_pkg/gs_pkg.egg-info/SOURCES.txt'\n"}
[15.829281] (gs_pkg) StdoutLine: {'line': b"reading manifest file '../../build/gs_pkg/gs_pkg.egg-info/SOURCES.txt'\n"}
[15.834806] (gs_pkg) StdoutLine: {'line': b"writing manifest file '../../build/gs_pkg/gs_pkg.egg-info/SOURCES.txt'\n"}
[15.836310] (gs_pkg) StdoutLine: {'line': b'running build\n'}
[15.836978] (gs_pkg) StdoutLine: {'line': b'running build_py\n'}
[15.838921] (gs_pkg) StdoutLine: {'line': b'creating /home/dron/Praca-magisterska/ros2_ws/build/gs_pkg/build\n'}
[15.840625] (gs_pkg) StdoutLine: {'line': b'creating /home/dron/Praca-magisterska/ros2_ws/build/gs_pkg/build/lib\n'}
[15.841823] (gs_pkg) StdoutLine: {'line': b'creating /home/dron/Praca-magisterska/ros2_ws/build/gs_pkg/build/lib/gs_pkg\n'}
[15.843413] (gs_pkg) StdoutLine: {'line': b'copying gs_pkg/__init__.py -> /home/dron/Praca-magisterska/ros2_ws/build/gs_pkg/build/lib/gs_pkg\n'}
[15.845412] (gs_pkg) StdoutLine: {'line': b'copying gs_pkg/flask_server.py -> /home/dron/Praca-magisterska/ros2_ws/build/gs_pkg/build/lib/gs_pkg\n'}
[15.847643] (gs_pkg) StdoutLine: {'line': b'copying gs_pkg/flask_server_old.py -> /home/dron/Praca-magisterska/ros2_ws/build/gs_pkg/build/lib/gs_pkg\n'}
[15.849441] (gs_pkg) StdoutLine: {'line': b'copying gs_pkg/flask_server copy.py -> /home/dron/Praca-magisterska/ros2_ws/build/gs_pkg/build/lib/gs_pkg\n'}
[15.852030] (gs_pkg) StdoutLine: {'line': b'running install\n'}
[15.854612] (gs_pkg) StdoutLine: {'line': b'running install_lib\n'}
[15.859378] (gs_pkg) StdoutLine: {'line': b'creating /home/dron/Praca-magisterska/ros2_ws/install/gs_pkg/lib/python3.10/site-packages/gs_pkg\n'}
[15.861291] (gs_pkg) StdoutLine: {'line': b'copying /home/dron/Praca-magisterska/ros2_ws/build/gs_pkg/build/lib/gs_pkg/__init__.py -> /home/dron/Praca-magisterska/ros2_ws/install/gs_pkg/lib/python3.10/site-packages/gs_pkg\n'}
[15.863431] (gs_pkg) StdoutLine: {'line': b'copying /home/dron/Praca-magisterska/ros2_ws/build/gs_pkg/build/lib/gs_pkg/flask_server.py -> /home/dron/Praca-magisterska/ros2_ws/install/gs_pkg/lib/python3.10/site-packages/gs_pkg\n'}
[15.865455] (gs_pkg) StdoutLine: {'line': b'copying /home/dron/Praca-magisterska/ros2_ws/build/gs_pkg/build/lib/gs_pkg/flask_server_old.py -> /home/dron/Praca-magisterska/ros2_ws/install/gs_pkg/lib/python3.10/site-packages/gs_pkg\n'}
[15.867136] (-) TimerEvent: {}
[15.868334] (gs_pkg) StdoutLine: {'line': b'copying /home/dron/Praca-magisterska/ros2_ws/build/gs_pkg/build/lib/gs_pkg/flask_server copy.py -> /home/dron/Praca-magisterska/ros2_ws/install/gs_pkg/lib/python3.10/site-packages/gs_pkg\n'}
[15.872671] (gs_pkg) StdoutLine: {'line': b'byte-compiling /home/dron/Praca-magisterska/ros2_ws/install/gs_pkg/lib/python3.10/site-packages/gs_pkg/__init__.py to __init__.cpython-310.pyc\n'}
[15.874604] (gs_pkg) StdoutLine: {'line': b'byte-compiling /home/dron/Praca-magisterska/ros2_ws/install/gs_pkg/lib/python3.10/site-packages/gs_pkg/flask_server.py to flask_server.cpython-310.pyc\n'}
[15.882145] (gs_pkg) StdoutLine: {'line': b'byte-compiling /home/dron/Praca-magisterska/ros2_ws/install/gs_pkg/lib/python3.10/site-packages/gs_pkg/flask_server_old.py to flask_server_old.cpython-310.pyc\n'}
[15.886606] (gs_pkg) StdoutLine: {'line': b'byte-compiling /home/dron/Praca-magisterska/ros2_ws/install/gs_pkg/lib/python3.10/site-packages/gs_pkg/flask_server copy.py to flask_server copy.cpython-310.pyc\n'}
[15.889516] (gs_pkg) StdoutLine: {'line': b'running install_data\n'}
[15.891787] (gs_pkg) StdoutLine: {'line': b'creating /home/dron/Praca-magisterska/ros2_ws/install/gs_pkg/share/ament_index\n'}
[15.892461] (gs_pkg) StdoutLine: {'line': b'creating /home/dron/Praca-magisterska/ros2_ws/install/gs_pkg/share/ament_index/resource_index\n'}
[15.893240] (gs_pkg) StdoutLine: {'line': b'creating /home/dron/Praca-magisterska/ros2_ws/install/gs_pkg/share/ament_index/resource_index/packages\n'}
[15.894120] (gs_pkg) StdoutLine: {'line': b'copying resource/gs_pkg -> /home/dron/Praca-magisterska/ros2_ws/install/gs_pkg/share/ament_index/resource_index/packages\n'}
[15.894689] (gs_pkg) StdoutLine: {'line': b'copying package.xml -> /home/dron/Praca-magisterska/ros2_ws/install/gs_pkg/share/gs_pkg\n'}
[15.895424] (gs_pkg) StdoutLine: {'line': b'running install_egg_info\n'}
[15.906550] (gs_pkg) StdoutLine: {'line': b'Copying ../../build/gs_pkg/gs_pkg.egg-info to /home/dron/Praca-magisterska/ros2_ws/install/gs_pkg/lib/python3.10/site-packages/gs_pkg-0.0.0-py3.10.egg-info\n'}
[15.916202] (gs_pkg) StdoutLine: {'line': b'running install_scripts\n'}
[15.967367] (-) TimerEvent: {}
[16.015986] (gs_pkg) StdoutLine: {'line': b'Installing flask_server script to /home/dron/Praca-magisterska/ros2_ws/install/gs_pkg/lib/gs_pkg\n'}
[16.018071] (gs_pkg) StdoutLine: {'line': b"writing list of installed files to '/home/dron/Praca-magisterska/ros2_ws/build/gs_pkg/install.log'\n"}
[16.067605] (-) TimerEvent: {}
[16.157300] (gs_pkg) CommandEnded: {'returncode': 0}
[16.167756] (-) TimerEvent: {}
[16.200077] (gs_pkg) JobEnded: {'identifier': 'gs_pkg', 'rc': 0}
[16.268119] (-) TimerEvent: {}
[16.369772] (-) TimerEvent: {}
[16.428839] (um7_pkg) Command: {'cmd': ['/usr/bin/python3', '-W', 'ignore:setup.py install is deprecated', '-W', 'ignore:easy_install command is deprecated', 'setup.py', 'egg_info', '--egg-base', '../../build/um7_pkg', 'build', '--build-base', '/home/dron/Praca-magisterska/ros2_ws/build/um7_pkg/build', 'install', '--record', '/home/dron/Praca-magisterska/ros2_ws/build/um7_pkg/install.log', '--single-version-externally-managed', 'install_data'], 'cwd': '/home/dron/Praca-magisterska/ros2_ws/src/um7_pkg', 'env': {'LESSOPEN': '| /usr/bin/lesspipe %s', 'USER': 'dron', 'SSH_CLIENT': 'fe80::73bc:b5b3:a668:f352%wlan0 57528 22', 'XDG_SESSION_TYPE': 'tty', 'SHLVL': '1', 'LD_LIBRARY_PATH': '/home/dron/Praca-magisterska/ros2_ws/install/custom_msgs/lib:/opt/ros/humble/lib/aarch64-linux-gnu:/opt/ros/humble/lib', 'MOTD_SHOWN': 'pam', 'HOME': '/home/dron', 'OLDPWD': '/home/dron', 'SSH_TTY': '/dev/pts/0', 'ROS_PYTHON_VERSION': '3', 'PS1': '(venv) \\[\\e]0;\\u@\\h: \\w\\a\\]${debian_chroot:+($debian_chroot)}\\u@\\h:\\w\\$', 'DBUS_SESSION_BUS_ADDRESS': 'unix:path=/run/user/1000/bus', 'COLCON_PREFIX_PATH': '/home/dron/Praca-magisterska/ros2_ws/install', 'ROS_DISTRO': 'humble', 'LOGNAME': 'dron', '_': '/usr/bin/colcon', 'ROS_VERSION': '2', 'XDG_SESSION_CLASS': 'user', 'TERM': 'xterm', 'XDG_SESSION_ID': '2', 'ROS_LOCALHOST_ONLY': '0', 'PATH': '/opt/ros/humble/bin:/home/rosbot/ros2_ws/venv/bin:/usr/local/sbin:/usr/local/bin:/usr/sbin:/usr/bin:/sbin:/bin:/usr/games:/usr/local/games:/snap/bin', 'XDG_RUNTIME_DIR': '/run/user/1000', 'LANG': 'C.UTF-8', 'VIRTUAL_ENV_PROMPT': '(venv)', 'LS_COLORS': 'rs=0:di=01;34:ln=01;36:mh=00:pi=40;33:so=01;35:do=01;35:bd=40;33;01:cd=40;33;01:or=40;31;01:mi=00:su=37;41:sg=30;43:ca=30;41:tw=30;42:ow=34;42:st=37;44:ex=01;32:*.tar=01;31:*.tgz=01;31:*.arc=01;31:*.arj=01;31:*.taz=01;31:*.lha=01;31:*.lz4=01;31:*.lzh=01;31:*.lzma=01;31:*.tlz=01;31:*.txz=01;31:*.tzo=01;31:*.t7z=01;31:*.zip=01;31:*.z=01;31:*.dz=01;31:*.gz=01;31:*.lrz=01;31:*.lz=01;31:*.lzo=01;31:*.xz=01;31:*.zst=01;31:*.tzst=01;31:*.bz2=01;31:*.bz=01;31:*.tbz=01;31:*.tbz2=01;31:*.tz=01;31:*.deb=01;31:*.rpm=01;31:*.jar=01;31:*.war=01;31:*.ear=01;31:*.sar=01;31:*.rar=01;31:*.alz=01;31:*.ace=01;31:*.zoo=01;31:*.cpio=01;31:*.7z=01;31:*.rz=01;31:*.cab=01;31:*.wim=01;31:*.swm=01;31:*.dwm=01;31:*.esd=01;31:*.jpg=01;35:*.jpeg=01;35:*.mjpg=01;35:*.mjpeg=01;35:*.gif=01;35:*.bmp=01;35:*.pbm=01;35:*.pgm=01;35:*.ppm=01;35:*.tga=01;35:*.xbm=01;35:*.xpm=01;35:*.tif=01;35:*.tiff=01;35:*.png=01;35:*.svg=01;35:*.svgz=01;35:*.mng=01;35:*.pcx=01;35:*.mov=01;35:*.mpg=01;35:*.mpeg=01;35:*.m2v=01;35:*.mkv=01;35:*.webm=01;35:*.webp=01;35:*.ogm=01;35:*.mp4=01;35:*.m4v=01;35:*.mp4v=01;35:*.vob=01;35:*.qt=01;35:*.nuv=01;35:*.wmv=01;35:*.asf=01;35:*.rm=01;35:*.rmvb=01;35:*.flc=01;35:*.avi=01;35:*.fli=01;35:*.flv=01;35:*.gl=01;35:*.dl=01;35:*.xcf=01;35:*.xwd=01;35:*.yuv=01;35:*.cgm=01;35:*.emf=01;35:*.ogv=01;35:*.ogx=01;35:*.aac=00;36:*.au=00;36:*.flac=00;36:*.m4a=00;36:*.mid=00;36:*.midi=00;36:*.mka=00;36:*.mp3=00;36:*.mpc=00;36:*.ogg=00;36:*.ra=00;36:*.wav=00;36:*.oga=00;36:*.opus=00;36:*.spx=00;36:*.xspf=00;36:', 'AMENT_PREFIX_PATH': '/home/dron/Praca-magisterska/ros2_ws/install/um7_pkg:/home/dron/Praca-magisterska/ros2_ws/install/my_py_pkg:/home/dron/Praca-magisterska/ros2_ws/install/my_cpp_pkg:/home/dron/Praca-magisterska/ros2_ws/install/log_data_pkg:/home/dron/Praca-magisterska/ros2_ws/install/flight_controller_pkg:/home/dron/Praca-magisterska/ros2_ws/install/flask_pkg:/home/dron/Praca-magisterska/ros2_ws/install/estimator_pkg:/home/dron/Praca-magisterska/ros2_ws/install/custom_msgs:/opt/ros/humble', 'SHELL': '/bin/bash', 'LESSCLOSE': '/usr/bin/lesspipe %s %s', 'VIRTUAL_ENV': '/home/rosbot/ros2_ws/venv', 'PWD': '/home/dron/Praca-magisterska/ros2_ws/build/um7_pkg', 'SSH_CONNECTION': 'fe80::73bc:b5b3:a668:f352%wlan0 57528 fe80::da3a:ddff:fe3f:f331%wlan0 22', 'XDG_DATA_DIRS': '/usr/local/share:/usr/share:/var/lib/snapd/desktop', 'PYTHONPATH': '/home/dron/Praca-magisterska/ros2_ws/build/um7_pkg/prefix_override:/usr/lib/python3/dist-packages/colcon_core/task/python/colcon_distutils_commands:/home/dron/Praca-magisterska/ros2_ws/install/um7_pkg/lib/python3.10/site-packages:/home/dron/Praca-magisterska/ros2_ws/install/um7_pkg/lib/python3.10/site-packages:/home/dron/Praca-magisterska/ros2_ws/install/my_py_pkg/lib/python3.10/site-packages:/home/dron/Praca-magisterska/ros2_ws/install/log_data_pkg/lib/python3.10/site-packages:/home/dron/Praca-magisterska/ros2_ws/install/flight_controller_pkg/lib/python3.10/site-packages:/home/dron/Praca-magisterska/ros2_ws/install/flask_pkg/lib/python3.10/site-packages:/home/dron/Praca-magisterska/ros2_ws/install/estimator_pkg/lib/python3.10/site-packages:/home/dron/Praca-magisterska/ros2_ws/install/custom_msgs/local/lib/python3.10/dist-packages:/opt/ros/humble/lib/python3.10/site-packages:/opt/ros/humble/local/lib/python3.10/dist-packages::/home/dron/Praca-magisterska/ros2_ws/venv/lib/python3.12/site-packages', 'COLCON': '1', 'CMAKE_PREFIX_PATH': '/home/dron/Praca-magisterska/ros2_ws/install/custom_msgs:/home/dron/Praca-magisterska/ros2_ws/install/my_cpp_pkg'}, 'shell': False}
[16.461604] (log_data_pkg) Command: {'cmd': ['/usr/bin/python3', '-W', 'ignore:setup.py install is deprecated', '-W', 'ignore:easy_install command is deprecated', 'setup.py', 'egg_info', '--egg-base', '../../build/log_data_pkg', 'build', '--build-base', '/home/dron/Praca-magisterska/ros2_ws/build/log_data_pkg/build', 'install', '--record', '/home/dron/Praca-magisterska/ros2_ws/build/log_data_pkg/install.log', '--single-version-externally-managed', 'install_data'], 'cwd': '/home/dron/Praca-magisterska/ros2_ws/src/log_data_pkg', 'env': {'LESSOPEN': '| /usr/bin/lesspipe %s', 'USER': 'dron', 'SSH_CLIENT': 'fe80::73bc:b5b3:a668:f352%wlan0 57528 22', 'XDG_SESSION_TYPE': 'tty', 'SHLVL': '1', 'LD_LIBRARY_PATH': '/home/dron/Praca-magisterska/ros2_ws/install/custom_msgs/lib:/opt/ros/humble/lib/aarch64-linux-gnu:/opt/ros/humble/lib', 'MOTD_SHOWN': 'pam', 'HOME': '/home/dron', 'OLDPWD': '/home/dron', 'SSH_TTY': '/dev/pts/0', 'ROS_PYTHON_VERSION': '3', 'PS1': '(venv) \\[\\e]0;\\u@\\h: \\w\\a\\]${debian_chroot:+($debian_chroot)}\\u@\\h:\\w\\$', 'DBUS_SESSION_BUS_ADDRESS': 'unix:path=/run/user/1000/bus', 'COLCON_PREFIX_PATH': '/home/dron/Praca-magisterska/ros2_ws/install', 'ROS_DISTRO': 'humble', 'LOGNAME': 'dron', '_': '/usr/bin/colcon', 'ROS_VERSION': '2', 'XDG_SESSION_CLASS': 'user', 'TERM': 'xterm', 'XDG_SESSION_ID': '2', 'ROS_LOCALHOST_ONLY': '0', 'PATH': '/opt/ros/humble/bin:/home/rosbot/ros2_ws/venv/bin:/usr/local/sbin:/usr/local/bin:/usr/sbin:/usr/bin:/sbin:/bin:/usr/games:/usr/local/games:/snap/bin', 'XDG_RUNTIME_DIR': '/run/user/1000', 'LANG': 'C.UTF-8', 'VIRTUAL_ENV_PROMPT': '(venv)', 'LS_COLORS': 'rs=0:di=01;34:ln=01;36:mh=00:pi=40;33:so=01;35:do=01;35:bd=40;33;01:cd=40;33;01:or=40;31;01:mi=00:su=37;41:sg=30;43:ca=30;41:tw=30;42:ow=34;42:st=37;44:ex=01;32:*.tar=01;31:*.tgz=01;31:*.arc=01;31:*.arj=01;31:*.taz=01;31:*.lha=01;31:*.lz4=01;31:*.lzh=01;31:*.lzma=01;31:*.tlz=01;31:*.txz=01;31:*.tzo=01;31:*.t7z=01;31:*.zip=01;31:*.z=01;31:*.dz=01;31:*.gz=01;31:*.lrz=01;31:*.lz=01;31:*.lzo=01;31:*.xz=01;31:*.zst=01;31:*.tzst=01;31:*.bz2=01;31:*.bz=01;31:*.tbz=01;31:*.tbz2=01;31:*.tz=01;31:*.deb=01;31:*.rpm=01;31:*.jar=01;31:*.war=01;31:*.ear=01;31:*.sar=01;31:*.rar=01;31:*.alz=01;31:*.ace=01;31:*.zoo=01;31:*.cpio=01;31:*.7z=01;31:*.rz=01;31:*.cab=01;31:*.wim=01;31:*.swm=01;31:*.dwm=01;31:*.esd=01;31:*.jpg=01;35:*.jpeg=01;35:*.mjpg=01;35:*.mjpeg=01;35:*.gif=01;35:*.bmp=01;35:*.pbm=01;35:*.pgm=01;35:*.ppm=01;35:*.tga=01;35:*.xbm=01;35:*.xpm=01;35:*.tif=01;35:*.tiff=01;35:*.png=01;35:*.svg=01;35:*.svgz=01;35:*.mng=01;35:*.pcx=01;35:*.mov=01;35:*.mpg=01;35:*.mpeg=01;35:*.m2v=01;35:*.mkv=01;35:*.webm=01;35:*.webp=01;35:*.ogm=01;35:*.mp4=01;35:*.m4v=01;35:*.mp4v=01;35:*.vob=01;35:*.qt=01;35:*.nuv=01;35:*.wmv=01;35:*.asf=01;35:*.rm=01;35:*.rmvb=01;35:*.flc=01;35:*.avi=01;35:*.fli=01;35:*.flv=01;35:*.gl=01;35:*.dl=01;35:*.xcf=01;35:*.xwd=01;35:*.yuv=01;35:*.cgm=01;35:*.emf=01;35:*.ogv=01;35:*.ogx=01;35:*.aac=00;36:*.au=00;36:*.flac=00;36:*.m4a=00;36:*.mid=00;36:*.midi=00;36:*.mka=00;36:*.mp3=00;36:*.mpc=00;36:*.ogg=00;36:*.ra=00;36:*.wav=00;36:*.oga=00;36:*.opus=00;36:*.spx=00;36:*.xspf=00;36:', 'AMENT_PREFIX_PATH': '/home/dron/Praca-magisterska/ros2_ws/install/um7_pkg:/home/dron/Praca-magisterska/ros2_ws/install/my_py_pkg:/home/dron/Praca-magisterska/ros2_ws/install/my_cpp_pkg:/home/dron/Praca-magisterska/ros2_ws/install/log_data_pkg:/home/dron/Praca-magisterska/ros2_ws/install/flight_controller_pkg:/home/dron/Praca-magisterska/ros2_ws/install/flask_pkg:/home/dron/Praca-magisterska/ros2_ws/install/estimator_pkg:/home/dron/Praca-magisterska/ros2_ws/install/custom_msgs:/opt/ros/humble', 'SHELL': '/bin/bash', 'LESSCLOSE': '/usr/bin/lesspipe %s %s', 'VIRTUAL_ENV': '/home/rosbot/ros2_ws/venv', 'PWD': '/home/dron/Praca-magisterska/ros2_ws/build/log_data_pkg', 'SSH_CONNECTION': 'fe80::73bc:b5b3:a668:f352%wlan0 57528 fe80::da3a:ddff:fe3f:f331%wlan0 22', 'XDG_DATA_DIRS': '/usr/local/share:/usr/share:/var/lib/snapd/desktop', 'PYTHONPATH': '/home/dron/Praca-magisterska/ros2_ws/build/log_data_pkg/prefix_override:/usr/lib/python3/dist-packages/colcon_core/task/python/colcon_distutils_commands:/home/dron/Praca-magisterska/ros2_ws/install/log_data_pkg/lib/python3.10/site-packages:/home/dron/Praca-magisterska/ros2_ws/install/um7_pkg/lib/python3.10/site-packages:/home/dron/Praca-magisterska/ros2_ws/install/my_py_pkg/lib/python3.10/site-packages:/home/dron/Praca-magisterska/ros2_ws/install/log_data_pkg/lib/python3.10/site-packages:/home/dron/Praca-magisterska/ros2_ws/install/flight_controller_pkg/lib/python3.10/site-packages:/home/dron/Praca-magisterska/ros2_ws/install/flask_pkg/lib/python3.10/site-packages:/home/dron/Praca-magisterska/ros2_ws/install/estimator_pkg/lib/python3.10/site-packages:/home/dron/Praca-magisterska/ros2_ws/install/custom_msgs/local/lib/python3.10/dist-packages:/opt/ros/humble/lib/python3.10/site-packages:/opt/ros/humble/local/lib/python3.10/dist-packages::/home/dron/Praca-magisterska/ros2_ws/venv/lib/python3.12/site-packages', 'COLCON': '1', 'CMAKE_PREFIX_PATH': '/home/dron/Praca-magisterska/ros2_ws/install/custom_msgs:/home/dron/Praca-magisterska/ros2_ws/install/my_cpp_pkg'}, 'shell': False}
[16.470034] (-) TimerEvent: {}
[16.571694] (-) TimerEvent: {}
[16.673040] (-) TimerEvent: {}
[16.774387] (-) TimerEvent: {}
[16.875658] (-) TimerEvent: {}
[16.976939] (-) TimerEvent: {}
[17.077764] (-) TimerEvent: {}
[17.178588] (-) TimerEvent: {}
[17.279623] (-) TimerEvent: {}
[17.380336] (-) TimerEvent: {}
[17.481719] (-) TimerEvent: {}
[17.580274] (um7_pkg) StdoutLine: {'line': b'running egg_info\n'}
[17.581876] (-) TimerEvent: {}
[17.583358] (um7_pkg) StdoutLine: {'line': b'writing ../../build/um7_pkg/um7_pkg.egg-info/PKG-INFO\n'}
[17.584734] (um7_pkg) StdoutLine: {'line': b'writing dependency_links to ../../build/um7_pkg/um7_pkg.egg-info/dependency_links.txt\n'}
[17.585833] (um7_pkg) StdoutLine: {'line': b'writing entry points to ../../build/um7_pkg/um7_pkg.egg-info/entry_points.txt\n'}
[17.586822] (um7_pkg) StdoutLine: {'line': b'writing requirements to ../../build/um7_pkg/um7_pkg.egg-info/requires.txt\n'}
[17.587707] (um7_pkg) StdoutLine: {'line': b'writing top-level names to ../../build/um7_pkg/um7_pkg.egg-info/top_level.txt\n'}
[17.596319] (um7_pkg) StdoutLine: {'line': b"reading manifest file '../../build/um7_pkg/um7_pkg.egg-info/SOURCES.txt'\n"}
[17.600386] (um7_pkg) StdoutLine: {'line': b"writing manifest file '../../build/um7_pkg/um7_pkg.egg-info/SOURCES.txt'\n"}
[17.601160] (um7_pkg) StdoutLine: {'line': b'running build\n'}
[17.601684] (um7_pkg) StdoutLine: {'line': b'running build_py\n'}
[17.602968] (um7_pkg) StdoutLine: {'line': b'running install\n'}
[17.604297] (um7_pkg) StdoutLine: {'line': b'running install_lib\n'}
[17.610244] (um7_pkg) StdoutLine: {'line': b'running install_data\n'}
[17.611060] (um7_pkg) StdoutLine: {'line': b'running install_egg_info\n'}
[17.612927] (log_data_pkg) StdoutLine: {'line': b'running egg_info\n'}
[17.616372] (log_data_pkg) StdoutLine: {'line': b'writing ../../build/log_data_pkg/log_data_pkg.egg-info/PKG-INFO\n'}
[17.621207] (log_data_pkg) StdoutLine: {'line': b'writing dependency_links to ../../build/log_data_pkg/log_data_pkg.egg-info/dependency_links.txt\n'}
[17.622347] (log_data_pkg) StdoutLine: {'line': b'writing entry points to ../../build/log_data_pkg/log_data_pkg.egg-info/entry_points.txt\n'}
[17.624178] (um7_pkg) StdoutLine: {'line': b"removing '/home/dron/Praca-magisterska/ros2_ws/install/um7_pkg/lib/python3.10/site-packages/um7_pkg-0.0.0-py3.10.egg-info' (and everything under it)\n"}
[17.624707] (log_data_pkg) StdoutLine: {'line': b'writing requirements to ../../build/log_data_pkg/log_data_pkg.egg-info/requires.txt\n'}
[17.626149] (log_data_pkg) StdoutLine: {'line': b'writing top-level names to ../../build/log_data_pkg/log_data_pkg.egg-info/top_level.txt\n'}
[17.626909] (um7_pkg) StdoutLine: {'line': b'Copying ../../build/um7_pkg/um7_pkg.egg-info to /home/dron/Praca-magisterska/ros2_ws/install/um7_pkg/lib/python3.10/site-packages/um7_pkg-0.0.0-py3.10.egg-info\n'}
[17.632136] (um7_pkg) StdoutLine: {'line': b'running install_scripts\n'}
[17.632910] (log_data_pkg) StdoutLine: {'line': b"reading manifest file '../../build/log_data_pkg/log_data_pkg.egg-info/SOURCES.txt'\n"}
[17.636982] (log_data_pkg) StdoutLine: {'line': b"writing manifest file '../../build/log_data_pkg/log_data_pkg.egg-info/SOURCES.txt'\n"}
[17.637719] (log_data_pkg) StdoutLine: {'line': b'running build\n'}
[17.638359] (log_data_pkg) StdoutLine: {'line': b'running build_py\n'}
[17.639592] (log_data_pkg) StdoutLine: {'line': b'running install\n'}
[17.640901] (log_data_pkg) StdoutLine: {'line': b'running install_lib\n'}
[17.647222] (log_data_pkg) StdoutLine: {'line': b'running install_data\n'}
[17.647927] (log_data_pkg) StdoutLine: {'line': b'running install_egg_info\n'}
[17.656067] (log_data_pkg) StdoutLine: {'line': b"removing '/home/dron/Praca-magisterska/ros2_ws/install/log_data_pkg/lib/python3.10/site-packages/log_data_pkg-0.0.0-py3.10.egg-info' (and everything under it)\n"}
[17.658222] (log_data_pkg) StdoutLine: {'line': b'Copying ../../build/log_data_pkg/log_data_pkg.egg-info to /home/dron/Praca-magisterska/ros2_ws/install/log_data_pkg/lib/python3.10/site-packages/log_data_pkg-0.0.0-py3.10.egg-info\n'}
[17.666839] (log_data_pkg) StdoutLine: {'line': b'running install_scripts\n'}
[17.682039] (-) TimerEvent: {}
[17.725690] (um7_pkg) StdoutLine: {'line': b'Installing imu_reader script to /home/dron/Praca-magisterska/ros2_ws/install/um7_pkg/lib/um7_pkg\n'}
[17.727778] (um7_pkg) StdoutLine: {'line': b"writing list of installed files to '/home/dron/Praca-magisterska/ros2_ws/build/um7_pkg/install.log'\n"}
[17.774247] (log_data_pkg) StdoutLine: {'line': b'Installing data_collector script to /home/dron/Praca-magisterska/ros2_ws/install/log_data_pkg/lib/log_data_pkg\n'}
[17.777361] (log_data_pkg) StdoutLine: {'line': b"writing list of installed files to '/home/dron/Praca-magisterska/ros2_ws/build/log_data_pkg/install.log'\n"}
[17.782436] (-) TimerEvent: {}
[17.880429] (um7_pkg) CommandEnded: {'returncode': 0}
[17.883762] (-) TimerEvent: {}
[17.931122] (um7_pkg) JobEnded: {'identifier': 'um7_pkg', 'rc': 0}
[17.937434] (log_data_pkg) CommandEnded: {'returncode': 0}
[17.969287] (log_data_pkg) JobEnded: {'identifier': 'log_data_pkg', 'rc': 0}
[17.972493] (-) EventReactorShutdown: {}
